amount,transaction_type_code,hour_of_day,day_of_week,velocity_count_10m,velocity_amount_10m,amount_to_velocity_ratio,is_high_risk_merchant,is_anomaly
131.03,0,18,0,1,131.03,1.0,0,0
265.79,2,15,5,1,265.79,1.0,0,0
107.04,1,21,4,2,182.37,0.5869,0,0
1066.37,1,12,1,1,1066.37,1.0,0,0
92.21,3,6,5,2,158.8,0.5806,0,0
94.63,0,13,0,2,197.45,0.4793,0,0
1225.51,0,19,5,1,1225.51,1.0,0,0
474.35,0,15,3,1,474.35,1.0,0,0
57.9,1,23,0,1,57.9,1.0,0,0
231.61,2,14,1,1,231.61,1.0,0,0
121.18,1,16,1,1,121.18,1.0,0,0
104.25,0,19,6,1,104.25,1.0,0,0
778.61,3,11,1,2,1396.53,0.5575,0,0
40.99,1,11,1,1,40.99,1.0,0,0
1097.99,0,16,4,1,1097.99,1.0,0,0
366.7,1,13,6,2,720.78,0.5088,0,0
49.76,0,15,0,2,98.58,0.5047,0,0
372.53,3,17,6,1,372.53,1.0,0,0
478.77,1,12,3,1,478.77,1.0,0,0
273.25,1,10,2,1,273.25,1.0,0,0
206.5,0,19,6,1,206.5,1.0,0,0
1015.93,1,9,4,1,1015.93,1.0,0,0
170.5,1,15,5,1,170.5,1.0,0,0
1905.85,1,16,5,1,1905.85,1.0,1,0
49565.93,3,17,1,3,162350.93,0.3053,1,1
598.95,1,15,6,2,1068.45,0.5606,0,0
107.33,3,12,6,2,196.01,0.5476,0,0
88.79,1,14,3,2,194.57,0.4563,0,0
127.85,0,14,0,2,251.98,0.5074,0,0
112.23,2,12,5,1,112.23,1.0,0,0
186.63,1,10,2,1,186.63,1.0,0,0
387.37,0,7,4,1,387.37,1.0,0,0
9640.78,2,19,2,14,112243.59,0.0859,0,1
27742.47,0,2,3,7,155735.97,0.1781,1,1
458.88,1,15,6,1,458.88,1.0,0,0
136.11,1,14,1,2,268.14,0.5076,0,0
1867.46,2,8,1,1,1867.46,1.0,0,0
232.15,2,12,2,2,510.58,0.4547,0,0
45056.8,0,3,6,3,135170.41,0.3333,1,1
1145.38,1,14,5,2,2346.96,0.488,0,0
988.4,1,16,1,2,1896.47,0.5212,0,0
509.1,1,19,0,1,509.1,1.0,0,0
376.46,1,9,4,1,376.46,1.0,0,0
540.96,1,21,0,1,540.96,1.0,0,0
1536.69,2,16,2,1,1536.69,1.0,0,0
49.66,0,17,3,2,95.64,0.5192,0,0
422.46,2,11,2,2,822.5,0.5136,0,0
73.74,1,7,6,1,73.74,1.0,0,0
422.7,0,17,0,1,422.7,1.0,0,0
383.68,0,13,5,2,659.87,0.5815,0,0
1285.49,0,18,4,1,1285.49,1.0,0,0
121.72,1,9,0,1,121.72,1.0,0,0
163.5,1,11,6,1,163.5,1.0,0,0
138.7,1,12,5,1,138.7,1.0,0,0
248.27,1,13,6,3,632.74,0.3924,0,0
69.49,2,17,5,1,69.49,1.0,0,0
411.44,1,13,5,1,411.44,1.0,0,0
209.21,3,17,3,1,209.21,1.0,0,0
223.78,1,15,0,1,223.78,1.0,0,0
2375.57,1,15,1,3,7515.78,0.3161,0,0
121.63,2,13,2,1,121.63,1.0,0,0
314.28,3,20,1,1,314.28,1.0,0,0
748.13,2,7,3,1,748.13,1.0,0,0
74.91,1,12,2,1,74.91,1.0,0,0
209.66,1,17,6,1,209.66,1.0,0,0
246.0,0,17,5,1,246.0,1.0,0,0
172.75,0,8,6,3,416.27,0.415,0,0
248.12,1,14,1,1,248.12,1.0,0,0
280.56,0,15,1,2,578.79,0.4847,0,0
313.28,2,16,4,1,313.28,1.0,0,0
283.53,1,12,6,1,283.53,1.0,0,0
74.01,1,12,1,1,74.01,1.0,0,0
1598.54,0,15,2,1,1598.54,1.0,0,0
328.98,0,12,2,2,715.86,0.4596,0,0
118.0,1,10,5,1,118.0,1.0,0,0
336.67,3,11,5,1,336.67,1.0,0,0
493.57,0,10,5,2,839.42,0.588,0,0
645.36,1,14,3,1,645.36,1.0,0,0
168.78,3,13,2,1,168.78,1.0,0,0
204.8,2,11,0,2,359.76,0.5693,0,0
178.9,3,9,6,3,583.65,0.3065,0,0
54.71,0,19,2,1,54.71,1.0,0,0
2580.71,0,15,6,1,2580.71,1.0,0,0
416.6,0,13,2,1,416.6,1.0,1,0
206.35,1,15,2,1,206.35,1.0,0,0
863.45,1,23,4,1,863.45,1.0,0,0
462.62,1,7,0,1,462.62,1.0,0,0
336.77,0,14,5,3,1143.63,0.2945,0,0
46469.86,2,14,5,7,322184.26,0.1442,1,1
108.76,1,19,3,1,108.76,1.0,0,0
105.76,2,10,2,1,105.76,1.0,0,0
739.51,0,16,5,2,1453.88,0.5086,0,0
653.76,0,13,0,1,653.76,1.0,0,0
569.91,0,18,6,1,569.91,1.0,0,0
174.93,2,14,3,1,174.93,1.0,0,0
186.67,2,17,4,3,623.71,0.2993,0,0
1264.79,2,11,0,2,2305.51,0.5486,0,0
309.92,3,17,2,1,309.92,1.0,0,0
567.83,1,16,6,1,567.83,1.0,0,0
179.59,0,17,6,1,179.59,1.0,0,0
169.78,1,19,6,1,169.78,1.0,0,0
121.67,0,18,3,1,121.67,1.0,0,0
2534.74,0,12,3,1,2534.74,1.0,0,0
93.46,2,12,4,1,93.46,1.0,0,0
154.67,1,14,1,1,154.67,1.0,0,0
4469.66,0,8,2,3,14618.31,0.3058,0,0
383.11,1,16,3,1,383.11,1.0,0,0
1571.04,1,10,1,2,2697.36,0.5824,0,0
691.77,0,14,2,1,691.77,1.0,0,0
3680.29,1,9,3,1,3680.29,1.0,0,0
316.05,1,13,5,1,316.05,1.0,0,0
134.82,0,16,0,1,134.82,1.0,0,0
173.55,0,15,0,1,173.55,1.0,0,0
88.18,1,15,4,1,88.18,1.0,0,0
247.58,1,10,6,2,426.07,0.5811,0,0
2745.74,1,15,2,3,7352.47,0.3734,0,0
261.82,1,11,0,1,261.82,1.0,0,0
268.97,0,17,2,1,268.97,1.0,0,0
101.81,1,14,3,1,101.81,1.0,0,0
455.59,1,15,1,1,455.59,1.0,0,0
53.8,3,17,2,2,102.74,0.5236,0,0
369.14,1,15,3,2,646.44,0.571,0,0
12083.66,2,8,6,7,70523.34,0.1713,0,1
207.8,1,7,3,1,207.8,1.0,0,0
841.55,0,15,0,2,1750.63,0.4807,0,0
42.58,1,10,6,1,42.58,1.0,0,0
268.45,1,14,1,1,268.45,1.0,0,0
46696.82,2,13,2,4,202948.18,0.2301,0,1
568.6,0,10,2,1,568.6,1.0,0,0
320.69,1,11,0,1,320.69,1.0,0,0
43.06,3,10,5,1,43.06,1.0,0,0
279.16,3,8,6,1,279.16,1.0,0,0
1334.87,2,18,5,2,2600.63,0.5133,0,0
352.32,0,18,0,1,352.32,1.0,0,0
131.89,0,20,6,1,131.89,1.0,0,0
127.48,0,20,5,1,127.48,1.0,0,0
83.28,0,18,4,1,83.28,1.0,0,0
368.61,0,13,6,1,368.61,1.0,0,0
236.13,1,9,3,1,236.13,1.0,0,0
325.65,3,19,4,2,648.36,0.5023,0,0
84.6,3,12,4,3,271.43,0.3117,0,0
838.81,3,20,3,1,838.81,1.0,0,0
117378.38,2,3,0,3,352135.15,0.3333,1,1
337.32,2,12,0,1,337.32,1.0,0,0
85.59,1,0,6,2,149.57,0.5723,0,0
607.38,1,6,5,2,1173.5,0.5176,0,0
275.65,1,10,6,2,509.2,0.5413,0,0
466.39,1,15,2,1,466.39,1.0,0,0
281.93,2,5,1,1,281.93,1.0,0,0
358.26,1,11,6,1,358.26,1.0,0,0
251.65,2,12,2,1,251.65,1.0,0,0
85.81,1,13,1,1,85.81,1.0,0,0
284.72,2,15,3,3,861.68,0.3304,0,0
259085.9,0,3,5,3,777257.69,0.3333,0,1
471.36,0,12,0,1,471.36,1.0,0,0
240.62,1,20,6,1,240.62,1.0,0,0
126.19,1,14,4,1,126.19,1.0,0,0
131.52,1,18,0,2,261.12,0.5037,0,0
206.68,1,11,5,1,206.68,1.0,0,0
108.53,1,12,4,1,108.53,1.0,0,0
184.99,1,16,4,1,184.99,1.0,0,0
315.83,0,2,0,3,900.16,0.3509,0,0
253.55,0,13,3,1,253.55,1.0,0,0
191.73,0,14,5,1,191.73,1.0,0,0
86.86,1,19,3,1,86.86,1.0,0,0
941.36,0,20,3,1,941.36,1.0,0,0
273.05,1,15,3,1,273.05,1.0,0,0
61.16,1,17,0,1,61.16,1.0,0,0
186.72,0,11,6,1,186.72,1.0,0,0
151.7,1,17,2,1,151.7,1.0,0,0
280.51,1,12,5,1,280.51,1.0,0,0
244.55,1,17,1,2,482.8,0.5065,0,0
401.53,1,11,0,1,401.53,1.0,0,0
227.69,3,20,4,1,227.69,1.0,0,0
184.13,1,17,1,1,184.13,1.0,0,0
87.49,1,11,6,1,87.49,1.0,0,0
72.54,1,19,5,2,134.91,0.5377,0,0
667.46,0,16,6,2,1211.44,0.551,0,0
318.22,1,19,2,1,318.22,1.0,0,0
1072.12,1,13,2,2,1968.25,0.5447,0,0
1539.95,3,18,0,1,1539.95,1.0,0,0
408.1,1,11,0,1,408.1,1.0,0,0
269.03,0,14,1,1,269.03,1.0,0,0
167.64,1,6,3,2,362.05,0.463,0,0
104.01,2,13,4,1,104.01,1.0,0,0
505.58,2,14,5,1,505.58,1.0,0,0
85.61,0,8,4,2,146.14,0.5858,0,0
365.93,1,17,0,2,706.63,0.5179,0,0
170.41,0,8,4,1,170.41,1.0,0,0
84.47,1,18,0,1,84.47,1.0,0,0
457.18,1,13,0,1,457.18,1.0,0,0
55.86,2,11,1,1,55.86,1.0,0,0
843.07,0,9,6,1,843.07,1.0,0,0
901.74,2,15,3,1,901.74,1.0,0,0
437.84,1,14,1,1,437.84,1.0,0,0
1187.0,0,13,4,2,2417.56,0.491,0,0
16.9,2,15,2,1,16.9,1.0,0,0
272.79,1,19,2,1,272.79,1.0,0,0
79.42,1,13,6,1,79.42,1.0,0,0
334.47,3,11,5,2,597.6,0.5597,0,0
59.53,1,9,1,1,59.53,1.0,0,0
344.05,1,17,2,1,344.05,1.0,0,0
1411.84,1,15,2,2,3084.27,0.4578,0,0
431.99,0,18,4,1,431.99,1.0,0,0
455.03,1,15,0,1,455.03,1.0,0,0
290.91,1,18,5,1,290.91,1.0,0,0
338.32,1,9,0,2,605.33,0.5589,0,0
356.12,1,17,3,1,356.12,1.0,0,0
531.25,0,23,3,2,940.05,0.5651,0,0
363.96,1,11,5,2,662.63,0.5493,0,0
355.07,1,13,3,1,355.07,1.0,0,0
557.66,0,17,2,2,991.76,0.5623,0,0
502.25,1,13,3,2,955.77,0.5255,0,0
236.08,1,23,3,1,236.08,1.0,0,0
17.95,0,13,4,1,17.95,1.0,1,0
81.4,1,13,1,1,81.4,1.0,0,0
9866.25,0,17,0,14,132942.92,0.0742,1,1
108.44,1,10,4,1,108.44,1.0,0,0
149.48,1,18,6,1,149.48,1.0,0,0
343.74,3,16,2,1,343.74,1.0,0,0
788.03,1,15,2,1,788.03,1.0,0,0
202.82,1,9,0,1,202.82,1.0,0,0
283.93,2,15,2,2,621.49,0.4569,0,0
35.99,1,12,0,1,35.99,1.0,0,0
435.9,1,18,0,2,850.38,0.5126,0,0
79.45,1,16,1,1,79.45,1.0,0,0
36.24,1,8,0,1,36.24,1.0,0,0
13.99,2,14,5,2,28.51,0.4907,0,0
168.69,0,18,5,1,168.69,1.0,0,0
569.03,1,15,1,1,569.03,1.0,0,0
81.15,1,14,5,1,81.15,1.0,0,0
728.12,1,22,0,1,728.12,1.0,0,0
130.52,1,20,5,1,130.52,1.0,0,0
85.09,1,11,6,1,85.09,1.0,0,0
56.63,3,17,3,2,110.75,0.5113,0,0
639.76,0,18,5,1,639.76,1.0,0,0
156.2,1,16,2,1,156.2,1.0,0,0
191.38,1,13,0,1,191.38,1.0,0,0
719.83,1,7,2,1,719.83,1.0,0,0
19505.42,0,22,6,7,135320.35,0.1441,0,1
253.31,1,14,4,1,253.31,1.0,0,0
35.27,1,22,3,1,35.27,1.0,0,0
113.82,1,16,1,1,113.82,1.0,0,0
151.27,0,11,6,1,151.27,1.0,0,0
139.66,0,19,1,1,139.66,1.0,0,0
259.15,0,14,1,1,259.15,1.0,0,0
447.2,1,14,3,1,447.2,1.0,0,0
662.15,0,10,6,1,662.15,1.0,0,0
21.4,0,15,4,2,42.19,0.5073,0,0
1256.93,3,16,1,2,2765.21,0.4545,0,0
149.93,0,16,2,1,149.93,1.0,0,0
120.74,1,17,5,4,415.52,0.2906,0,0
418.34,2,15,6,1,418.34,1.0,0,0
340.34,2,10,4,2,707.28,0.4812,0,0
11.43,1,14,5,2,23.61,0.4842,0,0
196.18,1,11,0,1,196.18,1.0,0,0
1174.04,0,12,6,1,1174.04,1.0,0,0
237.92,2,6,3,1,237.92,1.0,0,0
546.53,0,9,2,2,1099.29,0.4972,0,0
162.12,3,13,4,1,162.12,1.0,0,0
155.16,0,10,3,1,155.16,1.0,0,0
110.6,0,19,1,1,110.6,1.0,0,0
221.83,0,15,3,1,221.83,1.0,0,0
307.78,1,8,5,2,556.82,0.5527,0,0
108.91,1,13,5,1,108.91,1.0,0,0
273.51,1,16,2,1,273.51,1.0,0,0
1504.97,1,13,0,1,1504.97,1.0,0,0
387.69,1,12,2,1,387.69,1.0,0,0
126.07,2,14,1,2,224.75,0.5609,0,0
286.3,1,12,1,1,286.3,1.0,0,0
2650.76,0,21,1,2,4962.17,0.5342,0,0
269.73,1,9,2,2,474.15,0.5689,0,0
340027.65,0,9,2,2,680055.29,0.5,1,1
261.39,1,12,5,1,261.39,1.0,0,0
370.41,0,13,0,1,370.41,1.0,0,0
585.43,0,11,5,1,585.43,1.0,0,0
239.2,1,14,6,2,450.82,0.5306,0,0
206.53,3,15,2,1,206.53,1.0,0,0
72.77,0,11,0,1,72.77,1.0,0,0
293.33,2,16,1,2,635.63,0.4615,0,0
295.79,1,15,3,1,295.79,1.0,0,0
583.3,1,16,3,1,583.3,1.0,0,0
259.37,1,14,1,1,259.37,1.0,0,0
79.62,1,8,0,1,79.62,1.0,0,0
324.75,0,11,3,1,324.75,1.0,0,0
812.19,0,9,5,1,812.19,1.0,0,0
593.93,1,13,4,2,1262.23,0.4705,0,0
178.92,0,13,4,2,373.62,0.4789,0,0
63.43,1,13,4,1,63.43,1.0,1,0
1872.58,1,18,0,1,1872.58,1.0,0,0
353.02,3,15,6,1,353.02,1.0,0,0
331.77,2,4,3,1,331.77,1.0,0,0
664.92,3,20,4,2,1179.54,0.5637,0,0
38.23,1,10,0,1,38.23,1.0,0,0
183.08,1,16,2,1,183.08,1.0,0,0
292.19,2,9,0,1,292.19,1.0,0,0
171.62,0,11,6,1,171.62,1.0,0,0
309.3,0,10,2,2,579.75,0.5335,0,0
125.07,1,18,0,1,125.07,1.0,0,0
77.54,1,18,4,1,77.54,1.0,0,0
461.81,1,10,0,1,461.81,1.0,0,0
162.87,1,15,4,2,312.6,0.521,0,0
135.37,2,14,3,2,289.09,0.4683,0,0
490.13,1,9,2,1,490.13,1.0,0,0
65.22,0,12,1,1,65.22,1.0,0,0
121.38,0,9,3,1,121.38,1.0,0,0
319.04,0,12,2,1,319.04,1.0,0,0
1544.03,1,13,6,1,1544.03,1.0,0,0
257.87,1,6,4,1,257.87,1.0,0,0
309.69,0,17,5,1,309.69,1.0,0,0
326.13,2,13,2,1,326.13,1.0,0,0
1848.46,3,9,5,1,1848.46,1.0,0,0
961.78,1,23,2,1,961.78,1.0,0,0
174285.11,0,20,5,1,174285.11,1.0,0,1
338.33,1,19,4,1,338.33,1.0,0,0
219.26,0,16,1,1,219.26,1.0,0,0
162.45,1,9,2,1,162.45,1.0,0,0
92.81,0,15,0,1,92.81,1.0,0,0
47840.67,0,9,2,7,333783.29,0.1433,0,1
64.35,3,13,4,1,64.35,1.0,0,0
13821.61,2,9,1,7,100715.49,0.1372,0,1
2758.52,1,14,0,2,5556.29,0.4965,0,0
85.86,1,17,4,1,85.86,1.0,0,0
299.12,1,9,6,3,1002.88,0.2983,1,0
727.21,1,16,3,1,727.21,1.0,0,0
162.01,3,10,2,1,162.01,1.0,0,0
130.05,2,20,6,1,130.05,1.0,0,0
142.1,0,8,1,1,142.1,1.0,0,0
356.41,1,18,3,1,356.41,1.0,0,0
652.67,1,14,1,1,652.67,1.0,0,0
180.49,3,13,1,1,180.49,1.0,0,0
184.03,2,16,5,3,586.69,0.3137,0,0
217.85,0,12,3,1,217.85,1.0,0,0
460.75,1,20,2,1,460.75,1.0,0,0
206.35,0,8,3,1,206.35,1.0,0,0
254.32,2,13,3,1,254.32,1.0,0,0
735.08,1,11,2,1,735.08,1.0,0,0
179.99,1,21,5,1,179.99,1.0,0,0
189.46,1,11,5,1,189.46,1.0,0,0
96.88,3,13,4,1,96.88,1.0,0,0
39.0,2,18,4,1,39.0,1.0,0,0
440.86,0,14,5,1,440.86,1.0,0,0
29.1,0,20,0,1,29.1,1.0,0,0
113.48,1,14,3,1,113.48,1.0,0,0
287.59,1,20,5,1,287.59,1.0,0,0
456.36,2,12,0,1,456.36,1.0,0,0
49118.23,3,11,1,6,296700.17,0.1655,0,1
34.0,1,14,5,1,34.0,1.0,0,0
554.89,1,12,1,1,554.89,1.0,0,0
153.17,1,11,3,2,293.43,0.522,0,0
281.21,2,15,6,1,281.21,1.0,1,0
305.32,0,9,1,2,583.95,0.5229,0,0
168.18,1,9,1,1,168.18,1.0,0,0
190.19,1,16,1,1,190.19,1.0,0,0
29673.83,0,8,1,7,199166.79,0.149,0,1
1378.43,0,17,0,2,2790.26,0.494,0,0
342.73,0,13,6,1,342.73,1.0,0,0
353.67,1,13,4,1,353.67,1.0,0,0
352.61,1,10,1,1,352.61,1.0,0,0
128.96,0,16,2,1,128.96,1.0,0,0
135.04,1,11,6,1,135.04,1.0,0,0
475.98,1,17,1,1,475.98,1.0,0,0
313.25,0,14,3,1,313.25,1.0,0,0
235.31,1,13,5,2,454.23,0.518,0,0
536.38,1,17,2,1,536.38,1.0,0,0
862.39,1,8,2,1,862.39,1.0,0,0
416.68,0,11,0,1,416.68,1.0,0,0
362.43,1,12,1,1,362.43,1.0,0,0
145.28,1,15,0,2,304.91,0.4765,0,0
132.03,1,18,0,1,132.03,1.0,0,0
232.62,2,14,5,1,232.62,1.0,0,0
50.12,1,18,0,2,93.08,0.5384,0,0
566.75,1,23,0,1,566.75,1.0,0,0
149.39,2,15,1,1,149.39,1.0,0,0
67.57,1,8,1,1,67.57,1.0,0,0
128.3,1,13,4,1,128.3,1.0,0,0
422.33,0,12,1,1,422.33,1.0,0,0
191.47,1,23,4,1,191.47,1.0,0,0
696.13,3,19,5,1,696.13,1.0,0,0
83.48,2,16,5,1,83.48,1.0,0,0
177.84,0,8,2,1,177.84,1.0,0,0
339.1,0,9,6,2,666.22,0.509,0,0
179.98,2,13,3,1,179.98,1.0,0,0
814.6,0,19,0,1,814.6,1.0,0,0
51.27,1,10,0,1,51.27,1.0,1,0
51.06,3,17,6,2,90.94,0.5615,0,0
113.85,2,11,4,1,113.85,1.0,0,0
181.89,0,17,6,2,334.02,0.5446,0,0
1317.63,1,11,2,1,1317.63,1.0,0,0
143.3,1,19,2,2,311.33,0.4603,0,0
26.73,0,6,6,1,26.73,1.0,0,0
360.88,0,11,6,1,360.88,1.0,0,0
125.62,0,13,3,2,244.11,0.5146,0,0
202.09,0,7,1,1,202.09,1.0,0,0
476.55,1,11,3,1,476.55,1.0,0,0
274.2,0,12,4,1,274.2,1.0,1,0
283.14,2,17,5,1,283.14,1.0,0,0
147.44,1,8,6,3,444.02,0.332,0,0
72.63,1,9,0,1,72.63,1.0,0,0
522.36,0,12,4,2,957.87,0.5453,0,0
98.21,1,12,5,3,282.87,0.3472,0,0
598.97,0,7,1,3,1590.44,0.3766,0,0
199.75,1,9,1,2,438.75,0.4553,0,0
99.73,1,11,3,1,99.73,1.0,0,0
506.17,0,17,2,1,506.17,1.0,0,0
255.75,1,12,6,1,255.75,1.0,0,0
84.4,1,14,3,1,84.4,1.0,0,0
137.29,1,7,2,1,137.29,1.0,0,0
413.31,3,15,5,1,413.31,1.0,0,0
519.25,3,14,5,2,1080.97,0.4804,0,0
49.39,2,12,1,2,84.65,0.5835,0,0
199.05,1,11,0,1,199.05,1.0,0,0
302.31,2,18,4,1,302.31,1.0,0,0
429.35,1,7,0,1,429.35,1.0,0,0
55.58,1,11,4,1,55.58,1.0,0,0
425.76,1,8,0,1,425.76,1.0,0,0
43.5,1,18,5,1,43.5,1.0,0,0
54640.73,0,0,5,2,109281.46,0.5,1,1
540.51,1,16,0,1,540.51,1.0,0,0
61.8,2,10,6,3,192.06,0.3218,0,0
49.0,1,12,3,2,100.05,0.4898,0,0
425.95,1,17,2,2,876.23,0.4861,0,0
218.16,0,12,4,1,218.16,1.0,0,0
110.77,3,11,0,2,188.86,0.5865,0,0
95.33,1,16,6,1,95.33,1.0,0,0
16873.72,0,4,0,2,33747.45,0.5,1,1
41.47,1,13,5,1,41.47,1.0,0,0
310.12,1,4,6,1,310.12,1.0,0,0
35164.6,0,3,6,2,70329.2,0.5,1,1
22.33,1,13,5,1,22.33,1.0,0,0
755.98,0,13,3,1,755.98,1.0,0,0
1020.8,1,12,6,1,1020.8,1.0,0,0
132.13,0,11,0,1,132.13,1.0,0,0
86.03,1,19,5,1,86.03,1.0,0,0
4261.76,0,10,4,1,4261.76,1.0,0,0
249.64,1,15,3,1,249.64,1.0,0,0
688.0,2,11,4,1,688.0,1.0,0,0
152.06,0,9,5,1,152.06,1.0,0,0
287.15,2,20,2,1,287.15,1.0,0,0
108.03,1,11,5,1,108.03,1.0,0,0
35.42,1,19,2,1,35.42,1.0,0,0
386.36,0,13,5,1,386.36,1.0,0,0
256.23,2,8,2,2,561.13,0.4566,0,0
1673.96,0,11,5,1,1673.96,1.0,0,0
41.39,3,13,5,1,41.39,1.0,0,0
193.17,1,19,6,2,376.12,0.5136,0,0
289.88,1,9,1,2,611.09,0.4744,0,0
125.71,1,15,6,2,244.93,0.5133,0,0
311.84,1,15,6,1,311.84,1.0,0,0
225.94,1,14,3,1,225.94,1.0,0,0
64.66,1,19,6,2,125.48,0.5153,0,0
1600.99,1,23,1,1,1600.99,1.0,0,0
102.84,1,10,2,1,102.84,1.0,0,0
203.87,3,10,0,1,203.87,1.0,0,0
67.82,1,15,5,2,125.54,0.5402,0,0
164.91,0,17,1,1,164.91,1.0,0,0
448.09,1,13,1,1,448.09,1.0,0,0
115.5,1,19,0,1,115.5,1.0,0,0
43.19,1,9,5,2,77.71,0.5558,0,0
315.1,3,13,5,1,315.1,1.0,0,0
1393.6,1,16,5,2,2617.63,0.5324,0,0
44.52,1,12,1,2,80.8,0.551,0,0
407.44,0,23,3,1,407.44,1.0,0,0
208.15,1,10,0,2,391.72,0.5314,0,0
1085.86,1,15,4,2,2306.58,0.4708,0,0
133.17,1,8,5,1,133.17,1.0,0,0
839.55,1,13,0,3,2488.72,0.3373,0,0
659.77,1,12,0,1,659.77,1.0,0,0
48267.49,0,16,5,3,137803.5,0.3503,0,1
81.83,0,8,2,1,81.83,1.0,0,0
251.72,1,15,6,2,538.37,0.4676,0,0
153.79,2,12,5,1,153.79,1.0,0,0
341.82,0,13,0,1,341.82,1.0,0,0
389.75,1,19,5,1,389.75,1.0,0,0
505.74,0,12,6,2,931.28,0.5431,0,0
533.72,3,14,1,2,978.86,0.5452,0,0
518.09,2,9,6,2,968.96,0.5347,0,0
1352.82,1,9,4,2,2894.68,0.4673,0,0
97.23,0,7,2,1,97.23,1.0,0,0
122.0,1,15,5,1,122.0,1.0,0,0
332.06,1,18,6,1,332.06,1.0,0,0
654.09,3,9,3,1,654.09,1.0,0,0
91.38,1,15,0,1,91.38,1.0,0,0
292.24,1,14,2,2,570.26,0.5125,0,0
51.23,1,11,1,1,51.23,1.0,0,0
172.68,0,16,0,4,574.11,0.3008,0,0
308.64,1,9,2,1,308.64,1.0,0,0
486.72,0,17,3,1,486.72,1.0,0,0
611.49,1,9,6,2,1274.52,0.4798,0,0
372.48,1,20,2,1,372.48,1.0,0,0
712.28,1,9,6,1,712.28,1.0,0,0
47.68,1,12,3,1,47.68,1.0,0,0
6.37,1,15,5,2,11.54,0.552,0,0
508.68,0,11,0,1,508.68,1.0,0,0
852.31,1,11,6,2,1782.48,0.4782,0,0
58.31,1,13,0,2,99.85,0.584,0,0
189.92,1,15,6,1,189.92,1.0,0,0
107.53,0,4,6,1,107.53,1.0,0,0
234.49,0,11,4,1,234.49,1.0,0,0
116.43,1,12,1,1,116.43,1.0,0,0
528.03,3,18,1,1,528.03,1.0,0,0
37.12,1,10,4,1,37.12,1.0,0,0
88.63,1,20,4,1,88.63,1.0,0,0
303.6,0,20,6,1,303.6,1.0,0,0
12.74,1,17,5,1,12.74,1.0,0,0
306.0,3,12,1,1,306.0,1.0,0,0
167.7,1,16,1,1,167.7,1.0,0,0
323.16,3,7,4,1,323.16,1.0,0,0
1823.94,1,14,3,1,1823.94,1.0,0,0
60.05,1,16,2,1,60.05,1.0,0,0
206.18,2,9,2,3,669.16,0.3081,0,0
44.19,1,14,4,2,83.11,0.5317,0,0
271.7,0,9,3,2,530.77,0.5119,0,0
526.8,0,16,6,1,526.8,1.0,0,0
175.06,1,15,1,1,175.06,1.0,0,0
901.05,0,19,3,1,901.05,1.0,0,0
47.11,1,14,6,1,47.11,1.0,0,0
57.56,1,17,3,1,57.56,1.0,0,0
246.25,0,10,5,1,246.25,1.0,0,0
1727.95,0,16,6,1,1727.95,1.0,0,0
128.67,1,12,3,2,255.48,0.5036,0,0
444.5,1,10,1,2,773.48,0.5747,0,0
452.19,0,13,6,1,452.19,1.0,0,0
696.49,1,14,5,1,696.49,1.0,0,0
104.5,3,14,0,1,104.5,1.0,0,0
789.38,0,6,3,1,789.38,1.0,0,0
110.99,3,10,4,1,110.99,1.0,0,0
194.9,2,14,3,2,382.92,0.509,0,0
175.05,3,16,1,1,175.05,1.0,0,0
170692.12,0,20,4,3,512076.37,0.3333,0,1
124.43,1,16,2,3,390.13,0.3189,0,0
685.53,3,9,4,1,685.53,1.0,0,0
121.35,3,11,3,1,121.35,1.0,0,0
285.02,1,18,1,1,285.02,1.0,0,0
897.26,0,21,4,1,897.26,1.0,0,0
87.91,1,13,4,2,175.76,0.5002,0,0
384.65,1,16,5,2,797.8,0.4821,0,0
1062.18,1,15,3,2,2183.98,0.4864,0,0
327.41,3,18,1,2,690.38,0.4742,0,0
48564.04,3,14,0,5,226225.31,0.2147,0,1
190.17,1,16,4,2,353.84,0.5375,0,0
794.87,1,15,1,1,794.87,1.0,0,0
517.61,1,13,2,1,517.61,1.0,0,0
242.81,1,13,0,1,242.81,1.0,0,0
263.4,1,6,5,1,263.4,1.0,0,0
231.38,2,15,0,1,231.38,1.0,0,0
50.3,2,13,4,1,50.3,1.0,0,0
179.91,0,9,1,1,179.91,1.0,0,0
256.29,0,10,4,1,256.29,1.0,0,0
75.44,2,17,3,1,75.44,1.0,0,0
128.07,2,17,0,1,128.07,1.0,0,0
147.32,0,15,2,1,147.32,1.0,0,0
809.67,3,18,5,2,1479.16,0.5474,0,0
499.89,0,18,0,1,499.89,1.0,0,0
158.26,1,19,6,1,158.26,1.0,0,0
1072.12,1,7,4,1,1072.12,1.0,0,0
74.64,1,16,5,1,74.64,1.0,0,0
338280.73,2,3,4,3,1014842.18,0.3333,0,1
45540.14,0,15,5,5,234922.81,0.1939,0,1
745.21,0,13,1,3,1806.75,0.4125,0,0
19.31,1,17,2,3,63.92,0.3022,0,0
83.18,1,21,3,2,173.01,0.4808,0,0
1019.42,1,16,5,1,1019.42,1.0,0,0
401.96,0,19,4,1,401.96,1.0,0,0
224.79,0,8,5,2,420.88,0.5341,0,0
29802.9,0,1,1,6,165567.28,0.18,0,1
180.39,0,12,3,1,180.39,1.0,0,0
482.28,2,8,6,1,482.28,1.0,0,0
38.21,0,9,4,1,38.21,1.0,0,0
371.43,0,8,2,3,961.81,0.3862,0,0
266915.63,0,13,6,3,800746.9,0.3333,0,1
227.88,0,13,0,1,227.88,1.0,0,0
222.74,1,15,6,1,222.74,1.0,0,0
116.17,2,10,0,1,116.17,1.0,0,0
68.33,0,17,6,1,68.33,1.0,0,0
247656.43,2,17,4,1,247656.43,1.0,0,1
1438.48,0,12,4,1,1438.48,1.0,0,0
100.75,0,17,4,1,100.75,1.0,0,0
772.3,1,14,1,1,772.3,1.0,0,0
474.63,1,11,1,1,474.63,1.0,0,0
834.05,1,12,0,2,1767.68,0.4718,0,0
249.93,2,14,6,2,513.49,0.4867,0,0
203.17,1,19,0,2,439.23,0.4626,0,0
178.37,3,22,2,1,178.37,1.0,0,0
98.35,2,12,1,1,98.35,1.0,0,0
316.24,0,11,6,1,316.24,1.0,0,0
43.0,3,12,3,1,43.0,1.0,0,0
316.29,0,14,4,2,674.57,0.4689,0,0
70.51,2,21,0,1,70.51,1.0,0,0
226.25,0,13,6,2,452.6,0.4999,0,0
184.56,1,13,2,1,184.56,1.0,0,0
43.24,2,15,2,1,43.24,1.0,0,0
366.86,1,22,5,1,366.86,1.0,0,0
545.21,1,19,1,1,545.21,1.0,0,0
218.77,1,16,4,1,218.77,1.0,0,0
169.96,3,10,2,1,169.96,1.0,0,0
108.53,2,15,4,1,108.53,1.0,0,0
361.57,0,15,6,1,361.57,1.0,1,0
648.0,1,21,2,1,648.0,1.0,0,0
507.67,1,21,0,1,507.67,1.0,0,0
631.22,2,11,1,2,1326.26,0.4759,0,0
202.72,1,10,5,1,202.72,1.0,0,0
189.3,0,19,1,1,189.3,1.0,0,0
1098.39,1,10,3,1,1098.39,1.0,0,0
188.22,1,16,3,1,188.22,1.0,0,0
398.57,1,12,6,2,702.66,0.5672,0,0
391.95,1,19,3,1,391.95,1.0,0,0
428.52,1,16,3,1,428.52,1.0,0,0
50.71,1,12,4,2,91.04,0.557,0,0
48024.91,0,0,0,4,192099.64,0.25,1,1
817.18,1,14,0,1,817.18,1.0,0,0
11.32,0,10,4,1,11.32,1.0,0,0
220.82,1,23,3,1,220.82,1.0,0,0
298.21,1,16,2,1,298.21,1.0,0,0
303.49,1,13,0,2,665.39,0.4561,0,0
72.49,1,23,4,3,215.32,0.3366,0,0
2439.6,0,14,5,1,2439.6,1.0,0,0
1476.74,0,13,2,1,1476.74,1.0,0,0
93.8,3,13,0,1,93.8,1.0,0,0
65.2,1,18,0,3,186.21,0.3501,0,0
299.96,1,20,3,1,299.96,1.0,0,0
642.99,0,16,5,1,642.99,1.0,0,0
145.39,1,14,3,1,145.39,1.0,0,0
98.04,1,16,6,1,98.04,1.0,0,0
871.35,0,13,0,1,871.35,1.0,0,0
285.66,1,16,0,1,285.66,1.0,0,0
402.91,0,11,1,1,402.91,1.0,0,0
51.01,0,13,6,1,51.01,1.0,0,0
397.46,2,13,1,1,397.46,1.0,0,0
924.23,0,19,2,1,924.23,1.0,0,0
110.18,1,13,2,2,212.12,0.5194,0,0
311.58,0,18,1,1,311.58,1.0,0,0
84.57,1,10,3,1,84.57,1.0,0,0
364.67,0,20,4,2,744.52,0.4898,0,0
236.91,0,6,0,1,236.91,1.0,0,0
199.92,0,9,6,1,199.92,1.0,0,0
126.97,1,16,3,1,126.97,1.0,0,0
96.23,1,14,5,1,96.23,1.0,0,0
46250.99,3,10,1,5,220448.78,0.2098,0,1
85.87,1,10,2,1,85.87,1.0,0,0
400.0,1,22,6,2,859.34,0.4655,0,0
701.1,1,16,5,2,1200.28,0.5841,0,0
517.89,0,12,4,1,517.89,1.0,0,0
618.78,0,11,3,1,618.78,1.0,0,0
435.41,3,11,2,1,435.41,1.0,0,0
212.29,1,7,0,1,212.29,1.0,1,0
357.32,1,14,6,1,357.32,1.0,0,0
396.39,0,12,4,1,396.39,1.0,0,0
357.55,3,4,5,1,357.55,1.0,0,0
667.28,1,14,2,1,667.28,1.0,0,0
194.0,1,21,3,1,194.0,1.0,0,0
181.41,1,18,2,1,181.41,1.0,0,0
234.56,1,12,5,1,234.56,1.0,0,0
420.82,0,11,2,2,876.67,0.48,0,0
252.68,0,16,0,1,252.68,1.0,0,0
115.58,1,14,5,1,115.58,1.0,0,0
309.6,1,9,2,1,309.6,1.0,0,0
208.59,0,16,4,1,208.59,1.0,0,0
887.53,1,20,5,1,887.53,1.0,0,0
127.67,1,14,1,1,127.67,1.0,0,0
420.98,0,11,5,1,420.98,1.0,0,0
460.03,1,13,6,2,974.67,0.472,0,0
316.3,1,14,0,1,316.3,1.0,0,0
114.17,1,11,0,1,114.17,1.0,0,0
309.34,1,16,5,1,309.34,1.0,0,0
886.11,1,9,1,1,886.11,1.0,0,0
51.12,1,15,5,1,51.12,1.0,0,0
487.89,2,16,6,1,487.89,1.0,0,0
247.23,2,10,0,1,247.23,1.0,0,0
916.59,1,16,6,2,1945.17,0.4712,0,0
262.47,1,18,2,1,262.47,1.0,0,0
100.01,1,14,1,1,100.01,1.0,0,0
264.8,1,6,5,1,264.8,1.0,0,0
41.12,1,10,5,2,78.75,0.5221,0,0
40.33,1,15,2,1,40.33,1.0,0,0
63.44,2,14,0,3,172.19,0.3684,0,0
1747.83,1,8,4,2,3122.05,0.5598,0,0
102.7,1,10,2,1,102.7,1.0,0,0
108.95,0,11,3,1,108.95,1.0,0,0
78.75,0,15,3,2,141.47,0.5566,0,0
68.51,0,14,0,2,126.84,0.5402,0,0
174.63,1,13,3,1,174.63,1.0,0,0
378.99,0,18,4,1,378.99,1.0,0,0
169.58,1,18,4,1,169.58,1.0,0,0
74.82,1,15,3,2,151.72,0.4931,0,0
1149.51,0,14,2,1,1149.51,1.0,0,0
87.93,2,12,4,1,87.93,1.0,0,0
779.73,0,11,5,1,779.73,1.0,0,0
1108.91,1,13,1,2,2417.69,0.4587,0,0
167809.58,0,11,1,1,167809.58,1.0,1,1
435.87,1,14,3,1,435.87,1.0,0,0
328.02,0,5,5,1,328.02,1.0,0,0
56.22,0,13,0,1,56.22,1.0,0,0
69.45,1,7,1,1,69.45,1.0,0,0
303.48,1,9,0,1,303.48,1.0,0,0
74.52,3,18,2,1,74.52,1.0,0,0
375.69,0,16,3,1,375.69,1.0,0,0
142.23,3,14,5,1,142.23,1.0,0,0
68.16,3,14,0,1,68.16,1.0,0,0
181.76,3,11,6,2,386.68,0.47,0,0
176.51,1,12,0,1,176.51,1.0,0,0
433.59,1,8,6,1,433.59,1.0,0,0
710.3,0,15,5,2,1554.78,0.4568,0,0
127.01,3,23,4,1,127.01,1.0,0,0
47381.02,2,13,0,6,281920.88,0.1681,0,1
22291.41,2,3,0,11,283231.45,0.0787,1,1
272.47,0,16,1,1,272.47,1.0,0,0
344.31,1,20,6,1,344.31,1.0,0,0
359.5,1,5,6,1,359.5,1.0,0,0
107.09,1,17,4,1,107.09,1.0,0,0
316.23,1,13,3,1,316.23,1.0,0,0
234.36,1,14,6,1,234.36,1.0,0,0
304.9,1,16,3,2,566.36,0.5384,0,0
169.11,0,9,0,2,325.9,0.5189,0,0
164.44,2,7,0,1,164.44,1.0,0,0
139.52,1,18,1,1,139.52,1.0,0,0
35.21,1,18,2,2,64.0,0.5501,0,0
127.37,1,13,4,1,127.37,1.0,0,0
560.66,0,17,6,1,560.66,1.0,0,0
62.31,0,23,6,1,62.31,1.0,0,0
33.02,0,10,5,1,33.02,1.0,0,0
284.25,0,18,4,1,284.25,1.0,0,0
342.61,3,13,5,1,342.61,1.0,0,0
177.92,1,20,4,1,177.92,1.0,0,0
56.34,0,16,3,1,56.34,1.0,0,0
49674.06,0,16,2,4,205264.46,0.242,0,1
81.98,0,13,1,1,81.98,1.0,0,0
222.25,1,10,4,1,222.25,1.0,0,0
232.61,1,19,4,1,232.61,1.0,0,0
239.68,1,2,3,1,239.68,1.0,0,0
231053.49,0,10,0,2,462106.98,0.5,1,1
875.2,0,8,2,1,875.2,1.0,0,0
229.58,1,17,1,1,229.58,1.0,0,0
695.67,1,15,0,1,695.67,1.0,0,0
20677.88,2,18,3,6,122569.62,0.1687,1,1
23968.94,0,19,5,8,207256.27,0.1156,1,1
658.25,1,16,1,1,658.25,1.0,0,0
824.02,1,7,2,1,824.02,1.0,0,0
1226.49,2,20,0,2,2602.05,0.4714,0,0
1180.1,1,19,6,1,1180.1,1.0,0,0
160.36,1,10,0,2,311.5,0.5148,0,0
474.69,2,12,2,2,845.29,0.5616,0,0
1293.07,3,19,2,1,1293.07,1.0,0,0
142.37,0,13,3,1,142.37,1.0,0,0
122355.94,2,14,6,1,122355.94,1.0,1,1
114.98,1,17,2,2,225.16,0.5107,0,0
420.37,1,14,4,1,420.37,1.0,0,0
124.46,1,12,3,2,234.06,0.5317,0,0
279.08,1,19,3,1,279.08,1.0,0,0
895.21,2,17,1,1,895.21,1.0,0,0
122.51,1,7,4,1,122.51,1.0,0,0
1677.42,0,13,4,1,1677.42,1.0,0,0
33257.77,0,23,0,3,99773.31,0.3333,1,1
24550.09,2,4,5,11,272405.77,0.0901,0,1
81.32,3,15,2,2,162.04,0.5018,0,0
42.24,1,14,2,1,42.24,1.0,0,0
529.82,1,19,0,2,1141.86,0.464,0,0
102.99,1,12,3,1,102.99,1.0,0,0
2038.73,1,18,2,1,2038.73,1.0,0,0
168.95,0,16,6,1,168.95,1.0,0,0
979.45,1,15,2,2,2120.8,0.4618,0,0
664.7,1,15,0,1,664.7,1.0,0,0
549.56,1,14,4,1,549.56,1.0,0,0
107.93,1,13,1,1,107.93,1.0,0,0
207.42,1,15,1,1,207.42,1.0,0,0
97.43,1,19,4,1,97.43,1.0,0,0
71.18,0,12,3,3,189.08,0.3764,0,0
735.37,0,23,0,2,1523.28,0.4828,0,0
254.98,2,21,1,1,254.98,1.0,0,0
585.19,0,17,4,1,585.19,1.0,0,0
322.88,1,7,0,1,322.88,1.0,0,0
90.21,1,15,5,1,90.21,1.0,0,0
80.05,1,5,1,1,80.05,1.0,0,0
199.31,1,9,6,1,199.31,1.0,0,0
172.71,1,16,0,1,172.71,1.0,0,0
805.61,0,14,4,1,805.61,1.0,0,0
682.55,1,14,6,2,1426.49,0.4785,0,0
1217.13,1,7,0,2,2519.96,0.483,0,0
21.1,1,15,5,2,39.21,0.538,0,0
181.22,1,13,5,1,181.22,1.0,0,0
111.52,1,11,1,1,111.52,1.0,0,0
836.62,1,16,6,1,836.62,1.0,0,0
287.63,1,7,4,1,287.63,1.0,0,0
172.88,1,19,4,2,367.22,0.4708,0,0
486.36,0,7,6,2,1022.04,0.4759,0,0
274.18,1,16,6,2,506.63,0.5412,0,0
59.04,0,11,1,1,59.04,1.0,0,0
547.67,0,10,3,1,547.67,1.0,0,0
174.61,0,13,2,2,381.13,0.4581,0,0
87.15,1,13,5,1,87.15,1.0,0,0
613.65,3,16,5,2,1292.38,0.4748,0,0
60.48,1,16,2,1,60.48,1.0,0,0
122.16,0,10,1,1,122.16,1.0,0,0
290.79,1,17,5,1,290.79,1.0,0,0
179912.79,2,18,3,3,539738.38,0.3333,0,1
378.21,1,18,0,1,378.21,1.0,0,0
304.51,2,16,2,2,595.44,0.5114,0,0
235.02,0,10,5,1,235.02,1.0,0,0
322.3,1,10,6,1,322.3,1.0,0,0
306.98,3,13,6,1,306.98,1.0,0,0
2962.91,3,11,4,1,2962.91,1.0,0,0
198.0,2,17,5,3,578.98,0.342,0,0
317.8,2,13,2,1,317.8,1.0,0,0
157.59,0,12,2,1,157.59,1.0,0,0
453.16,0,9,4,2,863.63,0.5247,0,0
79.52,1,12,3,2,164.64,0.483,0,0
1832.15,1,7,0,1,1832.15,1.0,0,0
44.41,1,10,5,1,44.41,1.0,0,0
385.45,1,19,4,1,385.45,1.0,0,0
251436.0,0,15,2,3,754307.99,0.3333,0,1
1413.31,0,14,5,1,1413.31,1.0,0,0
33.2,3,16,0,2,71.18,0.4664,1,0
162.11,2,9,2,2,327.7,0.4947,0,0
205.65,1,8,4,2,422.83,0.4864,0,0
270.92,3,11,2,1,270.92,1.0,0,0
343.93,1,13,4,1,343.93,1.0,0,0
387.05,2,6,3,1,387.05,1.0,0,0
36.67,1,19,3,1,36.67,1.0,1,0
18503.67,0,13,3,7,111255.76,0.1663,0,1
149.42,0,8,5,1,149.42,1.0,0,0
394.46,0,7,2,1,394.46,1.0,1,0
49205.12,0,0,5,5,246025.61,0.2,1,1
226.84,1,22,6,1,226.84,1.0,0,0
69.62,1,13,3,1,69.62,1.0,0,0
281.79,1,13,4,1,281.79,1.0,0,0
292.58,2,20,6,1,292.58,1.0,0,0
370.11,0,13,0,1,370.11,1.0,0,0
329.48,1,14,0,1,329.48,1.0,0,0
1340.49,1,16,6,1,1340.49,1.0,0,0
127.86,1,2,6,1,127.86,1.0,0,0
343.43,1,17,2,1,343.43,1.0,0,0
683.28,3,9,3,1,683.28,1.0,0,0
570.54,1,20,6,1,570.54,1.0,0,0
185370.58,2,20,1,2,370741.15,0.5,0,1
85.88,1,14,4,1,85.88,1.0,0,0
888.85,1,15,6,1,888.85,1.0,0,0
50670.56,0,23,0,3,152011.68,0.3333,1,1
172.27,0,23,5,1,172.27,1.0,0,0
564.18,0,9,4,1,564.18,1.0,0,0
43.18,1,16,0,1,43.18,1.0,0,0
117.44,3,16,0,1,117.44,1.0,0,0
438.19,1,11,5,2,764.54,0.5731,0,0
48.66,1,2,4,2,91.56,0.5315,0,0
167.37,1,18,1,3,484.58,0.3454,0,0
116.33,0,13,3,3,291.16,0.3995,0,0
517.78,0,14,2,1,517.78,1.0,0,0
28.33,0,14,0,1,28.33,1.0,0,0
122.34,1,15,0,1,122.34,1.0,0,0
5913.92,0,2,3,7,36113.92,0.1638,1,1
361.15,3,20,5,1,361.15,1.0,0,0
137.41,2,8,5,2,301.47,0.4558,0,0
232.78,0,16,4,2,484.19,0.4808,0,0
239.31,3,16,5,2,517.99,0.462,0,0
74.41,0,16,2,3,248.74,0.2992,0,0
1454.32,1,10,1,1,1454.32,1.0,0,0
209.66,0,8,2,1,209.66,1.0,0,0
61.99,1,7,0,1,61.99,1.0,0,0
127.19,2,14,6,1,127.19,1.0,0,0
83.86,1,12,2,1,83.86,1.0,0,0
361.95,0,12,6,1,361.95,1.0,0,0
163.02,3,18,5,1,163.02,1.0,0,0
272.37,1,17,4,1,272.37,1.0,0,0
484.15,0,23,6,2,885.88,0.5465,0,0
95.14,1,14,6,2,172.73,0.5508,0,0
3382.89,0,8,0,2,6424.21,0.5266,0,0
595.34,0,12,0,1,595.34,1.0,0,0
345.37,0,12,4,1,345.37,1.0,0,0
2517.51,1,12,2,1,2517.51,1.0,0,0
2177.35,1,9,4,1,2177.35,1.0,0,0
47149.07,2,17,1,6,282597.87,0.1668,0,1
258.2,0,15,0,1,258.2,1.0,0,0
182.4,1,10,0,2,379.96,0.4801,0,0
465.88,1,14,5,1,465.88,1.0,0,0
100.11,1,19,5,1,100.11,1.0,0,0
763.53,0,21,0,1,763.53,1.0,0,0
179.17,3,18,6,1,179.17,1.0,0,0
512.51,1,13,3,2,979.79,0.5231,0,0
174.72,1,5,4,1,174.72,1.0,0,0
121.14,1,10,5,1,121.14,1.0,1,0
148.36,3,18,6,1,148.36,1.0,0,0
448.67,1,12,6,1,448.67,1.0,0,0
27.92,0,22,2,1,27.92,1.0,0,0
141.45,1,18,1,1,141.45,1.0,0,0
261.11,1,12,1,1,261.11,1.0,0,0
122.93,0,15,6,1,122.93,1.0,0,0
334.9,1,14,6,1,334.9,1.0,0,0
374.97,2,10,2,1,374.97,1.0,0,0
4210.32,1,17,4,2,9093.86,0.463,0,0
145.08,1,15,0,1,145.08,1.0,0,0
221.76,2,10,0,1,221.76,1.0,0,0
510.67,1,10,4,1,510.67,1.0,0,0
128056.31,0,5,0,1,128056.31,1.0,1,1
62.87,0,17,6,1,62.87,1.0,0,0
85.0,1,9,4,3,278.13,0.3056,0,0
367.28,1,13,3,1,367.28,1.0,0,0
266.73,0,20,4,2,584.64,0.4562,0,0
237.93,2,18,2,1,237.93,1.0,0,0
133.19,1,17,4,2,228.58,0.5827,0,0
110.42,1,16,5,2,228.21,0.4839,0,0
721.53,1,11,6,1,721.53,1.0,0,0
380.9,0,18,0,2,715.72,0.5322,0,0
185.29,1,18,6,1,185.29,1.0,0,0
341.43,1,20,1,1,341.43,1.0,0,0
228.15,3,13,4,1,228.15,1.0,0,0
5909.82,2,16,2,9,60263.25,0.0981,1,1
68.24,1,12,3,1,68.24,1.0,0,0
122.72,0,9,3,1,122.72,1.0,0,0
176.32,1,19,5,1,176.32,1.0,0,0
236.35,1,8,0,1,236.35,1.0,0,0
137.58,1,16,3,2,245.25,0.561,0,0
25.74,1,12,1,2,49.63,0.5187,0,0
340.46,1,14,5,1,340.46,1.0,0,0
742.46,1,15,2,1,742.46,1.0,0,0
303.41,0,16,1,1,303.41,1.0,0,0
162.69,2,19,1,1,162.69,1.0,0,0
209.64,1,15,1,2,446.1,0.4699,0,0
67.31,0,23,4,1,67.31,1.0,0,0
531.53,1,21,4,2,1039.5,0.5113,0,0
522.26,1,17,6,1,522.26,1.0,0,0
465.6,2,20,6,1,465.6,1.0,0,0
541.99,1,13,0,1,541.99,1.0,0,0
220.31,0,15,2,2,468.09,0.4707,0,0
37.41,1,6,2,1,37.41,1.0,0,0
237.94,2,18,5,2,503.8,0.4723,0,0
66.18,3,17,3,1,66.18,1.0,0,0
917.94,1,12,5,1,917.94,1.0,0,0
458.29,1,22,6,1,458.29,1.0,0,0
21689.02,0,2,5,5,108445.1,0.2,1,1
158.96,0,16,4,1,158.96,1.0,0,0
2464.75,0,14,4,1,2464.75,1.0,0,0
577.08,1,11,1,1,577.08,1.0,0,0
253.2,1,14,6,1,253.2,1.0,0,0
154.14,3,8,1,1,154.14,1.0,0,0
423.45,3,13,5,2,839.62,0.5043,0,0
44.29,0,14,4,2,86.73,0.5107,0,0
65.19,1,13,3,1,65.19,1.0,0,0
264.86,1,19,3,1,264.86,1.0,0,0
109.32,0,13,5,2,215.04,0.5084,0,0
4509.14,0,16,1,3,13257.06,0.3401,0,0
54573.67,0,23,6,4,218294.66,0.25,1,1
224.12,1,9,4,1,224.12,1.0,0,0
52.33,0,17,1,1,52.33,1.0,0,0
48120.21,2,10,5,4,183423.34,0.2623,1,1
406.7,1,12,4,1,406.7,1.0,0,0
718.99,1,20,5,1,718.99,1.0,0,0
1114.73,1,22,0,1,1114.73,1.0,0,0
70.17,1,12,0,1,70.17,1.0,0,0
82.03,2,10,3,1,82.03,1.0,0,0
30.78,0,16,5,1,30.78,1.0,0,0
99.27,0,12,1,2,196.76,0.5046,0,0
149.57,1,17,1,1,149.57,1.0,0,0
165.95,0,15,2,1,165.95,1.0,0,0
67.96,1,11,5,1,67.96,1.0,1,0
771.81,0,20,4,2,1403.55,0.5499,0,0
143.53,1,12,1,2,276.77,0.5186,0,0
214.62,1,15,0,2,397.12,0.5404,0,0
75.08,1,11,4,1,75.08,1.0,0,0
662.45,0,18,3,1,662.45,1.0,0,0
232.56,0,15,1,2,428.92,0.5422,0,0
65.28,0,12,5,1,65.28,1.0,0,0
50.04,1,22,5,1,50.04,1.0,0,0
144.33,1,7,5,1,144.33,1.0,0,0
247.79,2,13,3,4,825.3,0.3002,0,0
529.29,1,14,5,1,529.29,1.0,1,0
229.55,1,14,2,1,229.55,1.0,0,0
3043.33,2,14,2,1,3043.33,1.0,0,0
208.8,0,16,1,1,208.8,1.0,0,0
196.92,1,15,4,1,196.92,1.0,0,0
1446.91,1,15,1,2,3046.5,0.4749,0,0
42.25,0,17,0,3,120.7,0.35,0,0
741.87,1,16,0,2,1377.52,0.5386,0,0
395.74,3,15,4,1,395.74,1.0,0,0
105.04,1,16,0,1,105.04,1.0,0,0
20.48,1,12,6,1,20.48,1.0,0,0
600.98,1,11,3,1,600.98,1.0,0,0
721.59,0,11,4,1,721.59,1.0,0,0
229.81,3,19,5,1,229.81,1.0,0,0
109.26,1,18,6,1,109.26,1.0,0,0
194.92,1,17,3,1,194.92,1.0,0,0
1015.46,1,20,1,1,1015.46,1.0,0,0
1166.12,1,14,0,2,2138.61,0.5453,0,0
144.11,1,16,2,1,144.11,1.0,0,0
270.67,1,10,6,1,270.67,1.0,0,0
365.74,1,14,4,2,657.33,0.5564,0,0
1446.24,0,13,1,1,1446.24,1.0,0,0
115.33,1,10,4,1,115.33,1.0,0,0
3410.93,0,15,6,2,6608.99,0.5161,0,0
166.8,1,16,0,1,166.8,1.0,0,0
18382.91,0,15,4,13,230564.66,0.0797,1,1
13480.14,0,0,5,2,26960.28,0.5,1,1
326.8,0,13,3,1,326.8,1.0,0,0
468.83,2,21,5,2,856.77,0.5472,0,0
495.04,2,19,2,1,495.04,1.0,0,0
247.99,1,11,5,1,247.99,1.0,0,0
89.67,0,4,6,1,89.67,1.0,0,0
139.64,1,16,5,1,139.64,1.0,0,0
258.77,1,14,4,2,466.48,0.5547,0,0
676.53,1,18,4,1,676.53,1.0,0,0
1376.66,2,15,1,2,2432.98,0.5658,0,0
136.58,0,13,5,1,136.58,1.0,0,0
1720.1,0,13,0,1,1720.1,1.0,0,0
358.55,0,10,0,1,358.55,1.0,0,0
105.1,0,9,2,2,222.9,0.4715,0,0
414.34,1,15,5,1,414.34,1.0,0,0
89.72,2,22,2,1,89.72,1.0,0,0
1865.72,1,10,2,1,1865.72,1.0,0,0
46587.14,3,11,3,5,250198.13,0.1862,0,1
213.32,1,18,4,1,213.32,1.0,0,0
426.63,0,12,3,1,426.63,1.0,0,0
684.07,0,8,4,1,684.07,1.0,0,0
1292.37,1,16,5,1,1292.37,1.0,0,0
65.9,1,21,6,2,134.39,0.4904,0,0
231.49,3,11,1,2,505.63,0.4578,0,0
196.24,1,12,4,1,196.24,1.0,0,0
64.49,1,15,5,1,64.49,1.0,0,0
277.79,0,13,1,2,524.11,0.53,0,0
98.94,1,10,0,1,98.94,1.0,0,0
337415.79,2,5,1,2,674831.58,0.5,0,1
1301.3,1,19,2,2,2219.88,0.5862,0,0
238.18,1,11,3,1,238.18,1.0,0,0
441.81,1,14,4,1,441.81,1.0,0,0
281788.58,0,22,6,3,845365.73,0.3333,0,1
204.48,1,11,0,2,379.07,0.5394,0,0
500.79,0,7,2,2,1089.46,0.4597,0,0
486.76,0,13,1,2,933.38,0.5215,0,0
652.94,1,11,3,1,652.94,1.0,0,0
400.72,0,12,2,1,400.72,1.0,0,0
270.78,1,10,0,2,503.28,0.538,0,0
160948.24,2,9,6,1,160948.24,1.0,0,1
1185.32,1,13,4,1,1185.32,1.0,0,0
1056.12,1,13,4,1,1056.12,1.0,0,0
279794.69,2,8,5,1,279794.69,1.0,0,1
227.42,0,14,2,1,227.42,1.0,0,0
38.16,2,8,6,1,38.16,1.0,0,0
329.01,0,6,4,1,329.01,1.0,0,0
157.68,1,18,0,3,498.26,0.3164,0,0
621.15,0,6,2,2,1081.99,0.5741,0,0
131.77,1,18,5,1,131.77,1.0,0,0
1347.29,0,9,5,1,1347.29,1.0,0,0
29.73,1,10,1,1,29.73,1.0,0,0
330.81,0,11,5,3,1011.55,0.327,0,0
394.5,1,9,4,1,394.5,1.0,0,0
438.86,1,22,5,1,438.86,1.0,0,0
830.25,1,9,0,2,1525.07,0.5444,0,0
234.06,1,12,6,1,234.06,1.0,0,0
306.12,1,12,2,1,306.12,1.0,1,0
68.78,3,15,5,1,68.78,1.0,0,0
45.85,2,23,0,1,45.85,1.0,0,0
205.41,1,10,2,1,205.41,1.0,0,0
201.34,1,19,3,3,585.94,0.3436,0,0
1182.14,1,11,2,1,1182.14,1.0,0,0
41.78,1,7,3,1,41.78,1.0,0,0
36.03,1,13,5,2,66.23,0.544,0,0
303.75,1,6,5,2,595.65,0.5099,0,0
182.47,0,8,2,1,182.47,1.0,1,0
223.69,1,13,5,1,223.69,1.0,0,0
29865.26,0,20,5,7,222735.57,0.1341,0,1
704.29,1,20,1,1,704.29,1.0,0,0
76.44,0,13,5,2,154.68,0.4942,0,0
162.97,0,10,3,1,162.97,1.0,0,0
224.11,0,16,2,1,224.11,1.0,0,0
61.68,1,17,3,1,61.68,1.0,0,0
76.56,0,19,0,1,76.56,1.0,0,0
30.04,3,10,1,1,30.04,1.0,1,0
1383.42,1,13,4,1,1383.42,1.0,0,0
344108.08,2,13,5,2,688216.16,0.5,0,1
116.94,1,15,1,1,116.94,1.0,0,0
533.54,3,8,6,1,533.54,1.0,0,0
623.62,2,22,2,3,1815.6,0.3435,0,0
233.06,1,17,6,1,233.06,1.0,0,0
397.5,1,16,5,2,808.54,0.4916,0,0
144.83,1,9,4,1,144.83,1.0,0,0
92.99,1,15,3,1,92.99,1.0,0,0
85.38,1,15,0,1,85.38,1.0,0,0
503.81,1,14,1,2,1000.86,0.5034,0,0
205.03,0,14,4,1,205.03,1.0,0,0
1047.38,1,12,4,1,1047.38,1.0,0,0
222.9,0,14,3,2,417.41,0.534,0,0
149.88,1,15,1,1,149.88,1.0,0,0
224.86,0,16,0,1,224.86,1.0,0,0
64.95,0,17,6,1,64.95,1.0,0,0
191.38,1,15,5,1,191.38,1.0,0,0
207.07,0,15,3,1,207.07,1.0,0,0
512.56,1,13,4,1,512.56,1.0,0,0
196.93,1,14,5,1,196.93,1.0,0,0
87.6,1,19,0,1,87.6,1.0,0,0
553.78,0,8,0,1,553.78,1.0,0,0
903.25,1,10,0,2,1972.57,0.4579,0,0
93.84,1,13,1,1,93.84,1.0,0,0
2231.97,3,13,3,1,2231.97,1.0,0,0
183.41,1,11,1,1,183.41,1.0,0,0
1547.07,2,15,2,1,1547.07,1.0,0,0
805.24,3,9,1,1,805.24,1.0,0,0
156.29,0,22,3,1,156.29,1.0,0,0
45073.29,3,9,2,4,186336.28,0.2419,0,1
214.63,0,12,5,1,214.63,1.0,0,0
220.64,0,19,5,1,220.64,1.0,0,0
253.68,0,14,5,1,253.68,1.0,0,0
462.88,1,15,0,2,886.86,0.5219,0,0
804.81,1,12,0,1,804.81,1.0,0,0
62.29,1,14,1,1,62.29,1.0,0,0
342.08,1,13,4,1,342.08,1.0,0,0
191.69,1,6,5,2,370.49,0.5174,0,0
1004.77,3,15,1,1,1004.77,1.0,0,0
118.92,1,9,6,1,118.92,1.0,0,0
263.3,1,16,0,2,542.69,0.4852,0,0
107.27,0,11,2,2,198.93,0.5393,0,0
108.91,1,12,0,1,108.91,1.0,1,0
520.74,1,18,2,1,520.74,1.0,1,0
310.36,2,10,4,1,310.36,1.0,0,0
484.95,3,12,6,1,484.95,1.0,0,0
195.61,2,12,5,1,195.61,1.0,0,0
955.89,1,8,6,2,2037.81,0.4691,0,0
575.18,1,17,3,1,575.18,1.0,0,0
338.62,1,14,1,2,713.3,0.4747,0,0
1152.73,1,8,4,1,1152.73,1.0,0,0
116.04,1,12,6,2,212.59,0.5458,0,0
166.19,0,20,6,1,166.19,1.0,0,0
106.34,1,6,3,1,106.34,1.0,0,0
123.27,1,16,5,1,123.27,1.0,0,0
426.89,1,18,5,2,770.15,0.5543,0,0
354.14,1,18,2,1,354.14,1.0,0,0
211.87,2,11,3,2,460.88,0.4597,0,0
243.44,0,12,4,1,243.44,1.0,0,0
456.77,3,13,1,1,456.77,1.0,0,0
555.87,2,16,4,1,555.87,1.0,0,0
106.82,2,13,5,1,106.82,1.0,0,0
2041.98,2,11,1,1,2041.98,1.0,0,0
49238.04,3,11,4,7,357093.09,0.1379,1,1
536.3,1,18,3,2,970.22,0.5528,0,0
139.71,2,15,2,2,254.69,0.5485,0,0
725.11,0,14,6,1,725.11,1.0,0,0
1552.82,1,14,1,1,1552.82,1.0,0,0
196.07,2,12,5,1,196.07,1.0,0,0
383.75,1,12,0,1,383.75,1.0,0,0
207.51,1,18,2,1,207.51,1.0,0,0
245.71,1,14,5,1,245.71,1.0,0,0
76.72,1,17,6,1,76.72,1.0,0,0
4062.56,0,13,5,2,8805.77,0.4614,0,0
560.03,1,17,6,1,560.03,1.0,0,0
522.9,3,16,2,1,522.9,1.0,0,0
180084.36,0,22,6,1,180084.36,1.0,0,1
57.62,1,13,4,2,109.19,0.5277,0,0
1232.59,1,6,3,2,2212.44,0.5571,0,0
150.66,1,19,1,1,150.66,1.0,0,0
70.27,0,9,3,1,70.27,1.0,0,0
792.75,0,22,4,1,792.75,1.0,0,0
288.74,0,21,4,1,288.74,1.0,0,0
10203.98,0,4,6,4,40815.94,0.25,1,1
397.02,2,10,0,1,397.02,1.0,0,0
217.93,1,13,0,1,217.93,1.0,0,0
706.5,1,15,1,1,706.5,1.0,0,0
80.98,1,16,3,1,80.98,1.0,0,0
121.01,0,13,3,1,121.01,1.0,0,0
384.91,0,11,3,1,384.91,1.0,0,0
178.17,1,13,4,2,312.52,0.5701,0,0
1137.93,1,11,4,1,1137.93,1.0,0,0
368.68,1,12,0,1,368.68,1.0,0,0
13266.09,0,4,6,5,66330.46,0.2,1,1
111256.18,0,11,0,2,222512.36,0.5,0,1
424.94,0,13,3,1,424.94,1.0,0,0
121.73,0,11,0,2,225.19,0.5406,0,0
242.96,3,13,6,1,242.96,1.0,0,0
2012.0,0,19,4,2,3799.89,0.5295,0,0
118.27,0,18,5,3,371.93,0.318,0,0
202.6,1,10,4,1,202.6,1.0,0,0
3655.49,1,19,4,1,3655.49,1.0,0,0
23.47,3,20,3,1,23.47,1.0,0,0
210.39,0,14,5,1,210.39,1.0,0,0
176.02,1,14,0,2,383.2,0.4593,0,0
326.98,3,13,6,1,326.98,1.0,0,0
69.59,1,15,3,2,148.87,0.4674,0,0
89.31,1,12,6,1,89.31,1.0,0,0
176.58,1,23,2,2,338.01,0.5224,0,0
112.76,1,16,4,1,112.76,1.0,0,0
402.28,1,19,4,2,819.2,0.4911,0,0
126.93,3,12,1,2,239.79,0.5293,0,0
198.46,3,22,5,2,427.46,0.4643,0,0
420.95,1,16,5,2,912.42,0.4614,0,0
116.38,1,14,1,1,116.38,1.0,0,0
510.88,0,14,4,2,1038.88,0.4918,0,0
351.63,1,6,2,1,351.63,1.0,0,0
366.27,0,11,3,2,747.08,0.4903,0,0
400.33,0,10,1,1,400.33,1.0,1,0
412.75,2,15,6,1,412.75,1.0,0,0
3306.44,0,12,0,1,3306.44,1.0,0,0
179.71,1,16,5,2,330.38,0.5439,0,0
477.43,1,20,4,2,1049.64,0.4549,0,0
270.47,0,15,3,1,270.47,1.0,0,0
153.79,0,23,1,2,318.42,0.483,0,0
91.36,1,5,3,1,91.36,1.0,0,0
262.7,1,18,6,1,262.7,1.0,0,0
223.44,1,7,0,1,223.44,1.0,0,0
24209.24,2,6,3,14,332179.45,0.0729,0,1
324.14,3,11,2,1,324.14,1.0,0,0
700.54,1,14,1,1,700.54,1.0,0,0
132.43,3,9,5,2,247.12,0.5359,0,0
2629.65,0,19,2,1,2629.65,1.0,1,0
383.04,0,19,2,1,383.04,1.0,0,0
73.5,0,12,5,1,73.5,1.0,0,0
889.41,0,13,5,1,889.41,1.0,0,0
188.38,1,13,0,1,188.38,1.0,0,0
27.24,2,13,5,2,54.3,0.5017,0,0
233.55,0,17,0,3,743.4,0.3142,0,0
691.85,1,17,0,2,1281.61,0.5398,0,0
492.04,2,7,6,2,932.78,0.5275,0,0
611.74,1,14,1,1,611.74,1.0,0,0
309.33,1,11,3,1,309.33,1.0,0,0
189.69,1,11,5,1,189.69,1.0,0,0
122.24,0,12,2,1,122.24,1.0,0,0
60.03,1,13,5,1,60.03,1.0,0,0
70.29,0,16,3,1,70.29,1.0,0,0
1051.71,3,12,1,2,2156.35,0.4877,0,0
36090.93,0,2,6,2,72181.86,0.5,1,1
182.6,1,10,4,1,182.6,1.0,0,0
63.68,1,23,2,1,63.68,1.0,0,0
330.95,1,13,3,1,330.95,1.0,0,0
67.91,0,15,5,2,142.38,0.4769,0,0
121.64,1,9,4,1,121.64,1.0,0,0
882.53,3,19,1,1,882.53,1.0,0,0
399.66,1,16,5,1,399.66,1.0,0,0
1542.65,1,14,6,1,1542.65,1.0,0,0
81.4,1,14,6,2,177.36,0.459,0,0
72.25,1,10,2,1,72.25,1.0,0,0
760.28,0,14,2,1,760.28,1.0,0,0
474.08,3,11,0,1,474.08,1.0,0,0
618.23,0,11,1,1,618.23,1.0,0,0
214.0,1,22,3,2,366.88,0.5833,0,0
363.27,3,23,6,2,713.01,0.5095,0,0
121.97,1,16,4,1,121.97,1.0,0,0
55.88,0,17,1,1,55.88,1.0,0,0
131.56,1,16,2,1,131.56,1.0,0,0
1721.61,1,12,5,1,1721.61,1.0,0,0
118.59,0,13,4,1,118.59,1.0,0,0
1649.04,1,22,6,2,3308.5,0.4984,0,0
29.13,1,12,2,1,29.13,1.0,0,0
390.53,0,22,4,2,751.8,0.5195,0,0
834.59,1,12,4,2,1519.68,0.5492,0,0
171.45,0,11,4,1,171.45,1.0,0,0
1535.96,2,18,6,1,1535.96,1.0,0,0
222.76,0,19,0,1,222.76,1.0,0,0
210.08,1,18,6,1,210.08,1.0,0,0
102.76,1,21,3,2,188.35,0.5456,0,0
124.2,3,20,3,1,124.2,1.0,0,0
158.43,1,17,4,1,158.43,1.0,0,0
7739.14,1,15,0,1,7739.14,1.0,1,0
97.74,1,15,0,1,97.74,1.0,0,0
524.34,1,13,3,2,1086.83,0.4825,0,0
217.0,1,10,1,1,217.0,1.0,0,0
816.08,2,16,5,2,1471.73,0.5545,0,0
208041.64,2,21,6,1,208041.64,1.0,0,1
481.36,1,14,1,2,881.0,0.5464,0,0
724.36,1,14,4,2,1448.55,0.5001,0,0
230.81,1,14,3,1,230.81,1.0,0,0
165.9,1,13,3,2,301.53,0.5502,0,0
196.44,1,16,1,2,355.18,0.5531,0,0
167.26,0,13,5,1,167.26,1.0,0,0
154.77,1,8,6,2,277.34,0.558,0,0
782.48,0,11,6,1,782.48,1.0,0,0
2752.91,0,14,4,1,2752.91,1.0,0,0
406.94,1,15,6,1,406.94,1.0,0,0
113.7,1,10,6,1,113.7,1.0,0,0
71.67,1,9,4,1,71.67,1.0,0,0
369.07,1,18,5,1,369.07,1.0,0,0
192.4,1,11,6,1,192.4,1.0,0,0
76.64,2,16,4,2,148.52,0.516,0,0
91.98,2,8,5,2,185.29,0.4964,0,0
1493.56,1,17,3,2,2914.9,0.5124,0,0
427.61,2,12,3,1,427.61,1.0,0,0
39.22,0,13,0,1,39.22,1.0,0,0
3077.6,1,11,0,1,3077.6,1.0,0,0
133.19,2,17,0,2,280.91,0.4741,0,0
219.74,0,12,5,1,219.74,1.0,0,0
279.18,1,15,5,1,279.18,1.0,0,0
2590.93,2,19,5,2,5119.53,0.5061,0,0
426.15,0,18,6,1,426.15,1.0,0,0
307.1,1,18,4,2,608.21,0.5049,0,0
178.33,0,15,5,1,178.33,1.0,0,0
1183.13,1,14,1,2,2288.35,0.517,0,0
445.12,1,11,3,1,445.12,1.0,0,0
180.09,1,15,6,1,180.09,1.0,0,0
697.37,3,10,5,1,697.37,1.0,0,0
183.29,3,17,6,2,368.0,0.4981,0,0
328.99,0,11,2,1,328.99,1.0,0,0
278.74,0,11,6,2,498.07,0.5596,0,0
132.94,1,17,6,1,132.94,1.0,0,0
1347.62,3,17,4,1,1347.62,1.0,0,0
67.85,1,11,3,1,67.85,1.0,0,0
290.6,1,23,0,1,290.6,1.0,0,0
1217.1,1,7,6,2,2171.09,0.5606,0,0
192.58,0,11,5,2,379.9,0.5069,0,0
1038.08,1,14,6,2,2225.26,0.4665,0,0
441.36,1,16,4,1,441.36,1.0,0,0
123.32,2,22,2,1,123.32,1.0,0,0
464.42,1,11,4,2,991.85,0.4682,0,0
19026.25,0,22,0,6,95912.4,0.1984,0,1
1109.02,0,11,1,2,1976.04,0.5612,0,0
40.04,1,20,5,2,84.23,0.4753,0,0
1261.88,0,13,3,1,1261.88,1.0,0,0
96.44,1,18,4,1,96.44,1.0,0,0
320.19,1,14,5,2,700.95,0.4568,0,0
384.73,1,16,0,1,384.73,1.0,0,0
1710.6,1,14,5,1,1710.6,1.0,0,0
27408.58,2,14,4,12,375694.46,0.073,1,1
129.48,0,17,0,1,129.48,1.0,0,0
56.48,0,23,2,1,56.48,1.0,0,0
116.02,1,8,0,2,235.33,0.493,0,0
145.97,0,15,6,1,145.97,1.0,0,0
762.08,0,18,6,2,1461.55,0.5214,0,0
600.53,1,12,3,1,600.53,1.0,0,0
330.67,1,13,6,1,330.67,1.0,0,0
146.61,1,12,0,2,269.01,0.545,0,0
1013.97,0,13,1,1,1013.97,1.0,0,0
1067.37,3,12,5,1,1067.37,1.0,0,0
270.17,1,14,4,1,270.17,1.0,0,0
77.47,1,13,2,1,77.47,1.0,0,0
529.65,0,14,1,1,529.65,1.0,0,0
148.9,0,17,1,1,148.9,1.0,0,0
2118.91,0,9,2,2,4405.46,0.481,0,0
598.37,1,15,6,2,1306.78,0.4579,0,0
311.52,2,14,2,1,311.52,1.0,0,0
787.82,0,8,3,2,1465.89,0.5374,0,0
183.57,0,21,2,1,183.57,1.0,0,0
374.27,3,22,5,1,374.27,1.0,0,0
449.64,1,14,2,2,861.76,0.5218,0,0
362.75,1,23,0,1,362.75,1.0,0,0
33.35,0,15,0,2,57.1,0.584,0,0
127.13,3,18,3,1,127.13,1.0,0,0
45.31,1,16,5,1,45.31,1.0,0,0
539.37,1,9,4,1,539.37,1.0,0,0
354.02,0,16,1,1,354.02,1.0,0,0
379.75,1,17,3,1,379.75,1.0,0,0
382.34,1,17,5,2,811.69,0.471,0,0
44.06,0,16,4,2,75.49,0.5836,0,0
254.6,1,17,4,2,522.69,0.4871,0,0
184.18,0,12,4,1,184.18,1.0,0,0
170.16,1,18,0,1,170.16,1.0,0,0
371.96,1,14,2,2,720.18,0.5165,0,0
70.19,2,17,5,3,203.84,0.3444,0,0
574.35,0,10,0,1,574.35,1.0,0,0
326.43,1,16,1,1,326.43,1.0,0,0
103.22,1,18,1,2,219.68,0.4698,0,0
62.91,0,15,5,1,62.91,1.0,0,0
601.96,0,14,5,1,601.96,1.0,0,0
536.44,1,9,5,1,536.44,1.0,0,0
403.76,3,18,4,1,403.76,1.0,0,0
752.27,1,16,0,2,1608.04,0.4678,0,0
753.74,0,9,0,1,753.74,1.0,0,0
267.78,0,18,6,1,267.78,1.0,0,0
267.19,1,13,3,1,267.19,1.0,0,0
359357.78,0,7,6,3,1078073.35,0.3333,0,1
450.67,1,10,5,1,450.67,1.0,0,0
76.34,1,8,0,1,76.34,1.0,0,0
392.29,1,15,1,2,837.79,0.4682,0,0
221.34,2,19,6,1,221.34,1.0,0,0
594.49,1,18,0,2,1127.66,0.5272,0,0
217.7,1,13,2,1,217.7,1.0,0,0
614.71,0,11,4,1,614.71,1.0,0,0
508.15,0,7,3,3,1621.41,0.3134,0,0
199.52,1,11,5,1,199.52,1.0,0,0
530.54,1,12,6,1,530.54,1.0,0,0
98.84,1,16,5,1,98.84,1.0,0,0
44.0,1,13,6,1,44.0,1.0,0,0
300.28,3,8,5,1,300.28,1.0,0,0
107.8,3,23,6,1,107.8,1.0,0,0
71.66,1,15,6,1,71.66,1.0,0,0
157.49,1,13,2,1,157.49,1.0,0,0
238.82,1,15,2,2,504.74,0.4732,0,0
363.73,0,21,5,2,654.97,0.5553,0,0
212.51,0,14,5,1,212.51,1.0,0,0
75.79,1,9,1,1,75.79,1.0,0,0
288.41,1,11,2,1,288.41,1.0,0,0
103.3,1,9,3,1,103.3,1.0,0,0
338.23,0,9,5,1,338.23,1.0,0,0
193.29,0,10,2,1,193.29,1.0,0,0
111.81,1,8,6,1,111.81,1.0,0,0
240.09,1,11,2,1,240.09,1.0,0,0
46513.02,0,17,4,6,301195.32,0.1544,0,1
1024.01,3,9,0,1,1024.01,1.0,0,0
836.58,1,12,2,1,836.58,1.0,0,0
117.97,0,16,1,1,117.97,1.0,0,0
205.58,1,13,0,1,205.58,1.0,0,0
1845.75,3,14,4,1,1845.75,1.0,0,0
193.13,2,18,5,3,647.18,0.2984,0,0
284.74,1,9,3,1,284.74,1.0,0,0
453.11,0,18,1,2,782.79,0.5788,0,0
180.06,3,10,0,1,180.06,1.0,0,0
14346.65,0,3,6,4,57386.6,0.25,1,1
88.88,0,11,6,1,88.88,1.0,0,0
144.25,1,8,2,1,144.25,1.0,0,0
56.99,0,20,4,1,56.99,1.0,0,0
304.06,0,13,2,2,563.72,0.5394,0,0
209.53,0,17,4,1,209.53,1.0,0,0
59.33,2,18,6,2,107.15,0.5537,0,0
54.58,1,12,2,1,54.58,1.0,0,0
234703.12,0,5,2,3,704109.35,0.3333,0,1
129.09,3,15,0,1,129.09,1.0,0,0
48.29,3,14,4,1,48.29,1.0,0,0
45.5,0,19,3,1,45.5,1.0,0,0
102.93,1,15,2,1,102.93,1.0,0,0
111.05,0,11,2,1,111.05,1.0,0,0
350.15,1,11,6,1,350.15,1.0,0,0
568.0,1,15,6,1,568.0,1.0,1,0
68.17,1,18,2,1,68.17,1.0,0,0
61.81,0,11,1,1,61.81,1.0,0,0
972.46,1,17,6,1,972.46,1.0,0,0
274.4,0,17,4,1,274.4,1.0,0,0
231.97,0,16,5,3,607.05,0.3821,0,0
932.06,1,15,3,1,932.06,1.0,0,0
26.13,2,15,1,1,26.13,1.0,0,0
256.26,1,16,6,1,256.26,1.0,0,0
334.98,0,9,4,1,334.98,1.0,0,0
93.34,0,17,2,1,93.34,1.0,0,0
1191.33,1,15,5,1,1191.33,1.0,0,0
99.24,0,17,1,1,99.24,1.0,0,0
63.07,2,15,6,1,63.07,1.0,0,0
675.54,2,16,3,2,1178.67,0.5731,0,0
171.18,0,17,6,1,171.18,1.0,0,0
91.55,1,8,0,3,256.08,0.3575,0,0
309.6,2,13,4,1,309.6,1.0,0,0
248.36,0,11,0,1,248.36,1.0,0,0
477.33,1,17,4,1,477.33,1.0,0,0
930.93,2,13,0,1,930.93,1.0,0,0
357.7,0,8,6,1,357.7,1.0,0,0
571.28,0,12,3,1,571.28,1.0,0,0
65.33,1,16,1,3,215.2,0.3036,0,0
20.05,1,13,5,2,42.19,0.4752,0,0
118.37,1,16,3,1,118.37,1.0,0,0
197.48,1,12,1,1,197.48,1.0,0,0
58.63,1,14,5,1,58.63,1.0,0,0
312.34,1,7,0,3,782.77,0.399,0,0
29.67,0,7,1,1,29.67,1.0,0,0
60.52,1,19,0,2,126.91,0.4769,0,0
101.68,1,20,1,1,101.68,1.0,0,0
18.79,2,23,6,1,18.79,1.0,0,0
91.05,1,18,6,1,91.05,1.0,0,0
1448.55,3,10,2,1,1448.55,1.0,0,0
166.7,1,15,1,1,166.7,1.0,0,0
232.86,0,12,4,1,232.86,1.0,0,0
584.38,0,18,1,1,584.38,1.0,0,0
47.49,0,16,1,1,47.49,1.0,0,0
4510.87,2,14,0,1,4510.87,1.0,0,0
552.12,0,17,0,1,552.12,1.0,0,0
388.54,0,11,3,2,811.2,0.479,0,0
278.64,0,20,6,1,278.64,1.0,0,0
501.87,1,16,2,1,501.87,1.0,0,0
167.33,1,8,0,2,320.44,0.5222,0,0
595.25,3,15,1,2,1259.29,0.4727,0,0
428.18,1,9,4,2,930.95,0.4599,0,0
61.87,1,19,4,1,61.87,1.0,0,0
35.36,1,18,1,1,35.36,1.0,0,0
302.07,1,17,1,2,637.98,0.4735,0,0
233.28,1,11,0,1,233.28,1.0,0,0
155.81,0,18,4,3,460.33,0.3385,0,0
56.57,1,19,6,1,56.57,1.0,0,0
56.99,1,22,3,2,114.46,0.4979,0,0
424.3,0,15,0,2,867.15,0.4893,0,0
131.45,1,18,2,2,240.75,0.546,0,0
213.76,2,13,2,1,213.76,1.0,0,0
143.21,0,14,5,3,389.53,0.3676,0,0
231.26,0,10,2,1,231.26,1.0,0,0
551.0,0,7,5,1,551.0,1.0,0,0
397.49,1,11,6,1,397.49,1.0,0,0
401.24,1,13,2,1,401.24,1.0,0,0
204.54,0,10,1,1,204.54,1.0,0,0
142.93,1,13,6,1,142.93,1.0,0,0
187.46,2,19,3,1,187.46,1.0,0,0
53.85,1,6,0,2,107.47,0.5011,0,0
2083.17,3,11,6,1,2083.17,1.0,0,0
1054.88,1,9,4,1,1054.88,1.0,0,0
49082.9,0,1,0,4,196331.6,0.25,1,1
326.16,1,12,3,1,326.16,1.0,0,0
194.21,2,17,5,1,194.21,1.0,0,0
558.04,1,18,5,1,558.04,1.0,0,0
27.32,1,14,4,2,46.86,0.5829,0,0
143.47,1,11,6,1,143.47,1.0,0,0
154.31,1,16,6,1,154.31,1.0,0,0
426.49,2,13,0,1,426.49,1.0,0,0
6444.78,0,15,4,1,6444.78,1.0,0,0
267.45,2,20,1,1,267.45,1.0,0,0
873.26,1,14,1,1,873.26,1.0,0,0
88.21,0,9,1,2,162.11,0.5442,0,0
2386.14,0,15,2,3,7468.92,0.3195,0,0
340.46,1,15,3,1,340.46,1.0,0,0
454.04,2,17,4,1,454.04,1.0,0,0
1197.84,3,12,5,2,2249.65,0.5325,0,0
339.77,0,11,1,2,588.94,0.5769,0,0
1107.51,2,21,0,1,1107.51,1.0,0,0
100.51,1,13,2,1,100.51,1.0,0,0
378.0,0,19,2,1,378.0,1.0,0,0
266.5,1,11,6,1,266.5,1.0,0,0
739.73,1,8,6,1,739.73,1.0,0,0
95.56,1,20,5,1,95.56,1.0,0,0
302.13,1,14,6,2,557.21,0.5422,0,0
202.22,0,11,1,1,202.22,1.0,0,0
206.46,1,8,6,1,206.46,1.0,0,0
96.52,2,16,6,1,96.52,1.0,0,0
188.91,1,10,5,1,188.91,1.0,0,0
186.1,0,19,1,1,186.1,1.0,0,0
424.9,1,11,5,1,424.9,1.0,0,0
136.0,0,13,0,1,136.0,1.0,0,0
188.82,0,14,6,1,188.82,1.0,0,0
554.5,1,7,1,1,554.5,1.0,0,0
392.72,1,18,6,1,392.72,1.0,0,0
272.35,1,15,4,1,272.35,1.0,0,0
274.98,1,19,2,1,274.98,1.0,0,0
306.22,1,11,4,2,552.66,0.5541,0,0
811.2,0,15,1,1,811.2,1.0,1,0
12812.6,0,7,2,7,91204.77,0.1405,0,1
327.42,2,16,4,1,327.42,1.0,0,0
211.82,0,13,1,1,211.82,1.0,0,0
160.59,1,10,6,1,160.59,1.0,0,0
517.72,1,14,0,1,517.72,1.0,0,0
162.33,1,13,6,1,162.33,1.0,0,0
469.54,0,13,4,1,469.54,1.0,0,0
518.94,1,8,2,1,518.94,1.0,0,0
82.79,3,18,4,2,159.18,0.5201,0,0
1814.4,1,9,1,1,1814.4,1.0,0,0
38.0,2,7,0,1,38.0,1.0,0,0
333.42,0,10,0,1,333.42,1.0,0,0
124.09,0,13,5,3,354.09,0.3505,1,0
2285.61,1,6,6,1,2285.61,1.0,0,0
377.95,0,12,5,1,377.95,1.0,0,0
321.29,0,17,1,1,321.29,1.0,0,0
254.05,1,11,6,1,254.05,1.0,0,0
640.76,2,16,3,2,1168.22,0.5485,0,0
1012.35,3,15,4,2,1971.11,0.5136,0,0
43.35,2,7,2,1,43.35,1.0,0,0
73.76,1,12,4,2,137.21,0.5376,0,0
281.86,0,12,0,1,281.86,1.0,0,0
1014.45,0,12,4,1,1014.45,1.0,0,0
618.65,1,14,0,1,618.65,1.0,0,0
1534.91,0,15,2,1,1534.91,1.0,0,0
155.17,1,13,6,2,311.92,0.4975,0,0
310.56,1,9,0,1,310.56,1.0,0,0
112.83,0,13,3,1,112.83,1.0,0,0
37.63,0,10,2,1,37.63,1.0,0,0
190.02,1,13,6,1,190.02,1.0,0,0
380.78,1,11,0,1,380.78,1.0,0,0
135.08,2,20,4,1,135.08,1.0,0,0
131.16,3,14,6,2,265.63,0.4938,0,0
140.42,1,12,1,1,140.42,1.0,0,0
388.47,1,14,5,2,725.74,0.5353,0,0
1017.73,0,15,3,2,1809.35,0.5625,0,0
178.36,1,11,5,2,361.28,0.4937,0,0
301.19,0,19,1,1,301.19,1.0,0,0
185.83,1,12,4,1,185.83,1.0,0,0
172.86,1,14,1,1,172.86,1.0,0,0
111.9,1,14,1,1,111.9,1.0,0,0
182.26,0,9,0,1,182.26,1.0,0,0
95.53,2,11,6,2,206.27,0.4631,0,0
459.16,2,15,5,1,459.16,1.0,0,0
429.6,1,14,6,1,429.6,1.0,0,0
75.32,1,14,2,1,75.32,1.0,1,0
119.6,0,12,1,1,119.6,1.0,0,0
855.53,1,21,2,1,855.53,1.0,0,0
224.1,1,9,0,1,224.1,1.0,0,0
87.78,0,14,1,2,189.54,0.4631,0,0
377.67,0,14,6,1,377.67,1.0,0,0
47948.12,0,11,3,6,277610.04,0.1727,0,1
164.69,0,12,0,2,304.48,0.5409,0,0
318.53,1,15,3,1,318.53,1.0,0,0
51.36,0,20,3,1,51.36,1.0,0,0
563.7,1,18,6,1,563.7,1.0,0,0
197.31,1,14,5,2,385.15,0.5123,0,0
1613.55,0,15,1,1,1613.55,1.0,0,0
144.93,3,16,4,1,144.93,1.0,0,0
443.5,0,13,2,1,443.5,1.0,0,0
330.5,1,4,4,2,571.45,0.5784,0,0
286.7,2,11,2,3,968.63,0.296,0,0
532.6,1,10,4,1,532.6,1.0,0,0
46008.43,2,12,3,3,146272.88,0.3145,0,1
125.07,1,23,6,1,125.07,1.0,0,0
843.77,2,13,0,1,843.77,1.0,0,0
435.59,1,7,4,1,435.59,1.0,0,0
412.55,3,16,6,1,412.55,1.0,0,0
225.35,2,17,3,2,462.6,0.4871,0,0
80.27,3,16,5,2,142.81,0.5621,0,0
382.47,1,20,3,2,730.08,0.5239,0,0
280.09,3,13,6,1,280.09,1.0,0,0
168.91,1,10,6,1,168.91,1.0,0,0
187.22,0,20,2,1,187.22,1.0,0,0
422.89,0,14,0,1,422.89,1.0,0,0
231.49,3,13,6,2,418.08,0.5537,0,0
252.15,3,16,3,1,252.15,1.0,0,0
339.8,1,11,2,1,339.8,1.0,0,0
33.42,1,20,2,2,57.03,0.586,0,0
393.4,1,13,4,1,393.4,1.0,0,0
249.23,1,15,0,2,509.08,0.4896,0,0
644.19,1,20,5,2,1367.04,0.4712,0,0
422.47,2,17,3,2,745.76,0.5665,0,0
306.22,1,20,0,1,306.22,1.0,0,0
214.36,0,17,1,1,214.36,1.0,0,0
1040.09,1,10,3,1,1040.09,1.0,0,0
119.81,1,15,1,1,119.81,1.0,0,0
268.32,1,20,0,1,268.32,1.0,0,0
274.17,0,14,1,1,274.17,1.0,0,0
368.64,2,10,5,1,368.64,1.0,0,0
738.74,0,9,0,1,738.74,1.0,0,0
396030.66,0,3,5,3,1188091.99,0.3333,0,1
166.26,3,19,0,1,166.26,1.0,0,0
290.18,0,23,6,1,290.18,1.0,0,0
644.67,2,16,4,2,1234.02,0.5224,0,0
44.45,1,17,3,1,44.45,1.0,0,0
347.69,1,18,5,1,347.69,1.0,0,0
475.46,2,6,4,1,475.46,1.0,0,0
580.03,2,20,4,1,580.03,1.0,0,0
151.77,0,16,1,1,151.77,1.0,0,0
294.57,3,20,2,1,294.57,1.0,0,0
186.07,1,13,6,2,381.14,0.4882,0,0
87.16,0,23,1,1,87.16,1.0,0,0
440.85,0,16,4,2,876.57,0.5029,0,0
101.54,1,20,5,2,212.89,0.477,0,0
751.96,1,14,6,1,751.96,1.0,0,0
319.95,1,18,6,1,319.95,1.0,0,0
172.17,1,22,5,2,373.49,0.461,0,0
261.89,1,13,4,2,558.54,0.4689,0,0
62.28,0,8,4,2,117.9,0.5282,0,0
67.53,2,9,3,1,67.53,1.0,0,0
54.2,1,17,2,1,54.2,1.0,0,0
303.54,1,13,3,1,303.54,1.0,0,0
285.84,3,11,5,1,285.84,1.0,0,0
749.49,0,13,3,1,749.49,1.0,0,0
270.98,3,8,0,1,270.98,1.0,0,0
439.76,0,21,1,2,824.33,0.5335,0,0
391.44,1,17,5,2,719.34,0.5442,0,0
137.46,0,16,4,1,137.46,1.0,0,0
340.88,1,11,6,1,340.88,1.0,0,0
171.87,2,11,0,3,551.93,0.3114,0,0
242.52,0,10,2,1,242.52,1.0,0,0
555.27,1,12,2,1,555.27,1.0,0,0
143.27,3,12,3,1,143.27,1.0,0,0
424.51,1,14,5,2,902.0,0.4706,0,0
57388.24,0,0,5,3,172164.71,0.3333,1,1
375.77,1,13,4,1,375.77,1.0,0,0
432.91,2,21,6,1,432.91,1.0,0,0
511.59,1,21,2,1,511.59,1.0,0,0
93.99,1,15,5,1,93.99,1.0,0,0
222.01,0,14,3,1,222.01,1.0,0,0
139.83,1,9,4,1,139.83,1.0,0,0
284.55,0,13,1,1,284.55,1.0,0,0
313856.46,0,15,4,1,313856.46,1.0,0,1
433.19,1,18,4,1,433.19,1.0,0,0
561.74,3,13,1,1,561.74,1.0,0,0
439.33,2,22,3,1,439.33,1.0,0,0
262.41,0,8,0,1,262.41,1.0,0,0
399.17,1,14,4,1,399.17,1.0,0,0
62.29,1,12,0,1,62.29,1.0,0,0
1200.45,1,12,2,2,2106.32,0.5699,0,0
36.78,1,19,0,2,80.54,0.4566,0,0
193.62,1,13,1,1,193.62,1.0,0,0
100.05,0,11,5,3,321.81,0.3109,0,0
103.2,1,22,6,1,103.2,1.0,0,0
1802.14,0,23,0,1,1802.14,1.0,0,0
339.68,0,21,6,1,339.68,1.0,0,0
118.08,1,14,1,3,335.79,0.3517,0,0
461.24,1,8,2,1,461.24,1.0,0,0
49.29,1,15,3,3,161.68,0.3049,0,0
593.71,0,12,6,1,593.71,1.0,0,0
374.0,1,17,5,1,374.0,1.0,0,0
6361.08,2,1,2,12,69328.15,0.0918,1,1
461.91,1,11,5,1,461.91,1.0,0,0
1640.75,0,17,4,1,1640.75,1.0,0,0
74.12,1,12,2,1,74.12,1.0,0,0
45.64,1,11,3,3,136.28,0.3349,0,0
222.45,0,10,4,2,391.52,0.5682,0,0
248.16,3,9,2,1,248.16,1.0,0,0
395.0,1,11,2,1,395.0,1.0,0,0
69.87,1,10,6,1,69.87,1.0,0,0
579.26,0,12,3,1,579.26,1.0,0,0
199.52,1,12,1,1,199.52,1.0,0,0
72.83,0,23,4,1,72.83,1.0,0,0
72.55,1,12,6,1,72.55,1.0,0,0
184.32,3,11,5,2,355.22,0.5189,0,0
88.4,1,15,3,1,88.4,1.0,0,0
599.21,0,21,1,2,1113.06,0.5383,0,0
451.68,1,13,4,2,947.85,0.4765,0,0
976.25,1,11,4,1,976.25,1.0,0,0
367.7,0,18,5,3,1219.57,0.3015,0,0
34339.08,0,3,6,5,171695.38,0.2,1,1
270.47,1,14,3,1,270.47,1.0,0,0
566.97,1,14,5,1,566.97,1.0,0,0
719.91,1,12,5,1,719.91,1.0,0,0
1676.55,0,12,1,1,1676.55,1.0,0,0
71.5,1,7,3,1,71.5,1.0,0,0
102.94,1,13,2,2,181.81,0.5662,0,0
159.61,1,9,4,2,338.95,0.4709,0,0
662.29,1,17,0,1,662.29,1.0,0,0
299.56,1,16,3,1,299.56,1.0,0,0
277296.88,0,23,2,2,554593.77,0.5,0,1
313.81,1,12,2,1,313.81,1.0,0,0
130.41,1,18,2,1,130.41,1.0,0,0
401.87,0,16,3,1,401.87,1.0,0,0
227.36,0,8,4,4,828.15,0.2745,0,0
547.9,1,18,4,1,547.9,1.0,0,0
427.74,0,12,5,1,427.74,1.0,0,0
447.17,1,16,2,3,1434.37,0.3118,0,0
23.92,1,14,1,1,23.92,1.0,0,0
292.74,1,13,2,1,292.74,1.0,0,0
66.0,1,12,3,1,66.0,1.0,0,0
538.56,0,14,5,2,1178.17,0.4571,0,0
324.44,0,10,1,1,324.44,1.0,0,0
115.38,0,13,6,2,245.5,0.47,0,0
564.03,0,13,4,1,564.03,1.0,0,0
1067.86,3,16,5,1,1067.86,1.0,0,0
23.47,0,21,3,2,47.83,0.4906,0,0
235.44,1,22,1,3,616.66,0.3818,0,0
256.34,2,16,3,1,256.34,1.0,0,0
148.57,1,13,6,2,289.96,0.5124,0,0
1062.91,1,9,3,1,1062.91,1.0,0,0
352.91,1,13,0,1,352.91,1.0,0,0
61.49,0,8,0,1,61.49,1.0,0,0
624.16,1,8,2,1,624.16,1.0,0,0
36.75,0,16,1,2,71.01,0.5175,0,0
529.47,1,11,4,2,1032.24,0.5129,0,0
351.4,1,7,3,1,351.4,1.0,0,0
436.72,1,13,3,1,436.72,1.0,0,0
842.18,1,9,6,1,842.18,1.0,0,0
1607.08,1,9,0,1,1607.08,1.0,0,0
297.49,0,14,4,1,297.49,1.0,0,0
122.21,0,15,6,1,122.21,1.0,0,0
47019.02,2,9,4,6,278861.32,0.1686,0,1
2274.99,1,12,1,1,2274.99,1.0,0,0
955.71,1,22,4,1,955.71,1.0,0,0
33.86,0,13,3,2,59.07,0.5732,0,0
279.32,3,6,1,1,279.32,1.0,0,0
137.46,1,13,6,1,137.46,1.0,0,0
208.45,1,13,0,1,208.45,1.0,0,0
661.39,0,13,6,2,1367.2,0.4838,0,0
113.45,0,9,4,1,113.45,1.0,0,0
520.54,1,13,3,1,520.54,1.0,0,0
258.82,3,17,6,1,258.82,1.0,0,0
1511.18,1,12,2,1,1511.18,1.0,0,0
189.84,0,18,6,1,189.84,1.0,0,0
343.66,3,15,2,1,343.66,1.0,0,0
651.7,2,13,3,2,1222.4,0.5331,0,0
157.37,0,6,4,1,157.37,1.0,0,0
398.15,0,11,0,1,398.15,1.0,0,0
498.69,1,14,2,1,498.69,1.0,0,0
920.71,3,11,1,1,920.71,1.0,0,0
478.22,1,19,0,1,478.22,1.0,0,0
111.53,1,10,5,1,111.53,1.0,0,0
275.52,1,14,6,1,275.52,1.0,0,0
382.4,1,12,2,2,813.99,0.4698,0,0
62.79,1,2,1,1,62.79,1.0,0,0
413.21,0,21,2,1,413.21,1.0,0,0
131.68,3,14,4,1,131.68,1.0,0,0
197.5,0,13,0,1,197.5,1.0,0,0
221.66,0,8,0,1,221.66,1.0,0,0
40.02,1,9,6,2,71.15,0.5624,0,0
334.53,0,17,3,1,334.53,1.0,0,0
182.14,3,23,4,1,182.14,1.0,0,0
268.31,1,12,4,1,268.31,1.0,0,0
709.32,0,17,4,1,709.32,1.0,0,0
278.06,1,13,0,1,278.06,1.0,0,0
784.7,1,13,0,2,1340.65,0.5853,0,0
50.78,1,13,3,2,111.51,0.4554,0,0
375.36,1,16,0,2,727.22,0.5162,0,0
366.48,1,15,5,2,665.22,0.5509,0,0
360.58,2,16,6,1,360.58,1.0,0,0
27.65,1,14,1,1,27.65,1.0,0,0
269.78,1,18,6,1,269.78,1.0,0,0
649.36,0,15,1,1,649.36,1.0,0,0
38.62,1,18,2,2,73.2,0.5275,0,0
75.35,0,10,4,1,75.35,1.0,1,0
740.76,1,13,2,1,740.76,1.0,0,0
426.34,1,11,1,1,426.34,1.0,0,0
214.92,0,13,3,1,214.92,1.0,0,0
240.42,1,15,3,1,240.42,1.0,0,0
28.33,0,12,2,2,54.91,0.5159,0,0
305.56,1,13,1,1,305.56,1.0,0,0
8645.93,0,9,0,13,122141.57,0.0708,1,1
440.82,0,12,5,1,440.82,1.0,0,0
80.88,1,12,4,1,80.88,1.0,0,0
202.2,3,7,4,2,400.57,0.5048,0,0
14.7,0,17,4,1,14.7,1.0,0,0
150.04,3,7,2,1,150.04,1.0,0,0
662.18,1,9,0,1,662.18,1.0,0,0
42.11,2,17,0,1,42.11,1.0,0,0
576.64,2,14,3,1,576.64,1.0,0,0
307.8,0,17,0,1,307.8,1.0,0,0
205.16,1,16,1,1,205.16,1.0,0,0
364.03,1,7,2,1,364.03,1.0,0,0
437.2,1,14,2,2,803.71,0.544,0,0
15.45,1,10,5,1,15.45,1.0,0,0
100.06,3,18,4,1,100.06,1.0,0,0
118.56,1,15,5,3,322.54,0.3676,0,0
114.08,1,16,4,2,214.38,0.5322,0,0
266.67,1,9,3,1,266.67,1.0,0,0
51.81,0,13,1,2,113.56,0.4562,0,0
54.84,1,19,0,1,54.84,1.0,0,0
452.27,2,10,3,1,452.27,1.0,0,0
1028.64,0,14,0,1,1028.64,1.0,0,0
291.95,1,14,5,1,291.95,1.0,0,0
154.08,1,16,0,2,331.12,0.4653,0,0
231.57,0,15,1,1,231.57,1.0,0,0
99.51,3,5,2,2,181.66,0.5478,0,0
251.28,1,10,5,1,251.28,1.0,0,0
187.47,0,11,1,1,187.47,1.0,0,0
338.35,2,16,5,1,338.35,1.0,0,0
369.43,0,21,1,1,369.43,1.0,0,0
133.67,1,14,4,1,133.67,1.0,0,0
228.35,0,13,2,1,228.35,1.0,0,0
308982.16,0,16,3,3,926946.48,0.3333,0,1
81.67,1,17,1,2,159.51,0.512,0,0
167.98,1,17,3,2,289.28,0.5807,0,0
291.93,1,16,2,1,291.93,1.0,0,0
90.2,2,11,5,1,90.2,1.0,0,0
379.8,0,15,5,2,668.32,0.5683,0,0
89.21,0,23,4,1,89.21,1.0,0,0
1370.36,2,11,5,1,1370.36,1.0,0,0
83.3,1,13,4,2,145.32,0.5732,0,0
361.06,1,16,1,1,361.06,1.0,0,0
104.06,1,15,5,1,104.06,1.0,0,0
180.46,1,5,4,1,180.46,1.0,0,0
99.42,1,15,2,1,99.42,1.0,0,0
503.85,0,13,4,1,503.85,1.0,0,0
77.72,1,21,5,2,141.39,0.5497,0,0
286.95,3,18,6,2,570.98,0.5025,0,0
798.34,1,14,3,1,798.34,1.0,0,0
86.91,0,13,4,2,180.86,0.4805,0,0
38.05,0,12,1,1,38.05,1.0,0,0
1283.54,1,10,0,1,1283.54,1.0,0,0
175.19,1,13,6,3,430.53,0.4069,0,0
19172.97,0,3,0,4,76691.88,0.25,1,1
557.91,1,12,3,1,557.91,1.0,0,0
359.02,2,14,4,2,627.98,0.5717,0,0
260.24,0,14,6,2,517.26,0.5031,0,0
391.26,1,15,1,1,391.26,1.0,0,0
29.73,0,13,2,1,29.73,1.0,0,0
244.22,0,18,1,1,244.22,1.0,0,0
181.13,3,19,6,1,181.13,1.0,0,0
49416.46,3,13,1,4,194737.79,0.2538,1,1
440.21,1,18,5,2,794.38,0.5542,0,0
171.64,0,8,2,1,171.64,1.0,0,0
63.19,3,11,3,1,63.19,1.0,0,0
362.13,1,14,5,2,779.44,0.4646,0,0
75.47,1,13,3,1,75.47,1.0,0,0
74.8,1,18,4,3,190.38,0.3929,0,0
467.58,3,14,6,1,467.58,1.0,0,0
620.41,0,7,0,1,620.41,1.0,0,0
23.72,0,8,1,1,23.72,1.0,0,0
749.57,1,8,0,3,1846.06,0.406,0,0
515.09,3,11,3,2,1026.27,0.5019,0,0
216.63,1,7,5,1,216.63,1.0,0,0
224.37,1,19,1,1,224.37,1.0,0,0
155.23,0,15,5,1,155.23,1.0,0,0
254.14,1,11,0,2,445.33,0.5707,0,0
46872.23,2,17,0,6,280876.34,0.1669,0,1
116.63,0,13,0,1,116.63,1.0,0,0
309.39,1,18,2,2,550.27,0.5622,0,0
45702.61,3,12,6,3,132078.6,0.346,1,1
437.55,0,13,4,2,885.34,0.4942,0,0
427.85,0,12,1,2,844.44,0.5067,0,0
720.05,2,12,0,1,720.05,1.0,0,0
788.2,0,11,2,1,788.2,1.0,0,0
86.44,1,13,1,2,149.57,0.5779,0,0
259.59,1,15,4,1,259.59,1.0,0,0
860.73,0,12,5,2,1695.12,0.5078,0,0
79.28,1,15,4,1,79.28,1.0,0,0
308.48,1,12,6,2,547.48,0.5635,0,0
1023.43,1,11,4,1,1023.43,1.0,0,0
114.21,1,19,2,1,114.21,1.0,0,0
52.44,1,19,0,1,52.44,1.0,0,0
1990.22,1,12,1,2,3501.69,0.5684,0,0
50.02,1,9,0,2,96.27,0.5196,0,0
90.53,0,18,4,1,90.53,1.0,0,0
171.35,0,9,5,1,171.35,1.0,0,0
74.3,1,8,4,1,74.3,1.0,0,0
230.66,0,11,6,1,230.66,1.0,0,0
156.47,0,4,5,1,156.47,1.0,0,0
598.12,3,15,1,1,598.12,1.0,0,0
418.82,1,16,2,1,418.82,1.0,0,0
101.15,1,11,5,1,101.15,1.0,0,0
738.41,1,17,4,1,738.41,1.0,0,0
167.62,1,14,2,2,315.9,0.5306,0,0
284.73,2,13,1,1,284.73,1.0,0,0
28279.3,0,2,0,2,56558.6,0.5,1,1
215.45,0,18,6,1,215.45,1.0,0,0
467.97,1,15,5,1,467.97,1.0,0,0
1213.87,2,15,3,1,1213.87,1.0,0,0
331.86,1,11,0,1,331.86,1.0,0,0
804.02,0,16,3,1,804.02,1.0,0,0
59.04,1,11,2,1,59.04,1.0,0,0
755.17,0,16,0,2,1396.62,0.5407,0,0
167.97,1,17,3,1,167.97,1.0,0,0
33.48,1,18,4,1,33.48,1.0,0,0
695.4,0,16,3,1,695.4,1.0,0,0
168.21,1,14,0,1,168.21,1.0,0,0
56.16,1,16,4,2,103.57,0.5422,0,0
127.83,0,12,6,1,127.83,1.0,0,0
523.29,1,16,4,1,523.29,1.0,0,0
9934.26,0,2,6,2,19868.53,0.5,1,1
128.46,1,23,5,1,128.46,1.0,0,0
153.48,1,16,0,1,153.48,1.0,0,0
83.47,2,16,2,1,83.47,1.0,0,0
321.57,1,16,0,1,321.57,1.0,0,0
321.76,0,23,5,1,321.76,1.0,0,0
158.6,1,16,1,1,158.6,1.0,0,0
136.77,1,19,6,1,136.77,1.0,0,0
138.91,1,16,5,1,138.91,1.0,0,0
163.7,1,14,2,1,163.7,1.0,0,0
344.3,1,18,5,1,344.3,1.0,0,0
122.92,1,16,0,1,122.92,1.0,0,0
235.17,1,12,6,2,400.99,0.5865,0,0
123.96,2,19,3,1,123.96,1.0,0,0
906.46,3,13,6,2,1923.75,0.4712,0,0
275.06,3,10,0,2,483.2,0.5692,0,0
25.66,0,16,0,1,25.66,1.0,0,0
142.62,1,23,5,1,142.62,1.0,0,0
74.4,1,7,1,1,74.4,1.0,0,0
323.51,1,8,0,1,323.51,1.0,0,0
549.6,2,13,1,1,549.6,1.0,0,0
99.01,0,21,0,2,193.28,0.5123,0,0
322.6,1,15,5,3,941.54,0.3426,0,0
236.61,1,14,5,1,236.61,1.0,0,0
122.3,0,16,1,1,122.3,1.0,0,0
310.24,0,13,0,1,310.24,1.0,0,0
128.4,0,9,0,2,226.44,0.567,0,0
224.28,0,3,1,1,224.28,1.0,0,0
59.28,1,8,4,2,119.94,0.4943,0,0
119.87,1,13,4,1,119.87,1.0,0,0
156.94,1,11,0,1,156.94,1.0,0,0
214.2,1,12,0,1,214.2,1.0,0,0
482.47,0,11,3,1,482.47,1.0,0,0
166.04,0,17,0,1,166.04,1.0,0,0
744.69,1,10,2,1,744.69,1.0,0,0
1297.1,1,9,2,1,1297.1,1.0,0,0
734.5,1,20,5,1,734.5,1.0,0,0
44.81,1,17,4,1,44.81,1.0,0,0
467.6,1,11,3,1,467.6,1.0,0,0
168.73,1,15,6,1,168.73,1.0,0,0
218.28,1,17,2,2,450.04,0.485,0,0
105.31,0,14,2,2,230.06,0.4577,0,0
233.93,2,11,5,1,233.93,1.0,0,0
1033.61,1,12,2,1,1033.61,1.0,0,0
63.93,1,16,4,2,138.36,0.4621,0,0
88.67,1,17,0,2,166.61,0.5322,0,0
55.03,1,12,1,2,95.06,0.5789,0,0
160.24,1,7,6,2,282.25,0.5677,0,0
10338.56,2,4,6,6,59680.28,0.1732,0,1
145.15,1,14,5,4,633.62,0.2291,0,0
88.38,1,17,4,1,88.38,1.0,0,0
234.53,1,12,6,1,234.53,1.0,0,0
132.12,1,12,3,2,237.56,0.5562,0,0
72.94,1,7,0,1,72.94,1.0,0,0
406.56,2,12,2,1,406.56,1.0,0,0
79.88,1,20,1,1,79.88,1.0,0,0
47786.57,3,12,4,5,237515.5,0.2012,0,1
158.66,2,12,5,2,336.42,0.4716,0,0
60.72,2,11,2,1,60.72,1.0,0,0
236.68,3,10,1,1,236.68,1.0,0,0
112.77,1,11,0,1,112.77,1.0,0,0
519.68,1,15,1,1,519.68,1.0,0,0
1438.72,1,18,5,1,1438.72,1.0,0,0
94.13,1,13,1,1,94.13,1.0,0,0
1082.9,1,12,0,1,1082.9,1.0,0,0
398.61,1,11,5,2,848.01,0.4701,0,0
440.21,1,12,1,2,766.6,0.5742,0,0
115.56,1,15,2,1,115.56,1.0,0,0
932.8,1,18,0,2,1831.72,0.5093,0,0
135.49,1,7,2,1,135.49,1.0,0,0
61.78,1,17,4,1,61.78,1.0,0,0
178.03,1,11,6,2,361.54,0.4924,0,0
301.96,0,9,4,3,918.69,0.3287,0,0
111.39,1,5,5,1,111.39,1.0,0,0
190.09,3,14,0,3,495.96,0.3833,0,0
117.4,1,8,2,1,117.4,1.0,0,0
488.08,2,13,2,1,488.08,1.0,0,0
515.69,0,12,4,3,1290.52,0.3996,0,0
211.23,0,20,3,1,211.23,1.0,0,0
232.02,0,11,6,2,474.18,0.4893,0,0
165.07,3,11,6,3,526.25,0.3137,0,0
46574.84,0,1,0,3,139724.51,0.3333,1,1
252.82,0,17,4,1,252.82,1.0,0,0
61.76,0,8,5,2,116.37,0.5308,0,0
217.32,1,13,2,1,217.32,1.0,0,0
549.25,1,15,1,1,549.25,1.0,0,0
241.77,0,17,1,1,241.77,1.0,0,0
877.9,1,13,4,1,877.9,1.0,0,0
197.59,1,15,1,1,197.59,1.0,0,0
589.31,1,14,6,1,589.31,1.0,0,0
40.12,1,20,6,1,40.12,1.0,0,0
235.08,0,5,6,1,235.08,1.0,0,0
1203.41,1,12,1,1,1203.41,1.0,0,0
129.46,2,17,0,1,129.46,1.0,0,0
1060.19,0,23,2,2,2247.19,0.4718,0,0
172.06,1,22,6,1,172.06,1.0,0,0
822.64,1,11,2,1,822.64,1.0,0,0
18208.92,0,2,5,3,54626.77,0.3333,1,1
125.21,2,19,6,1,125.21,1.0,0,0
335.31,1,15,4,1,335.31,1.0,0,0
71.84,1,12,2,2,156.58,0.4588,0,0
190.11,1,18,1,2,350.93,0.5418,0,0
83.95,0,12,5,2,143.48,0.5851,0,0
462.91,1,14,0,1,462.91,1.0,0,0
88.59,1,18,4,1,88.59,1.0,0,0
1061.23,3,9,4,1,1061.23,1.0,0,0
262.97,1,9,0,1,262.97,1.0,0,0
141.41,1,15,2,1,141.41,1.0,0,0
99.68,0,15,0,1,99.68,1.0,0,0
470.24,1,20,0,1,470.24,1.0,0,0
3286.81,0,20,2,1,3286.81,1.0,0,0
527.06,0,17,2,1,527.06,1.0,0,0
945.47,2,19,5,1,945.47,1.0,0,0
738.54,1,15,0,2,1536.72,0.4806,0,0
1517.59,2,14,0,1,1517.59,1.0,0,0
215.93,1,17,4,2,461.75,0.4676,0,0
581.86,0,14,1,1,581.86,1.0,0,0
58.72,1,17,3,1,58.72,1.0,0,0
99.4,0,8,5,2,199.04,0.4994,0,0
230.21,3,12,6,1,230.21,1.0,0,0
41.41,0,10,2,2,77.07,0.5374,0,0
24370.16,0,17,1,9,219873.95,0.1108,0,1
55.25,0,19,2,2,110.15,0.5016,0,0
78.5,1,9,6,2,169.93,0.4619,0,0
93.19,1,21,2,1,93.19,1.0,0,0
464.39,3,7,4,1,464.39,1.0,0,0
1620.45,0,14,3,1,1620.45,1.0,0,0
45.06,2,15,0,1,45.06,1.0,0,0
21.36,1,19,0,1,21.36,1.0,0,0
1008.19,1,15,1,2,2104.11,0.4792,0,0
359.52,1,20,5,1,359.52,1.0,0,0
56057.96,0,4,5,2,112115.92,0.5,1,1
308.28,1,18,4,1,308.28,1.0,0,0
212.43,1,15,6,1,212.43,1.0,0,0
262.56,0,17,0,1,262.56,1.0,0,0
347.84,1,18,5,1,347.84,1.0,0,0
235.77,1,6,2,1,235.77,1.0,0,0
42553.49,0,3,0,2,85106.98,0.5,1,1
55.86,1,22,2,1,55.86,1.0,0,0
2959.39,3,18,1,1,2959.39,1.0,0,0
451.71,0,16,3,1,451.71,1.0,0,0
623.35,1,3,3,1,623.35,1.0,0,0
497.53,1,12,4,1,497.53,1.0,0,0
352.02,0,18,0,2,651.41,0.5404,0,0
1118.25,0,12,3,1,1118.25,1.0,0,0
127.57,1,14,6,1,127.57,1.0,0,0
41.54,1,10,5,1,41.54,1.0,0,0
256.35,2,14,2,1,256.35,1.0,0,0
1556.84,1,15,1,1,1556.84,1.0,0,0
277.6,1,15,4,1,277.6,1.0,0,0
51.88,1,13,5,1,51.88,1.0,0,0
247.77,1,14,3,2,447.49,0.5537,0,0
656.71,1,9,5,1,656.71,1.0,0,0
60.48,3,13,1,1,60.48,1.0,0,0
154.11,1,8,4,1,154.11,1.0,0,0
1663.11,0,10,4,1,1663.11,1.0,0,0
90.82,1,18,2,1,90.82,1.0,0,0
95.08,1,11,6,2,189.04,0.503,0,0
151.88,0,9,0,2,310.16,0.4897,0,0
151.22,0,22,6,2,259.03,0.5838,0,0
507.1,2,18,6,1,507.1,1.0,0,0
1245.64,0,17,3,2,2411.42,0.5166,0,0
257.71,0,21,0,1,257.71,1.0,0,0
41.41,0,17,1,3,104.53,0.3962,0,0
187.21,1,9,1,2,382.37,0.4896,0,0
203.54,0,10,0,2,389.99,0.5219,0,0
97.8,0,7,0,1,97.8,1.0,0,0
142.14,0,16,0,1,142.14,1.0,0,0
307.73,1,14,5,1,307.73,1.0,0,0
767.08,0,9,4,2,1447.32,0.53,0,0
732.26,1,8,6,1,732.26,1.0,0,0
585.21,2,17,4,3,1704.49,0.3433,0,0
435.09,1,10,3,2,794.28,0.5478,0,0
278.28,1,16,4,2,493.1,0.5643,0,0
381.39,1,9,3,2,716.32,0.5324,0,0
76.9,0,17,2,1,76.9,1.0,0,0
190.05,2,10,1,1,190.05,1.0,0,0
170.2,1,14,5,1,170.2,1.0,0,0
89.3,1,12,2,1,89.3,1.0,0,0
38.77,2,14,1,2,65.98,0.5876,0,0
152.31,0,16,2,2,304.58,0.5001,0,0
38.38,0,12,3,2,81.36,0.4718,0,0
646.13,3,22,2,1,646.13,1.0,0,0
55.67,1,14,1,2,119.28,0.4667,0,0
190.59,1,21,3,1,190.59,1.0,0,0
454.46,1,9,3,1,454.46,1.0,0,0
80.92,1,20,6,1,80.92,1.0,0,0
558.73,1,13,6,1,558.73,1.0,0,0
534.42,0,18,1,1,534.42,1.0,0,0
129.7,2,17,0,1,129.7,1.0,0,0
16.38,2,12,4,1,16.38,1.0,0,0
174.87,3,17,5,1,174.87,1.0,0,0
957.06,3,9,6,1,957.06,1.0,0,0
90.96,1,11,6,2,197.87,0.4597,0,0
292.15,1,9,5,2,629.87,0.4638,0,0
207.34,1,9,5,1,207.34,1.0,0,0
119.17,1,16,5,1,119.17,1.0,0,0
223.9,0,12,3,1,223.9,1.0,0,0
322.73,0,22,4,1,322.73,1.0,0,0
49.8,1,12,5,1,49.8,1.0,0,0
586.6,3,16,4,1,586.6,1.0,0,0
359.62,1,13,5,1,359.62,1.0,0,0
96812.61,0,20,5,1,96812.61,1.0,1,1
394.1,1,20,0,2,760.01,0.5185,0,0
358.84,1,21,5,1,358.84,1.0,0,0
142.06,0,13,1,1,142.06,1.0,0,0
156.25,0,13,6,1,156.25,1.0,0,0
195.11,1,8,5,1,195.11,1.0,0,0
1526.84,2,13,4,1,1526.84,1.0,0,0
353.21,3,16,3,2,679.51,0.5198,0,0
87.67,0,12,1,1,87.67,1.0,0,0
866.57,1,15,2,1,866.57,1.0,0,0
413.44,1,14,3,1,413.44,1.0,0,0
17194.93,2,14,1,14,275355.1,0.0624,0,1
116.49,1,14,6,1,116.49,1.0,0,0
306.77,0,18,6,1,306.77,1.0,0,0
283.05,3,14,1,1,283.05,1.0,0,0
835.83,1,9,1,1,835.83,1.0,0,0
329.62,0,12,2,1,329.62,1.0,0,0
31.35,1,15,1,2,67.37,0.4653,0,0
1433.58,0,16,4,1,1433.58,1.0,0,0
571.33,1,11,5,2,1256.13,0.4548,0,0
132.48,1,8,4,1,132.48,1.0,0,0
185.55,1,12,3,1,185.55,1.0,0,0
136.19,1,14,3,1,136.19,1.0,0,0
252.43,3,11,0,1,252.43,1.0,0,0
182.7,1,13,3,1,182.7,1.0,0,0
246.17,0,17,2,1,246.17,1.0,0,0
696.2,1,7,0,1,696.2,1.0,0,0
206.66,1,21,5,1,206.66,1.0,0,0
52.65,1,13,0,2,104.45,0.5041,0,0
234.65,2,16,2,1,234.65,1.0,0,0
322.9,1,14,5,1,322.9,1.0,0,0
399.72,1,20,1,1,399.72,1.0,0,0
363.15,1,16,0,2,758.42,0.4788,0,0
431.37,1,19,3,1,431.37,1.0,0,0
43.05,0,21,1,1,43.05,1.0,0,0
109.21,1,13,0,1,109.21,1.0,0,0
137.87,1,21,2,2,283.55,0.4862,0,0
255.73,1,18,3,1,255.73,1.0,0,0
78.24,1,16,5,1,78.24,1.0,0,0
460.35,1,11,1,1,460.35,1.0,0,0
761.49,1,18,2,1,761.49,1.0,0,0
1129.26,1,10,0,1,1129.26,1.0,0,0
581.62,1,12,5,1,581.62,1.0,0,0
45164.9,3,13,5,6,283966.63,0.1591,0,1
52.95,0,12,5,1,52.95,1.0,0,0
526.34,1,18,4,1,526.34,1.0,0,0
168.21,1,14,1,2,323.41,0.5201,0,0
114.34,2,8,3,1,114.34,1.0,0,0
250.75,1,17,3,2,534.26,0.4693,0,0
65.13,1,7,6,1,65.13,1.0,0,0
23.71,0,19,5,1,23.71,1.0,0,0
267.93,1,17,5,1,267.93,1.0,0,0
1575.48,0,9,6,1,1575.48,1.0,0,0
392.11,1,12,5,3,1236.88,0.317,0,0
41.9,0,6,2,1,41.9,1.0,0,0
263.94,2,13,6,1,263.94,1.0,0,0
5550.89,2,3,0,7,40764.54,0.1362,1,1
229.68,2,12,0,1,229.68,1.0,0,0
81.71,1,9,0,1,81.71,1.0,0,0
141.6,3,12,4,1,141.6,1.0,0,0
87.29,0,23,1,2,178.92,0.4879,0,0
10608.17,2,13,6,12,129505.79,0.0819,0,1
129.76,2,7,4,3,418.73,0.3099,0,0
138.18,0,19,1,1,138.18,1.0,0,0
332.15,1,13,1,1,332.15,1.0,0,0
258.05,1,17,4,1,258.05,1.0,0,0
18.83,0,23,1,2,37.27,0.5051,0,0
408.54,1,12,4,2,765.24,0.5339,0,0
112.12,1,16,4,1,112.12,1.0,0,0
156.48,1,16,6,3,493.66,0.317,0,0
321.39,2,15,3,1,321.39,1.0,0,0
17674.13,2,19,5,8,142762.81,0.1238,0,1
104.99,2,19,6,1,104.99,1.0,0,0
104.74,1,15,5,2,228.96,0.4575,0,0
107.87,0,14,1,2,234.13,0.4607,0,0
181.34,0,10,0,1,181.34,1.0,0,0
635.64,2,12,1,1,635.64,1.0,0,0
11.62,1,13,5,2,21.85,0.5315,0,0
58.93,1,16,2,1,58.93,1.0,0,0
327.25,0,15,5,1,327.25,1.0,0,0
189.18,0,13,1,1,189.18,1.0,0,0
156.03,3,8,2,2,331.03,0.4713,0,0
122.22,0,15,0,2,265.48,0.4604,0,0
201.04,1,18,3,2,432.55,0.4648,0,0
214.04,1,13,1,1,214.04,1.0,0,0
573.23,1,14,2,1,573.23,1.0,0,0
158.63,3,13,0,1,158.63,1.0,0,0
266.8,1,23,3,2,565.63,0.4717,0,0
221.75,1,8,3,1,221.75,1.0,0,0
223.94,1,14,4,1,223.94,1.0,0,0
70.49,2,11,1,1,70.49,1.0,1,0
2825.15,0,15,5,2,6209.07,0.455,0,0
231.18,0,16,1,1,231.18,1.0,0,0
114.38,0,17,1,1,114.38,1.0,0,0
53.75,2,11,3,2,100.59,0.5343,0,0
178.35,0,8,3,1,178.35,1.0,0,0
164.07,1,13,1,1,164.07,1.0,0,0
62.67,1,19,0,1,62.67,1.0,0,0
176.7,1,18,3,1,176.7,1.0,0,0
339.48,0,15,3,1,339.48,1.0,0,0
290.09,0,10,3,1,290.09,1.0,0,0
944.47,0,11,4,2,1699.1,0.5559,0,0
1035.15,1,15,3,1,1035.15,1.0,0,0
519.5,1,12,1,1,519.5,1.0,0,0
78.89,1,12,6,1,78.89,1.0,0,0
422.13,1,8,2,3,1101.0,0.3834,0,0
1236.54,0,16,1,1,1236.54,1.0,0,0
91.52,2,13,3,2,172.39,0.5309,0,0
255.87,1,11,3,1,255.87,1.0,0,0
711.39,1,19,1,1,711.39,1.0,0,0
306.6,2,13,0,1,306.6,1.0,0,0
302.51,1,18,6,1,302.51,1.0,0,0
225.94,1,14,3,1,225.94,1.0,0,0
597.56,3,12,2,2,1153.43,0.5181,0,0
51.97,0,15,1,2,110.78,0.4692,0,0
427344.02,2,17,6,1,427344.02,1.0,0,1
75.79,1,12,3,2,141.43,0.5359,0,0
214.41,0,6,1,1,214.41,1.0,0,0
246.78,1,14,4,1,246.78,1.0,0,0
46050.91,0,12,6,5,212309.35,0.2169,1,1
95.48,1,17,1,1,95.48,1.0,0,0
63.02,0,19,6,2,118.04,0.5339,0,0
526.02,1,22,3,1,526.02,1.0,0,0
378.52,1,17,6,1,378.52,1.0,0,0
144.13,1,13,4,1,144.13,1.0,0,0
86.98,0,17,4,1,86.98,1.0,0,0
57.51,2,19,3,1,57.51,1.0,0,0
1028.62,1,5,0,1,1028.62,1.0,0,0
385.79,1,11,2,2,693.47,0.5563,0,0
370.14,1,15,3,1,370.14,1.0,0,0
853.22,0,19,3,1,853.22,1.0,0,0
1758.46,3,14,1,1,1758.46,1.0,0,0
619.12,0,12,4,1,619.12,1.0,0,0
214.86,0,3,2,1,214.86,1.0,0,0
653.88,2,13,6,1,653.88,1.0,0,0
46680.32,0,13,2,4,194985.89,0.2394,0,1
201.14,0,10,6,1,201.14,1.0,0,0
45.27,0,12,0,1,45.27,1.0,0,0
480.65,1,12,4,2,1050.4,0.4576,0,0
205.13,3,8,5,2,445.45,0.4605,0,0
908.71,3,19,1,1,908.71,1.0,0,0
62.51,0,21,5,1,62.51,1.0,0,0
143.56,0,11,6,1,143.56,1.0,0,0
316.79,1,14,2,1,316.79,1.0,0,0
1186.89,1,17,0,1,1186.89,1.0,0,0
648.56,2,10,0,1,648.56,1.0,0,0
537.8,0,14,6,1,537.8,1.0,0,0
440229.3,0,5,2,1,440229.3,1.0,0,1
318.0,1,13,0,2,591.23,0.5379,0,0
180.17,1,13,4,1,180.17,1.0,0,0
422.37,0,11,2,1,422.37,1.0,0,0
36.0,1,15,6,2,76.96,0.4677,0,0
235.35,1,10,2,1,235.35,1.0,0,0
1452.5,0,17,1,1,1452.5,1.0,0,0
450.72,1,16,6,1,450.72,1.0,0,0
15.71,0,9,5,1,15.71,1.0,0,0
73.88,1,19,6,1,73.88,1.0,0,0
69.99,1,11,6,1,69.99,1.0,0,0
607.04,0,21,0,1,607.04,1.0,0,0
505.15,1,13,6,2,1029.44,0.4907,0,0
247.5,1,19,3,2,474.44,0.5217,0,0
255.35,3,14,6,1,255.35,1.0,0,0
274.92,1,13,0,1,274.92,1.0,0,0
493.11,2,17,5,2,998.56,0.4938,0,0
171.05,0,14,3,1,171.05,1.0,0,0
904.98,2,19,4,2,1951.11,0.4638,0,0
390.94,1,15,0,1,390.94,1.0,0,0
423.68,1,23,3,1,423.68,1.0,0,0
521.71,1,16,3,2,894.41,0.5833,0,0
186.72,1,15,4,2,354.1,0.5273,0,0
435.0,0,7,3,1,435.0,1.0,0,0
391.68,0,11,4,1,391.68,1.0,0,0
11425.47,0,1,3,7,82084.11,0.1392,0,1
36.3,1,11,2,1,36.3,1.0,0,0
157.2,1,10,6,2,280.81,0.5598,0,0
991.42,1,16,4,2,1983.46,0.4998,0,0
361.6,0,14,2,1,361.6,1.0,0,0
202.34,0,17,2,1,202.34,1.0,0,0
36.68,1,14,2,2,79.15,0.4634,0,0
139.81,1,12,0,1,139.81,1.0,0,0
657.57,1,22,5,2,1303.9,0.5043,0,0
36.89,0,13,0,2,66.18,0.5575,0,0
48.04,1,13,1,1,48.04,1.0,0,0
31.86,1,12,4,1,31.86,1.0,0,0
1115.2,1,17,3,1,1115.2,1.0,0,0
1098.86,0,15,1,1,1098.86,1.0,0,0
1644.28,1,12,4,1,1644.28,1.0,0,0
465.05,1,11,0,1,465.05,1.0,0,0
76.99,1,19,3,3,238.83,0.3224,0,0
31.49,1,18,6,2,64.12,0.4912,0,0
404.66,0,15,0,2,699.92,0.5782,0,0
1200.17,1,9,2,1,1200.17,1.0,0,0
1920.42,1,17,4,1,1920.42,1.0,0,0
3131.69,1,16,0,1,3131.69,1.0,0,0
397.7,2,12,0,1,397.7,1.0,0,0
64.05,0,13,2,1,64.05,1.0,0,0
2055.9,1,19,5,1,2055.9,1.0,0,0
649.8,1,15,6,1,649.8,1.0,0,0
137.08,1,9,5,1,137.08,1.0,0,0
916.82,1,13,3,1,916.82,1.0,0,0
311.58,2,18,0,1,311.58,1.0,0,0
222.74,1,13,3,2,431.19,0.5166,0,0
96.64,2,10,1,1,96.64,1.0,0,0
89.25,1,12,3,1,89.25,1.0,0,0
258.84,1,18,2,1,258.84,1.0,0,0
16.54,3,13,2,1,16.54,1.0,0,0
74.26,1,18,2,1,74.26,1.0,0,0
477.5,1,20,3,1,477.5,1.0,0,0
115.35,1,12,4,1,115.35,1.0,0,0
124.12,0,10,5,1,124.12,1.0,0,0
370.66,2,17,1,1,370.66,1.0,0,0
82.71,0,15,5,1,82.71,1.0,0,0
54.9,0,19,1,1,54.9,1.0,0,0
53.39,1,22,2,1,53.39,1.0,0,0
80.37,1,11,6,2,169.91,0.473,0,0
153.42,1,21,5,2,321.68,0.4769,0,0
946.33,3,16,5,2,1726.37,0.5482,0,0
302.03,1,19,2,1,302.03,1.0,0,0
584.54,1,14,6,1,584.54,1.0,0,0
1791.82,0,14,0,2,3715.54,0.4823,0,0
103.84,1,13,1,2,182.4,0.5693,0,0
62.74,1,12,5,1,62.74,1.0,0,0
732.21,0,19,6,2,1594.85,0.4591,0,0
102.82,1,13,1,1,102.82,1.0,0,0
299.88,0,5,3,1,299.88,1.0,0,0
247.04,0,21,1,2,452.64,0.5458,0,0
140.53,3,17,2,1,140.53,1.0,0,0
300.49,2,12,6,1,300.49,1.0,0,0
100.48,1,20,1,1,100.48,1.0,0,0
319.49,2,10,6,3,824.11,0.3877,0,0
21.89,0,18,6,1,21.89,1.0,0,0
86.78,3,10,0,1,86.78,1.0,0,0
49057.83,3,12,0,4,181201.8,0.2707,1,1
109.45,0,14,2,1,109.45,1.0,0,0
170.27,3,15,2,1,170.27,1.0,0,0
1452.77,1,13,6,2,2582.2,0.5626,0,0
338.14,0,19,6,1,338.14,1.0,0,0
31465.52,0,23,5,4,125862.06,0.25,1,1
176.57,1,15,1,2,352.51,0.5009,0,0
137.34,1,18,4,1,137.34,1.0,0,0
42.93,1,17,4,1,42.93,1.0,0,0
82.06,1,9,1,1,82.06,1.0,0,0
101.37,1,7,3,1,101.37,1.0,0,0
1981.62,2,15,5,1,1981.62,1.0,0,0
424.2,1,13,6,2,897.19,0.4728,0,0
110.02,1,12,2,1,110.02,1.0,0,0
283.02,1,12,2,2,591.26,0.4787,0,0
168.9,3,14,6,2,355.21,0.4755,0,0
200.96,0,15,6,2,342.53,0.5867,0,0
329.28,1,11,1,1,329.28,1.0,0,0
45661.05,0,12,0,7,350676.55,0.1302,1,1
542.31,0,17,3,1,542.31,1.0,0,0
662.39,2,11,4,1,662.39,1.0,0,0
47828.62,3,15,2,5,218816.06,0.2186,1,1
304.78,1,12,5,1,304.78,1.0,0,0
85.75,2,13,0,1,85.75,1.0,0,0
454.73,1,21,3,1,454.73,1.0,0,0
227.85,1,23,4,2,424.95,0.5362,0,0
327.97,1,15,0,1,327.97,1.0,0,0
174.29,0,7,5,2,321.74,0.5417,0,0
82.87,1,16,3,2,181.69,0.4561,0,0
873.83,1,12,6,1,873.83,1.0,0,0
127.79,1,6,0,1,127.79,1.0,0,0
178.58,3,7,4,1,178.58,1.0,0,0
46.15,1,14,6,1,46.15,1.0,0,0
32.08,1,8,6,1,32.08,1.0,0,0
343.71,1,14,4,1,343.71,1.0,0,0
49.14,1,14,3,2,96.26,0.5105,0,0
25.86,0,15,3,2,44.95,0.5754,0,0
346.61,2,14,6,2,658.7,0.5262,0,0
262.46,1,15,4,1,262.46,1.0,0,0
162.89,2,16,5,1,162.89,1.0,0,0
1364.84,0,15,6,1,1364.84,1.0,0,0
276.21,1,16,0,1,276.21,1.0,0,0
472.43,0,8,4,1,472.43,1.0,0,0
107.1,3,11,2,1,107.1,1.0,0,0
847.22,1,7,4,1,847.22,1.0,0,0
123.24,1,21,1,1,123.24,1.0,0,0
293.37,1,14,4,2,601.93,0.4874,0,0
261.79,0,11,5,2,485.34,0.5394,0,0
723.85,1,15,5,2,1456.47,0.497,0,0
48891.93,0,16,5,6,287429.59,0.1701,1,1
644.37,1,21,1,3,2049.6,0.3144,0,0
765.72,1,21,2,1,765.72,1.0,0,0
124.3,1,13,0,2,236.55,0.5255,0,0
108.22,1,13,2,1,108.22,1.0,0,0
38780.14,0,3,5,5,193900.7,0.2,1,1
136.1,1,12,4,1,136.1,1.0,0,0
294.66,1,15,1,1,294.66,1.0,1,0
369.77,1,15,4,1,369.77,1.0,0,0
970.43,0,14,6,2,1809.94,0.5362,0,0
302.36,1,17,2,1,302.36,1.0,0,0
312.23,1,15,6,1,312.23,1.0,0,0
71.92,1,14,5,1,71.92,1.0,0,0
765.26,1,6,3,3,2137.84,0.358,0,0
532.23,0,8,3,1,532.23,1.0,0,0
784.99,0,13,5,1,784.99,1.0,0,0
137655.14,0,2,3,2,275310.28,0.5,1,1
228.2,1,9,0,1,228.2,1.0,0,0
108.4,0,8,5,1,108.4,1.0,0,0
205.0,1,15,6,2,354.48,0.5783,0,0
47.1,1,17,6,1,47.1,1.0,0,0
3033.51,2,3,4,2,6410.52,0.4732,0,0
20483.07,2,8,1,14,242260.9,0.0845,1,1
508.99,1,11,0,1,508.99,1.0,0,0
78.39,0,10,5,1,78.39,1.0,0,0
177.64,0,18,4,1,177.64,1.0,0,0
136.91,0,12,6,2,266.88,0.513,0,0
168.44,1,14,0,1,168.44,1.0,0,0
93.35,1,13,3,2,186.32,0.501,0,0
203.53,2,16,3,1,203.53,1.0,0,0
25.55,0,11,6,1,25.55,1.0,0,0
133.07,1,18,1,1,133.07,1.0,0,0
79.72,1,20,4,2,146.1,0.5457,0,0
174.23,1,22,3,1,174.23,1.0,0,0
140.08,3,11,6,2,249.05,0.5625,0,0
131.39,1,16,6,1,131.39,1.0,0,0
341.04,1,14,5,1,341.04,1.0,0,0
379.55,1,13,0,1,379.55,1.0,0,0
247.98,0,14,2,1,247.98,1.0,0,0
2273.95,3,10,2,4,8982.47,0.2532,0,0
655.98,1,11,2,1,655.98,1.0,0,0
116.3,1,12,4,1,116.3,1.0,0,0
63.72,2,14,5,2,121.56,0.5242,0,0
734.5,1,8,6,1,734.5,1.0,0,0
1231.49,1,11,6,1,1231.49,1.0,0,0
143.48,0,14,0,1,143.48,1.0,0,0
362.57,1,18,0,1,362.57,1.0,0,0
337.12,1,9,2,1,337.12,1.0,0,0
200.41,0,15,6,1,200.41,1.0,0,0
995.72,1,17,4,1,995.72,1.0,0,0
29.75,1,18,6,1,29.75,1.0,0,0
756.72,1,21,4,1,756.72,1.0,0,0
745.9,1,10,6,1,745.9,1.0,0,0
197.58,3,16,6,1,197.58,1.0,1,0
722.24,1,12,3,2,1231.72,0.5864,0,0
45475.94,0,3,5,5,227379.7,0.2,1,1
156.1,0,9,4,1,156.1,1.0,0,0
359.03,1,2,4,1,359.03,1.0,0,0
89.8,1,21,3,1,89.8,1.0,0,0
207.49,0,15,5,2,419.4,0.4947,0,0
150.1,0,12,4,1,150.1,1.0,0,0
446.29,1,9,6,1,446.29,1.0,0,0
516.6,0,11,3,1,516.6,1.0,0,0
2821.8,1,13,4,1,2821.8,1.0,0,0
830.93,1,13,2,1,830.93,1.0,0,0
641.98,0,9,0,1,641.98,1.0,0,0
166.4,1,18,2,1,166.4,1.0,0,0
1002.41,1,9,6,2,1821.07,0.5505,0,0
254.99,2,14,3,1,254.99,1.0,0,0
118.82,1,19,5,1,118.82,1.0,0,0
2205.81,2,15,1,2,4033.94,0.5468,0,0
410.22,1,4,4,1,410.22,1.0,0,0
334.93,1,15,0,1,334.93,1.0,0,0
385.69,0,15,1,2,784.97,0.4913,0,0
247.77,1,10,4,1,247.77,1.0,0,0
186.62,1,12,2,1,186.62,1.0,0,0
146.4,1,16,3,1,146.4,1.0,0,0
618.59,0,14,6,1,618.59,1.0,0,0
49.92,0,14,2,2,100.43,0.4971,0,0
252.3,1,17,5,1,252.3,1.0,0,0
838.72,0,11,3,1,838.72,1.0,0,0
850.34,1,17,6,1,850.34,1.0,0,0
118.03,1,16,2,2,246.99,0.4779,0,0
644.02,0,18,3,1,644.02,1.0,0,0
551.48,3,14,0,1,551.48,1.0,0,0
777.7,1,19,3,1,777.7,1.0,0,0
86.78,1,9,1,1,86.78,1.0,0,0
154.22,1,16,0,1,154.22,1.0,0,0
322.78,0,14,0,2,696.19,0.4636,0,0
99.24,1,5,6,2,209.21,0.4744,0,0
53053.5,0,4,5,4,212214.0,0.25,1,1
351.78,0,12,2,1,351.78,1.0,0,0
583.23,3,12,5,2,1104.18,0.5282,0,0
75.14,1,10,2,1,75.14,1.0,0,0
397.21,3,15,0,1,397.21,1.0,0,0
57.77,1,19,5,1,57.77,1.0,0,0
66.51,1,8,5,3,215.21,0.309,0,0
245.96,0,12,3,1,245.96,1.0,0,0
358.11,0,7,3,2,639.28,0.5602,0,0
317.23,2,11,2,1,317.23,1.0,0,0
66.57,2,13,3,2,139.44,0.4774,0,0
8131.42,0,1,6,7,51176.71,0.1589,0,1
151.55,1,7,2,1,151.55,1.0,0,0
74.56,1,13,6,1,74.56,1.0,0,0
539.19,0,17,5,1,539.19,1.0,0,0
68.08,1,11,5,1,68.08,1.0,0,0
83.3,2,16,5,1,83.3,1.0,0,0
944.04,0,16,0,1,944.04,1.0,0,0
128.83,0,12,3,2,259.33,0.4968,0,0
376.27,2,20,5,1,376.27,1.0,0,0
212.43,3,19,4,1,212.43,1.0,0,0
397.46,1,11,6,1,397.46,1.0,0,0
149.84,3,13,4,2,325.08,0.4609,0,0
372.21,1,9,3,1,372.21,1.0,0,0
1476.69,3,18,6,1,1476.69,1.0,0,0
100.72,2,22,2,1,100.72,1.0,0,0
930.56,0,10,6,2,1585.77,0.5868,0,0
308.18,1,15,1,1,308.18,1.0,0,0
488.12,1,13,2,1,488.12,1.0,0,0
128.48,1,13,2,1,128.48,1.0,0,0
379.05,1,10,4,1,379.05,1.0,0,0
195.82,1,19,3,2,409.75,0.4779,0,0
688.01,1,11,2,1,688.01,1.0,0,0
43.98,1,19,2,1,43.98,1.0,0,0
481.05,1,15,6,1,481.05,1.0,0,0
423.32,1,15,1,1,423.32,1.0,0,0
154.96,1,13,5,1,154.96,1.0,0,0
205.58,0,13,3,3,571.05,0.36,0,0
214768.25,0,7,0,2,429536.5,0.5,0,1
645.1,1,14,1,2,1360.25,0.4743,0,0
569.29,1,6,5,2,1058.67,0.5377,0,0
49576.27,0,4,5,4,198305.07,0.25,1,1
1214.12,0,14,3,1,1214.12,1.0,0,0
49.09,0,6,5,1,49.09,1.0,0,0
728.93,2,16,4,1,728.93,1.0,0,0
247.47,0,18,5,1,247.47,1.0,0,0
209.76,0,14,4,1,209.76,1.0,0,0
264.7,1,12,4,1,264.7,1.0,0,0
98.59,0,11,4,1,98.59,1.0,0,0
89.81,0,11,2,2,163.04,0.5508,0,0
134.09,1,8,4,2,230.47,0.5818,0,0
2086.92,1,16,3,1,2086.92,1.0,0,0
87.25,1,12,6,1,87.25,1.0,0,0
150.69,1,14,6,1,150.69,1.0,0,0
71.56,1,17,4,1,71.56,1.0,0,0
950.29,1,14,4,1,950.29,1.0,0,0
283.01,1,16,4,3,703.42,0.4023,0,0
300.17,0,17,5,1,300.17,1.0,0,0
248.97,1,17,0,1,248.97,1.0,0,0
280.58,2,18,5,1,280.58,1.0,0,0
662.85,3,13,3,1,662.85,1.0,0,0
169.07,1,13,1,2,355.73,0.4753,0,0
315.83,1,12,2,1,315.83,1.0,0,0
259.94,1,12,4,1,259.94,1.0,0,0
427.26,1,15,3,1,427.26,1.0,0,0
45475.81,3,10,3,6,246769.27,0.1843,0,1
960.94,1,22,2,1,960.94,1.0,0,0
339.34,3,14,0,1,339.34,1.0,0,0
103.34,0,11,6,1,103.34,1.0,0,0
133.62,1,8,3,1,133.62,1.0,0,0
194.92,2,15,1,2,400.45,0.4867,0,0
1076.48,1,9,5,1,1076.48,1.0,0,0
2677.6,0,15,4,1,2677.6,1.0,0,0
135.54,3,21,5,1,135.54,1.0,0,0
344.69,0,6,0,1,344.69,1.0,0,0
210.36,1,16,4,1,210.36,1.0,0,0
68.95,3,7,5,1,68.95,1.0,0,0
560.89,0,18,4,1,560.89,1.0,0,0
297.41,1,17,5,2,540.43,0.5503,0,0
153.02,1,10,6,1,153.02,1.0,0,0
278.96,2,19,6,1,278.96,1.0,0,0
299.7,1,14,3,1,299.7,1.0,0,0
1182.49,1,14,5,1,1182.49,1.0,0,0
252.1,2,17,6,2,432.29,0.5832,0,0
261.38,1,18,4,1,261.38,1.0,0,0
85.09,1,18,4,1,85.09,1.0,0,0
204.4,0,12,2,1,204.4,1.0,0,0
248.14,3,16,3,2,537.75,0.4614,0,0
457.41,0,23,4,1,457.41,1.0,0,0
116.21,3,9,2,1,116.21,1.0,0,0
220.83,1,10,4,1,220.83,1.0,0,0
193.86,1,15,3,1,193.86,1.0,0,0
1047.87,3,23,6,1,1047.87,1.0,0,0
93.22,1,17,5,1,93.22,1.0,0,0
33.64,0,18,3,2,72.8,0.4622,0,0
36.1,1,10,0,1,36.1,1.0,0,0
386.07,3,13,3,1,386.07,1.0,0,0
249.02,0,15,2,1,249.02,1.0,0,0
1599.0,0,21,3,1,1599.0,1.0,0,0
395.85,2,16,3,2,699.93,0.5656,0,0
100.67,3,14,6,1,100.67,1.0,0,0
152.66,0,7,2,2,305.01,0.5005,0,0
177.41,1,11,4,1,177.41,1.0,1,0
65.22,1,15,0,2,132.36,0.4927,0,0
96.2,1,14,5,1,96.2,1.0,0,0
446.7,3,14,1,1,446.7,1.0,0,0
516.16,2,16,6,1,516.16,1.0,0,0
102.39,0,16,4,3,283.4,0.3613,0,0
349.79,0,15,0,1,349.79,1.0,0,0
1266.87,1,10,2,1,1266.87,1.0,0,0
91.66,1,7,0,1,91.66,1.0,0,0
365.15,1,9,1,2,742.47,0.4918,1,0
47208.57,0,9,0,4,174007.45,0.2713,0,1
628.14,0,14,5,1,628.14,1.0,0,0
245.75,0,15,1,1,245.75,1.0,0,0
237.26,1,8,4,1,237.26,1.0,0,0
48645.38,0,13,5,7,335994.31,0.1448,0,1
122.81,1,17,0,2,218.13,0.563,0,0
429.04,0,13,0,1,429.04,1.0,0,0
242.77,1,12,1,1,242.77,1.0,0,0
27.48,1,14,5,1,27.48,1.0,0,0
68.4,1,10,1,1,68.4,1.0,0,0
87.29,1,13,5,1,87.29,1.0,0,0
92.61,1,11,0,1,92.61,1.0,0,0
27.04,1,23,6,1,27.04,1.0,0,0
39.2,3,13,2,1,39.2,1.0,0,0
80.05,1,17,5,1,80.05,1.0,0,0
209.07,2,12,2,1,209.07,1.0,0,0
679.63,2,19,0,2,1191.98,0.5702,0,0
155.25,1,13,3,1,155.25,1.0,0,0
27485.35,0,3,6,4,109941.39,0.25,1,1
45741.5,3,9,2,7,343313.26,0.1332,1,1
395.54,0,17,0,1,395.54,1.0,0,0
340.54,0,13,3,2,729.75,0.4666,0,0
1229.19,1,18,2,1,1229.19,1.0,0,0
22.71,3,10,3,1,22.71,1.0,0,0
608.65,2,12,2,1,608.65,1.0,0,0
361.29,1,17,0,1,361.29,1.0,0,0
2504.34,0,8,4,1,2504.34,1.0,0,0
227.6,1,5,4,1,227.6,1.0,0,0
802.49,0,17,2,1,802.49,1.0,0,0
159.72,1,21,1,2,330.58,0.4831,0,0
420.37,1,10,1,1,420.37,1.0,0,0
1138.38,2,17,6,2,1962.96,0.5799,0,0
164.74,1,11,5,1,164.74,1.0,0,0
120.02,3,18,3,1,120.02,1.0,0,0
389.58,0,13,6,1,389.58,1.0,0,0
123.4,1,15,2,1,123.4,1.0,0,0
586.56,2,21,0,1,586.56,1.0,0,0
280.96,0,23,5,1,280.96,1.0,0,0
363.4,1,14,4,2,748.88,0.4853,0,0
194.91,1,17,4,1,194.91,1.0,0,0
267.95,0,9,2,1,267.95,1.0,0,0
299.27,1,17,0,1,299.27,1.0,0,0
23.58,0,13,2,1,23.58,1.0,0,0
61.61,0,9,3,1,61.61,1.0,0,0
140.3,0,13,0,1,140.3,1.0,0,0
7865.3,0,0,5,8,60570.69,0.1299,0,1
124.84,1,15,3,1,124.84,1.0,0,0
105.91,0,9,4,1,105.91,1.0,0,0
952.59,3,17,3,1,952.59,1.0,0,0
417.07,1,15,2,1,417.07,1.0,0,0
108.12,1,9,6,2,187.02,0.5781,0,0
78.3,1,15,2,1,78.3,1.0,0,0
149.66,1,12,0,1,149.66,1.0,0,0
178.14,3,20,1,1,178.14,1.0,0,0
169.97,1,11,4,1,169.97,1.0,0,0
69.24,3,18,6,1,69.24,1.0,0,0
246.73,2,14,5,1,246.73,1.0,0,0
176.67,3,12,5,1,176.67,1.0,0,0
31738.1,0,18,3,6,177892.42,0.1784,0,1
120.94,3,9,3,1,120.94,1.0,0,0
559.14,2,14,6,2,972.08,0.5752,0,0
80.55,1,12,0,1,80.55,1.0,0,0
51652.48,0,0,6,5,258262.42,0.2,1,1
264.71,1,18,1,1,264.71,1.0,0,0
67.23,1,14,5,2,145.29,0.4627,0,0
106.54,0,10,2,2,231.96,0.4593,0,0
661.79,1,19,2,1,661.79,1.0,0,0
269.89,3,16,3,2,552.13,0.4888,0,0
307.81,2,22,4,1,307.81,1.0,0,0
717.84,1,7,2,1,717.84,1.0,0,0
117.5,2,20,1,1,117.5,1.0,0,0
1027.93,0,18,2,1,1027.93,1.0,0,0
258.89,1,13,1,2,553.07,0.4681,0,0
237.77,1,11,0,1,237.77,1.0,0,0
160.01,1,10,4,1,160.01,1.0,0,0
1513.31,1,17,4,2,3106.57,0.4871,0,0
492.35,0,20,2,1,492.35,1.0,0,0
46.53,3,13,4,1,46.53,1.0,0,0
127.24,2,18,3,2,217.34,0.5854,0,0
207.1,1,15,4,1,207.1,1.0,0,0
312.92,1,22,5,1,312.92,1.0,0,0
414.14,1,14,4,1,414.14,1.0,0,0
191.17,1,22,5,1,191.17,1.0,0,0
45301.94,0,12,2,5,230620.45,0.1964,0,1
189.58,0,19,6,1,189.58,1.0,0,0
32.86,0,13,6,2,70.2,0.4681,0,0
59.57,1,16,1,1,59.57,1.0,0,0
728.26,3,11,2,1,728.26,1.0,0,0
66.56,0,18,6,1,66.56,1.0,0,0
77.54,1,17,2,1,77.54,1.0,0,0
352.65,0,5,5,1,352.65,1.0,0,0
313.46,1,9,4,3,821.58,0.3815,0,0
221.74,0,14,0,1,221.74,1.0,0,0
118.41,1,17,5,2,248.38,0.4767,0,0
398.88,1,20,2,2,876.12,0.4553,0,0
160.69,2,10,3,1,160.69,1.0,0,0
264.5,1,15,5,1,264.5,1.0,1,0
679.41,1,12,1,1,679.41,1.0,0,0
142.31,1,10,3,2,272.34,0.5225,0,0
657.56,1,23,3,1,657.56,1.0,0,0
94.1,0,17,1,2,168.16,0.5596,0,0
288.39,0,12,4,1,288.39,1.0,0,0
771.44,2,17,3,2,1430.14,0.5394,0,0
180.38,1,13,2,1,180.38,1.0,0,0
207.96,1,12,4,1,207.96,1.0,0,0
126.91,3,13,2,2,225.99,0.5616,0,0
267.6,0,20,0,1,267.6,1.0,0,0
974.29,1,6,4,1,974.29,1.0,0,0
35.84,1,15,2,1,35.84,1.0,0,0
142.3,2,16,1,1,142.3,1.0,0,0
107.62,3,14,5,1,107.62,1.0,0,0
184.56,1,12,5,1,184.56,1.0,0,0
424.85,0,12,4,1,424.85,1.0,0,0
42.1,2,17,2,1,42.1,1.0,0,0
503.32,1,16,3,1,503.32,1.0,0,0
161.05,1,23,2,1,161.05,1.0,0,0
206.14,1,15,4,1,206.14,1.0,0,0
1075.41,0,11,2,1,1075.41,1.0,0,0
33.99,1,17,3,1,33.99,1.0,0,0
257.66,1,17,4,3,667.87,0.3858,0,0
260.09,1,14,0,1,260.09,1.0,0,0
470.91,3,19,0,1,470.91,1.0,0,0
153.94,1,16,5,2,324.28,0.4747,0,0
125.25,2,15,2,2,245.3,0.5106,0,0
99.1,0,12,0,1,99.1,1.0,0,0
358.41,1,15,4,1,358.41,1.0,0,0
193.2,1,15,6,1,193.2,1.0,0,0
52.42,1,14,3,1,52.42,1.0,0,0
220.25,1,14,2,1,220.25,1.0,0,0
46.91,1,17,4,1,46.91,1.0,0,0
421.22,1,8,4,1,421.22,1.0,0,0
227.99,2,14,6,1,227.99,1.0,0,0
167.81,1,16,4,2,358.81,0.4677,0,0
397.47,2,11,4,1,397.47,1.0,0,0
56.43,0,16,4,1,56.43,1.0,0,0
197.59,1,9,0,2,426.13,0.4637,0,0
1101.59,1,6,6,1,1101.59,1.0,0,0
118.72,0,22,1,2,245.77,0.4831,0,0
232.78,0,10,3,2,395.86,0.588,0,0
60.9,1,20,4,1,60.9,1.0,0,0
187.47,2,15,3,1,187.47,1.0,0,0
142.31,3,10,6,3,473.04,0.3008,0,0
585.85,1,12,1,1,585.85,1.0,0,0
269.78,3,16,3,1,269.78,1.0,0,0
48191.32,0,11,3,7,355331.72,0.1356,1,1
115.25,1,15,4,1,115.25,1.0,0,0
198.54,1,7,6,1,198.54,1.0,0,0
216.57,1,12,0,2,427.96,0.5061,0,0
69.09,0,7,5,1,69.09,1.0,0,0
24.75,1,21,0,1,24.75,1.0,0,0
305.51,1,21,2,2,641.02,0.4766,0,0
759.52,3,11,6,1,759.52,1.0,0,0
365.68,0,13,3,1,365.68,1.0,0,0
216.8,1,16,4,2,461.57,0.4697,0,0
305.85,0,22,3,1,305.85,1.0,0,0
217.83,1,6,4,1,217.83,1.0,0,0
41.63,1,14,3,1,41.63,1.0,0,0
292.09,3,14,0,1,292.09,1.0,0,0
152.65,0,13,6,2,280.03,0.5451,0,0
397.54,2,11,2,1,397.54,1.0,0,0
324.88,1,13,3,1,324.88,1.0,0,0
72.48,0,9,1,1,72.48,1.0,0,0
593.97,1,16,6,1,593.97,1.0,0,0
106.96,1,15,1,1,106.96,1.0,0,0
142.99,0,10,4,1,142.99,1.0,0,0
117.68,3,18,2,1,117.68,1.0,0,0
1106.24,1,10,5,1,1106.24,1.0,0,0
543.98,1,8,2,2,1079.84,0.5038,0,0
264.98,0,15,3,3,748.36,0.3541,0,0
1042.47,1,12,3,1,1042.47,1.0,0,0
43.58,1,13,2,2,79.22,0.5501,0,0
724.59,0,19,3,1,724.59,1.0,0,0
1519.61,0,12,6,1,1519.61,1.0,0,0
156.33,0,14,3,1,156.33,1.0,0,0
441.82,1,11,3,1,441.82,1.0,0,0
998.86,1,8,2,1,998.86,1.0,0,0
570.28,2,14,6,1,570.28,1.0,0,0
923.49,3,19,3,1,923.49,1.0,0,0
571.64,0,17,5,1,571.64,1.0,0,0
993.45,2,17,5,2,1725.31,0.5758,0,0
102.61,1,11,0,1,102.61,1.0,0,0
119.84,0,14,5,1,119.84,1.0,0,0
163.16,1,16,2,2,322.48,0.506,0,0
222.74,1,19,1,1,222.74,1.0,0,0
114.21,0,19,1,1,114.21,1.0,0,0
275.56,1,18,2,1,275.56,1.0,0,0
218.54,1,11,1,1,218.54,1.0,0,0
159.26,0,13,0,1,159.26,1.0,0,0
494.73,3,15,2,1,494.73,1.0,0,0
923.78,1,12,1,2,1892.66,0.4881,0,0
363.28,0,13,6,2,744.89,0.4877,0,0
425.42,2,18,2,1,425.42,1.0,0,0
254.74,1,10,6,1,254.74,1.0,0,0
90.41,1,10,0,1,90.41,1.0,0,0
144.1,1,3,0,2,297.25,0.4848,0,0
528.07,1,19,1,1,528.07,1.0,0,0
171.81,1,14,0,1,171.81,1.0,0,0
652.1,1,10,0,2,1176.2,0.5544,0,0
74.88,0,13,6,1,74.88,1.0,0,0
121.5,1,9,0,1,121.5,1.0,0,0
430.5,2,13,2,1,430.5,1.0,0,0
379.05,2,12,3,1,379.05,1.0,0,0
139.56,3,17,4,1,139.56,1.0,0,0
581.94,1,13,4,1,581.94,1.0,0,0
1091.1,1,16,6,1,1091.1,1.0,0,0
172.14,3,13,2,1,172.14,1.0,0,0
214.78,1,18,0,2,415.65,0.5167,0,0
33173.3,0,4,0,3,99519.9,0.3333,1,1
610.71,1,21,5,1,610.71,1.0,0,0
204.32,1,9,4,1,204.32,1.0,0,0
44.52,3,16,0,1,44.52,1.0,0,0
253.78,1,20,2,1,253.78,1.0,0,0
760.19,0,11,1,1,760.19,1.0,0,0
57.0,1,16,2,1,57.0,1.0,0,0
118.56,0,16,3,2,205.48,0.577,0,0
346.52,1,11,4,1,346.52,1.0,0,0
427.75,1,9,4,1,427.75,1.0,0,0
1000.69,1,19,1,1,1000.69,1.0,0,0
293.06,1,13,6,2,603.69,0.4854,0,0
7398.58,0,2,5,6,49083.83,0.1507,0,1
426.7,1,12,6,1,426.7,1.0,0,0
370475.78,0,13,2,1,370475.78,1.0,1,1
97.57,3,15,0,2,188.25,0.5183,0,0
35.82,1,15,3,1,35.82,1.0,0,0
254.5,1,9,3,1,254.5,1.0,0,0
85.47,3,8,0,2,174.96,0.4885,0,0
38.1,0,12,3,1,38.1,1.0,0,0
94.85,0,17,6,1,94.85,1.0,0,0
343.85,1,13,0,3,839.49,0.4096,0,0
239.87,1,12,6,1,239.87,1.0,0,0
1132.04,3,7,3,2,2328.02,0.4863,0,0
51.16,1,13,6,1,51.16,1.0,0,0
1003.57,0,14,6,2,2132.11,0.4707,0,0
186.76,2,17,6,1,186.76,1.0,0,0
89.9,0,19,2,2,181.33,0.4958,0,0
84.96,1,11,6,1,84.96,1.0,0,0
676.67,2,15,2,1,676.67,1.0,0,0
260.86,3,15,5,3,719.64,0.3625,0,0
278.88,3,14,6,1,278.88,1.0,0,0
239.03,0,20,6,1,239.03,1.0,0,0
55.39,1,12,5,2,111.24,0.498,0,0
684.56,1,14,1,1,684.56,1.0,0,0
45108.69,0,13,5,6,259650.06,0.1737,1,1
578.55,1,16,0,1,578.55,1.0,0,0
149.19,1,10,6,1,149.19,1.0,0,0
39490.0,0,1,0,2,78980.01,0.5,1,1
624.86,2,16,6,1,624.86,1.0,0,0
202.5,1,13,5,1,202.5,1.0,0,0
15541.67,0,3,0,4,62166.69,0.25,1,1
757.56,0,16,6,1,757.56,1.0,0,0
351.29,1,18,3,1,351.29,1.0,0,0
124.98,1,14,5,2,251.21,0.4975,0,0
165.59,1,16,6,1,165.59,1.0,0,0
41.23,1,14,0,1,41.23,1.0,0,0
45023.25,2,15,3,7,320883.09,0.1403,0,1
501.56,2,11,0,2,927.9,0.5405,0,0
91.74,1,14,1,1,91.74,1.0,0,0
114.71,1,21,1,2,233.74,0.4908,0,0
1225.3,1,15,1,3,3266.37,0.3751,1,0
119.84,2,15,4,2,246.26,0.4866,0,0
51.45,1,7,5,1,51.45,1.0,0,0
268.14,2,11,3,2,580.35,0.462,0,0
217.16,1,10,6,2,412.91,0.5259,0,0
869.24,0,15,4,1,869.24,1.0,0,0
537.58,1,17,5,1,537.58,1.0,0,0
106.18,0,12,4,2,230.46,0.4607,0,0
104.19,1,11,3,2,203.07,0.5131,0,0
114.95,0,10,0,3,279.67,0.411,0,0
130.64,0,16,6,1,130.64,1.0,0,0
868.1,0,7,5,1,868.1,1.0,0,0
115.73,3,10,3,1,115.73,1.0,0,0
261.8,0,10,5,1,261.8,1.0,0,0
370.13,1,11,4,2,700.46,0.5284,0,0
56.36,0,13,5,1,56.36,1.0,0,0
35.27,0,17,3,2,74.3,0.4747,0,0
194.55,0,19,1,1,194.55,1.0,0,0
88.03,1,16,1,1,88.03,1.0,0,0
381.82,1,6,2,1,381.82,1.0,0,0
91.26,1,17,0,1,91.26,1.0,0,0
34756.64,0,20,3,8,229844.43,0.1512,1,1
2662.32,1,10,6,1,2662.32,1.0,0,0
360.85,1,15,5,1,360.85,1.0,0,0
760.36,1,9,2,2,1313.91,0.5787,0,0
97.47,1,12,4,1,97.47,1.0,0,0
604.81,1,15,4,1,604.81,1.0,0,0
50101.51,0,4,6,3,150304.54,0.3333,1,1
156.98,0,11,3,1,156.98,1.0,0,0
316.62,0,19,2,1,316.62,1.0,0,0
409.92,1,20,0,1,409.92,1.0,0,0
49265.09,0,11,3,7,348654.69,0.1413,1,1
671.87,1,14,3,1,671.87,1.0,0,0
90.66,1,8,1,1,90.66,1.0,0,0
268.86,1,4,2,1,268.86,1.0,0,0
324.35,1,11,3,3,977.93,0.3317,0,0
59.75,3,19,1,1,59.75,1.0,0,0
1737.99,1,11,4,1,1737.99,1.0,0,0
242.55,1,11,4,3,703.41,0.3448,0,0
176.08,1,19,0,2,368.71,0.4776,0,0
139.29,3,12,5,2,237.4,0.5867,0,0
207.93,1,13,4,2,402.61,0.5165,0,0
49715.08,0,3,6,4,198860.32,0.25,1,1
756.7,3,11,4,1,756.7,1.0,0,0
347.93,0,13,5,1,347.93,1.0,0,0
92.78,0,15,0,1,92.78,1.0,0,0
95.63,0,6,4,1,95.63,1.0,0,0
1177.72,1,18,5,1,1177.72,1.0,1,0
155.06,0,12,5,1,155.06,1.0,0,0
382.28,1,15,6,1,382.28,1.0,0,0
64.95,1,8,4,2,136.13,0.4771,0,0
1070.57,1,16,3,1,1070.57,1.0,0,0
570.38,1,10,3,1,570.38,1.0,0,0
87.18,3,14,6,1,87.18,1.0,0,0
465.98,0,17,5,1,465.98,1.0,0,0
86.11,1,14,3,1,86.11,1.0,0,0
87.76,1,17,4,4,288.39,0.3043,0,0
9711.67,2,6,6,11,103251.77,0.0941,1,1
1031.43,3,11,1,2,1758.36,0.5866,0,0
316.79,1,13,2,1,316.79,1.0,0,0
49.5,0,12,1,1,49.5,1.0,0,0
436.22,1,15,2,1,436.22,1.0,0,0
371.47,1,14,1,1,371.47,1.0,0,0
434.14,0,14,0,1,434.14,1.0,0,0
61.44,1,14,3,1,61.44,1.0,0,0
114.45,3,13,5,2,212.28,0.5391,0,0
576.4,1,12,2,1,576.4,1.0,0,0
466.43,1,15,4,1,466.43,1.0,0,0
132.15,0,4,3,1,132.15,1.0,0,0
147.36,1,18,0,1,147.36,1.0,0,0
480.0,3,15,5,1,480.0,1.0,0,0
255.75,1,18,4,1,255.75,1.0,0,0
93.5,0,9,5,1,93.5,1.0,0,0
370.34,0,11,6,1,370.34,1.0,0,0
82.89,2,14,2,2,152.37,0.544,0,0
518.46,0,17,4,1,518.46,1.0,0,0
326.73,2,16,0,2,706.85,0.4622,0,0
198.21,1,11,5,2,388.17,0.5106,0,0
108165.44,0,9,3,3,324496.33,0.3333,0,1
206.88,1,12,1,1,206.88,1.0,0,0
167.99,1,10,0,1,167.99,1.0,0,0
27887.53,0,10,2,13,356473.5,0.0782,1,1
951.64,0,11,4,1,951.64,1.0,0,0
170.77,2,15,1,1,170.77,1.0,0,0
138.84,0,7,5,1,138.84,1.0,0,0
164.1,1,8,5,2,353.58,0.4641,0,0
217.56,1,12,3,1,217.56,1.0,0,0
221.23,3,17,6,1,221.23,1.0,0,0
245.43,1,12,6,1,245.43,1.0,0,0
255.35,1,17,3,1,255.35,1.0,0,0
106.37,1,16,1,1,106.37,1.0,0,0
1182.84,0,12,4,2,2522.42,0.4689,0,0
150.34,0,14,0,1,150.34,1.0,0,0
34826.9,2,13,4,8,278364.62,0.1251,0,1
34.44,0,12,4,2,63.09,0.5459,0,0
274.56,2,12,6,2,533.81,0.5143,0,0
125.77,1,9,6,3,344.49,0.3651,0,0
97.98,1,12,1,1,97.98,1.0,0,0
109.49,0,14,5,1,109.49,1.0,0,0
176.17,0,14,4,2,305.84,0.576,0,0
115.74,1,23,3,1,115.74,1.0,0,0
601.84,0,23,6,1,601.84,1.0,0,0
225.52,1,10,5,2,446.71,0.5049,0,0
283.9,1,16,5,1,283.9,1.0,0,0
1171.19,0,20,1,1,1171.19,1.0,0,0
98.58,1,13,4,3,296.52,0.3325,0,0
313.85,2,14,2,1,313.85,1.0,0,0
25.52,2,17,6,2,44.66,0.5715,0,0
906.91,3,14,3,2,1893.96,0.4788,0,0
118.23,1,11,2,1,118.23,1.0,0,0
167.66,0,19,5,1,167.66,1.0,0,0
27.65,1,11,3,1,27.65,1.0,0,0
278.95,0,11,4,2,494.16,0.5645,0,0
175.49,1,21,4,4,637.21,0.2754,0,0
144.53,1,18,3,2,280.04,0.5161,0,0
457.45,1,14,6,1,457.45,1.0,0,0
277.93,1,17,5,1,277.93,1.0,0,0
533.16,3,17,1,2,1149.32,0.4639,0,0
698.89,1,21,2,3,2359.77,0.2962,0,0
188.27,1,15,2,2,407.47,0.4621,0,0
230.14,3,16,4,1,230.14,1.0,0,0
125.89,1,12,4,1,125.89,1.0,0,0
337.92,3,12,6,1,337.92,1.0,0,0
885.89,1,23,3,1,885.89,1.0,0,0
25.98,2,15,6,1,25.98,1.0,0,0
1028.96,1,19,5,1,1028.96,1.0,0,0
59.32,1,10,5,1,59.32,1.0,0,0
490.98,0,16,6,3,1346.59,0.3646,0,0
191.65,1,14,2,2,378.7,0.5061,0,0
296.61,3,17,5,1,296.61,1.0,0,0
213.14,1,8,4,2,404.39,0.5271,0,0
1030.48,3,14,4,1,1030.48,1.0,0,0
192.58,1,10,0,3,649.59,0.2965,0,0
1657.32,0,21,6,2,3043.1,0.5446,0,0
28.44,1,13,6,2,60.03,0.4737,0,0
170.4,1,11,0,1,170.4,1.0,0,0
230.61,1,8,5,2,417.54,0.5523,0,0
185.08,1,14,5,1,185.08,1.0,0,0
589.01,1,17,4,1,589.01,1.0,0,0
647.95,1,9,0,1,647.95,1.0,0,0
245.18,1,10,0,1,245.18,1.0,0,0
385.28,1,14,5,1,385.28,1.0,0,0
117.65,1,9,2,1,117.65,1.0,0,0
460.53,0,13,6,1,460.53,1.0,0,0
17663.93,2,5,5,6,105662.77,0.1672,0,1
38.37,3,9,1,1,38.37,1.0,0,0
595.47,1,20,6,1,595.47,1.0,0,0
1094.85,3,14,2,1,1094.85,1.0,0,0
493.42,1,16,2,1,493.42,1.0,0,0
196.83,0,11,4,1,196.83,1.0,0,0
682.79,1,19,3,2,1312.82,0.5201,0,0
119.94,1,11,3,1,119.94,1.0,0,0
357.4,1,15,5,1,357.4,1.0,0,0
22.82,1,17,1,1,22.82,1.0,0,0
541.82,1,9,1,1,541.82,1.0,0,0
49.95,1,14,5,2,106.04,0.4711,0,0
352.31,3,15,1,1,352.31,1.0,0,0
2239.82,1,15,2,1,2239.82,1.0,0,0
75.19,1,15,3,1,75.19,1.0,0,0
101.84,1,10,5,1,101.84,1.0,0,0
113.61,1,11,6,1,113.61,1.0,0,0
960.45,2,14,6,2,1881.24,0.5105,0,0
1231.77,2,6,4,2,2704.62,0.4554,0,0
376.55,0,13,5,1,376.55,1.0,1,0
60.08,1,7,3,1,60.08,1.0,0,0
430.4,1,9,4,1,430.4,1.0,0,0
286.89,0,22,5,1,286.89,1.0,0,0
263.73,3,20,6,1,263.73,1.0,0,0
321.6,1,16,2,2,681.74,0.4717,0,0
125.83,2,11,5,1,125.83,1.0,0,0
934.73,2,7,2,1,934.73,1.0,0,0
33.06,0,14,4,1,33.06,1.0,0,0
819.97,1,13,3,1,819.97,1.0,0,0
1080.22,1,16,4,1,1080.22,1.0,0,0
398.21,2,16,6,1,398.21,1.0,0,0
178.54,1,10,1,1,178.54,1.0,0,0
477.39,1,7,6,1,477.39,1.0,0,0
13.91,1,16,1,1,13.91,1.0,0,0
274.5,0,7,1,1,274.5,1.0,0,0
152.81,3,9,3,1,152.81,1.0,0,0
86.05,0,13,6,1,86.05,1.0,0,0
129.06,1,15,0,1,129.06,1.0,0,0
167.39,3,16,1,1,167.39,1.0,0,0
700.7,2,23,4,2,1474.69,0.4751,0,0
8193.54,0,0,5,5,40967.69,0.2,1,1
140.09,1,17,5,1,140.09,1.0,0,0
146.01,2,17,5,1,146.01,1.0,0,0
226.16,1,10,2,1,226.16,1.0,0,0
189.81,1,14,3,1,189.81,1.0,0,0
897.89,1,13,3,3,2272.48,0.3951,0,0
81.44,1,14,1,1,81.44,1.0,0,0
683.74,0,5,4,1,683.74,1.0,0,0
363.76,1,21,1,1,363.76,1.0,0,0
356.4,0,16,2,1,356.4,1.0,0,0
135.0,0,10,2,2,268.48,0.5028,0,0
98.73,3,17,5,1,98.73,1.0,0,0
177.59,0,22,4,1,177.59,1.0,0,0
162.04,1,15,1,2,344.17,0.4708,0,0
2396.18,0,16,3,1,2396.18,1.0,0,0
419.1,2,16,1,1,419.1,1.0,0,0
102.96,1,7,2,1,102.96,1.0,0,0
2898.1,1,15,1,1,2898.1,1.0,0,0
1155.03,1,20,3,2,2371.44,0.4871,0,0
50.38,2,16,0,2,99.57,0.506,0,0
104.28,1,16,0,2,198.78,0.5246,0,0
359.91,2,12,5,1,359.91,1.0,0,0
476.08,1,11,3,1,476.08,1.0,0,0
244.35,0,11,2,2,454.48,0.5377,0,0
431.03,1,18,6,2,854.34,0.5045,0,0
390.57,0,9,3,2,832.67,0.4691,0,0
521.26,0,18,4,2,906.26,0.5752,0,0
135.24,0,22,4,1,135.24,1.0,0,0
128.53,1,12,6,2,249.24,0.5157,0,0
120.05,1,19,4,1,120.05,1.0,0,0
312.52,1,12,6,2,553.72,0.5644,0,0
404.9,0,21,5,1,404.9,1.0,0,0
275.43,3,18,1,1,275.43,1.0,0,0
4075.09,1,15,3,2,8489.54,0.48,0,0
151.85,1,14,4,1,151.85,1.0,0,0
42.75,1,14,6,3,141.24,0.3027,0,0
1308.45,0,11,5,1,1308.45,1.0,0,0
199.75,1,16,6,1,199.75,1.0,0,0
46538.51,0,1,5,5,232692.57,0.2,1,1
616.68,3,20,5,1,616.68,1.0,0,0
234.47,1,13,5,2,491.22,0.4773,0,0
338.01,1,13,5,1,338.01,1.0,0,0
101.89,1,8,2,1,101.89,1.0,0,0
471.92,0,11,5,3,1489.02,0.3169,0,0
1044.38,1,13,4,1,1044.38,1.0,0,0
316.28,1,14,4,1,316.28,1.0,0,0
406.09,0,16,0,2,736.37,0.5515,0,0
124.97,1,17,3,1,124.97,1.0,0,0
595.51,3,23,4,2,1232.4,0.4832,0,0
79.97,3,9,3,1,79.97,1.0,0,0
345.75,1,14,5,2,665.35,0.5197,0,0
51.05,1,21,1,1,51.05,1.0,0,0
235.75,1,15,0,1,235.75,1.0,0,0
890.41,3,21,6,2,1866.95,0.4769,0,0
248.31,0,16,3,1,248.31,1.0,0,0
34457.01,0,1,5,2,68914.02,0.5,1,1
606.72,0,17,6,1,606.72,1.0,0,0
839.58,2,11,5,1,839.58,1.0,0,0
314.77,0,13,4,3,1048.5,0.3002,0,0
2890.53,0,14,6,2,5106.22,0.5661,0,0
57.12,0,11,6,3,154.22,0.3704,0,0
520.42,0,13,6,1,520.42,1.0,0,0
5033.05,0,11,4,1,5033.05,1.0,0,0
160.31,1,20,6,2,305.13,0.5254,0,0
155.49,1,16,6,1,155.49,1.0,0,0
44.33,1,17,2,1,44.33,1.0,0,0
52.18,1,14,0,1,52.18,1.0,0,0
807.24,2,13,2,1,807.24,1.0,0,0
57.84,1,16,2,1,57.84,1.0,0,0
38.82,1,14,5,2,69.78,0.5563,0,0
380.87,3,12,1,3,955.67,0.3985,0,0
356.05,1,20,2,1,356.05,1.0,0,0
642.37,2,10,4,1,642.37,1.0,0,0
136.29,3,15,0,1,136.29,1.0,0,0
244.71,1,18,5,1,244.71,1.0,0,0
21.92,1,16,0,1,21.92,1.0,0,0
80.74,2,10,0,1,80.74,1.0,0,0
149.67,1,19,1,1,149.67,1.0,0,0
1002.15,0,9,1,2,2092.15,0.479,0,0
1376.57,1,12,6,1,1376.57,1.0,0,0
238.44,2,15,6,1,238.44,1.0,0,0
1114.81,1,15,4,1,1114.81,1.0,0,0
241.43,3,13,1,1,241.43,1.0,0,0
473.64,0,17,4,1,473.64,1.0,0,0
125.41,1,14,4,1,125.41,1.0,0,0
229.28,1,14,1,1,229.28,1.0,0,0
298.44,2,15,4,2,600.75,0.4968,0,0
352.64,1,14,4,2,751.39,0.4693,0,0
206.52,1,8,3,2,369.34,0.5592,0,0
213.18,0,15,5,2,398.33,0.5352,0,0
1019.93,1,19,1,2,2086.99,0.4887,0,0
574.93,0,7,6,2,1076.62,0.534,0,0
803.34,1,18,0,1,803.34,1.0,0,0
211768.89,0,15,3,3,635306.66,0.3333,1,1
54.46,2,15,1,1,54.46,1.0,0,0
395.32,2,15,0,2,832.42,0.4749,0,0
247.21,1,12,4,1,247.21,1.0,0,0
272.57,1,14,1,1,272.57,1.0,0,0
308.36,1,19,3,1,308.36,1.0,0,0
719.73,1,17,6,1,719.73,1.0,0,0
1075.03,1,8,2,1,1075.03,1.0,0,0
1798.0,3,12,4,1,1798.0,1.0,0,0
99.13,0,13,3,1,99.13,1.0,0,0
244.22,2,6,6,1,244.22,1.0,0,0
1074.34,1,20,6,1,1074.34,1.0,0,0
425.86,1,13,5,1,425.86,1.0,0,0
272.45,0,20,5,1,272.45,1.0,0,0
539.34,0,7,6,2,1025.26,0.526,0,0
22.69,1,18,3,1,22.69,1.0,0,0
581.71,3,8,5,1,581.71,1.0,0,0
31.79,1,19,2,2,56.53,0.5623,0,0
331.67,3,18,6,1,331.67,1.0,0,0
128.57,1,8,0,1,128.57,1.0,0,0
624.26,2,17,1,1,624.26,1.0,1,0
293.93,1,12,2,1,293.93,1.0,0,0
704.74,0,16,4,1,704.74,1.0,1,0
820.18,1,9,4,1,820.18,1.0,0,0
416.0,2,10,6,1,416.0,1.0,0,0
1169.95,1,15,1,1,1169.95,1.0,0,0
217.96,1,14,5,1,217.96,1.0,0,0
202.37,3,10,0,2,368.41,0.5493,0,0
442.99,1,18,3,1,442.99,1.0,0,0
1136.55,1,14,6,2,2262.62,0.5023,0,0
411.21,2,19,2,1,411.21,1.0,0,0
357.82,2,18,4,1,357.82,1.0,0,0
1055.53,1,16,1,2,1849.27,0.5708,0,0
211.01,0,12,1,1,211.01,1.0,0,0
2439.78,1,13,0,1,2439.78,1.0,0,0
350.93,0,13,3,1,350.93,1.0,0,0
413.68,1,13,1,1,413.68,1.0,0,0
132101.53,0,12,6,3,396304.6,0.3333,1,1
93.74,1,7,2,1,93.74,1.0,0,0
168.44,1,8,1,1,168.44,1.0,0,0
355.33,1,17,3,1,355.33,1.0,0,0
918.28,2,13,1,2,1612.84,0.5694,0,0
383.02,1,8,1,1,383.02,1.0,0,0
717.46,0,12,0,2,1499.6,0.4784,0,0
464.51,3,11,5,1,464.51,1.0,0,0
108.48,2,14,4,1,108.48,1.0,0,0
963.47,1,13,2,1,963.47,1.0,0,0
965.21,1,7,3,1,965.21,1.0,0,0
1466.89,1,6,0,2,3165.99,0.4633,0,0
506.5,1,18,3,1,506.5,1.0,0,0
306.7,1,18,3,2,615.99,0.4979,0,0
319.83,0,7,4,1,319.83,1.0,0,0
165.05,3,6,6,2,354.64,0.4654,0,0
59.92,1,21,5,1,59.92,1.0,1,0
48168.03,0,14,1,6,274306.75,0.1756,0,1
304.07,1,18,4,1,304.07,1.0,0,0
148.52,1,12,4,3,362.92,0.4092,0,0
149.64,1,8,4,3,372.17,0.4021,0,0
421.52,3,15,1,1,421.52,1.0,0,0
392.0,0,6,2,1,392.0,1.0,0,0
211.15,3,9,1,1,211.15,1.0,0,0
138.25,1,17,2,1,138.25,1.0,0,0
141.24,0,16,3,1,141.24,1.0,0,0
18.9,0,22,4,1,18.9,1.0,0,0
222.52,1,21,2,1,222.52,1.0,0,0
173.68,1,11,6,2,361.6,0.4803,0,0
9725.71,0,2,5,5,48628.55,0.2,1,1
1458.51,0,15,1,1,1458.51,1.0,0,0
202.44,1,13,3,2,410.9,0.4927,0,0
231.99,1,10,1,1,231.99,1.0,0,0
53310.27,0,4,6,5,266551.36,0.2,1,1
118.87,1,13,2,1,118.87,1.0,0,0
379.59,1,17,0,1,379.59,1.0,0,0
496.14,1,19,0,1,496.14,1.0,0,0
364.71,1,19,1,1,364.71,1.0,0,0
49282.47,2,11,3,6,309960.14,0.159,0,1
62.79,1,12,2,1,62.79,1.0,0,0
175.13,1,15,5,1,175.13,1.0,0,0
266.31,2,23,4,1,266.31,1.0,0,0
107.05,1,17,5,1,107.05,1.0,0,0
284.31,0,16,3,2,486.83,0.584,0,0
88.48,0,12,5,1,88.48,1.0,0,0
158.32,1,12,3,1,158.32,1.0,0,0
100.17,3,16,4,1,100.17,1.0,0,0
105.85,3,14,1,1,105.85,1.0,0,0
106.05,1,11,3,2,204.46,0.5187,0,0
671.22,3,8,2,2,1455.55,0.4611,0,0
218.73,0,16,0,1,218.73,1.0,0,0
122.04,3,20,1,1,122.04,1.0,0,0
109.3,1,19,5,1,109.3,1.0,0,0
145.12,0,15,6,1,145.12,1.0,0,0
298.64,0,11,3,1,298.64,1.0,0,0
247.95,1,15,3,1,247.95,1.0,0,0
184.42,1,16,5,2,382.92,0.4816,0,0
755.4,0,8,4,2,1507.6,0.5011,0,0
260.6,0,19,0,1,260.6,1.0,0,0
177.84,1,13,6,1,177.84,1.0,0,0
681.81,1,13,3,1,681.81,1.0,0,0
539.59,0,16,0,1,539.59,1.0,0,0
1459.17,1,11,4,1,1459.17,1.0,0,0
66.92,0,7,0,1,66.92,1.0,0,0
400.79,1,17,4,1,400.79,1.0,0,0
225.63,2,15,1,1,225.63,1.0,0,0
72.33,1,18,3,2,135.95,0.532,0,0
224.62,3,22,4,2,436.36,0.5148,0,0
341.41,0,11,5,1,341.41,1.0,0,0
180.69,0,22,6,1,180.69,1.0,0,0
53.4,2,16,6,1,53.4,1.0,0,0
1661.43,3,15,4,1,1661.43,1.0,0,0
377.82,3,15,3,1,377.82,1.0,0,0
154.72,1,12,4,1,154.72,1.0,0,0
93.44,0,23,3,1,93.44,1.0,0,0
270.82,1,10,2,1,270.82,1.0,0,0
218.51,0,11,2,2,400.14,0.5461,0,0
130.46,0,15,0,1,130.46,1.0,0,0
149.26,1,23,1,1,149.26,1.0,0,0
329.12,1,17,6,1,329.12,1.0,0,0
750.58,3,11,0,1,750.58,1.0,0,0
371.06,0,13,5,1,371.06,1.0,0,0
164.39,0,21,5,2,306.16,0.5369,0,0
329.94,1,18,2,1,329.94,1.0,0,0
47760.83,3,16,5,6,307795.93,0.1552,0,1
74.26,0,17,3,1,74.26,1.0,0,0
179.38,1,11,3,1,179.38,1.0,0,0
48455.15,3,16,6,4,202541.78,0.2392,1,1
261.53,1,7,6,1,261.53,1.0,0,0
394.42,1,12,1,1,394.42,1.0,0,0
246.65,3,8,1,1,246.65,1.0,0,0
216.2,0,10,1,2,456.51,0.4736,0,0
1367.54,0,13,6,1,1367.54,1.0,0,0
587.37,1,11,5,1,587.37,1.0,0,0
199.25,3,18,0,2,377.51,0.5278,0,0
217.23,1,16,6,1,217.23,1.0,0,0
29.02,1,14,0,2,49.53,0.5859,0,0
132.14,0,17,0,1,132.14,1.0,0,0
194.85,0,11,3,1,194.85,1.0,0,0
382.42,1,9,6,1,382.42,1.0,0,0
88.26,0,10,1,2,152.37,0.5792,0,0
513.52,1,13,6,1,513.52,1.0,0,0
109.29,1,22,2,1,109.29,1.0,0,0
532.09,3,13,2,2,905.69,0.5875,0,0
278.5,1,12,2,2,582.83,0.4778,0,0
461.01,1,9,0,1,461.01,1.0,0,0
176.05,1,13,2,2,369.59,0.4764,0,0
1809.78,1,13,6,1,1809.78,1.0,0,0
97.73,1,14,0,1,97.73,1.0,0,0
157.3,1,14,0,1,157.3,1.0,0,0
460.02,1,21,5,1,460.02,1.0,0,0
86.49,0,18,6,1,86.49,1.0,0,0
140.17,1,16,6,1,140.17,1.0,0,0
18720.42,0,23,6,4,74881.67,0.25,1,1
312.74,2,22,3,1,312.74,1.0,0,0
441.22,0,12,5,1,441.22,1.0,0,0
188.4,1,14,6,1,188.4,1.0,0,0
291.69,0,16,2,1,291.69,1.0,0,0
249.47,2,13,2,1,249.47,1.0,0,0
566.92,1,17,3,2,1225.45,0.4626,0,0
906.44,1,23,2,1,906.44,1.0,0,0
313.89,1,7,2,2,610.71,0.514,0,0
368.78,2,15,2,1,368.78,1.0,0,0
50.33,1,13,3,1,50.33,1.0,0,0
41.81,1,15,5,1,41.81,1.0,0,0
981.97,0,14,5,1,981.97,1.0,0,0
32.38,1,17,3,1,32.38,1.0,0,0
252.0,1,19,1,1,252.0,1.0,0,0
251.13,0,8,2,2,470.62,0.5336,0,0
150.78,0,20,5,1,150.78,1.0,0,0
259.92,0,16,3,1,259.92,1.0,0,0
104.36,1,10,4,2,201.77,0.5172,0,0
40.99,2,19,0,2,86.03,0.4764,0,0
114.04,0,20,0,1,114.04,1.0,0,0
537.11,1,11,1,2,1166.52,0.4604,0,0
330.54,0,20,4,4,1500.95,0.2202,0,0
1271.7,1,15,4,1,1271.7,1.0,0,0
191.43,0,15,2,1,191.43,1.0,0,0
287.74,1,10,6,2,510.74,0.5634,0,0
99.19,1,13,2,1,99.19,1.0,0,0
136.52,1,14,0,1,136.52,1.0,0,0
363.07,1,10,0,1,363.07,1.0,0,0
436555.75,0,7,5,3,1309667.24,0.3333,0,1
144.5,0,17,2,1,144.5,1.0,1,0
242.21,0,11,5,1,242.21,1.0,0,0
1984.59,0,23,4,1,1984.59,1.0,0,0
78.78,1,10,6,1,78.78,1.0,0,0
161.81,1,18,1,1,161.81,1.0,0,0
52.27,0,19,0,1,52.27,1.0,0,0
493.71,1,14,1,2,895.14,0.5515,0,0
83.75,0,14,5,2,157.05,0.5333,0,0
923.93,1,18,5,2,1915.04,0.4825,0,0
22458.98,0,0,0,5,112294.88,0.2,1,1
157.38,0,15,2,1,157.38,1.0,0,0
43.16,1,11,5,1,43.16,1.0,0,0
46.75,1,19,1,1,46.75,1.0,0,0
362153.79,0,2,6,1,362153.79,1.0,0,1
52.05,1,16,4,1,52.05,1.0,0,0
48456.39,3,10,0,5,247702.56,0.1956,1,1
312.55,1,12,0,1,312.55,1.0,0,0
904.15,1,14,6,1,904.15,1.0,0,0
85.02,1,19,1,1,85.02,1.0,0,0
39.31,1,20,2,1,39.31,1.0,0,0
151.07,1,15,1,1,151.07,1.0,0,0
607.04,0,16,5,1,607.04,1.0,0,0
22.62,1,11,3,1,22.62,1.0,0,0
126.33,0,8,0,1,126.33,1.0,0,0
1481.77,2,15,5,1,1481.77,1.0,0,0
1048.43,1,13,0,1,1048.43,1.0,0,0
582.76,0,14,0,1,582.76,1.0,0,0
1212.02,0,15,0,1,1212.02,1.0,0,0
33.0,0,16,4,1,33.0,1.0,0,0
211.49,1,14,6,1,211.49,1.0,0,0
638.3,1,8,0,1,638.3,1.0,0,0
193.23,0,14,0,1,193.23,1.0,0,0
2302.7,1,12,6,1,2302.7,1.0,0,0
50.32,1,14,2,1,50.32,1.0,0,0
191.98,3,13,1,2,355.71,0.5397,0,0
50.29,3,14,2,1,50.29,1.0,0,0
78.45,1,15,2,1,78.45,1.0,0,0
207.69,0,19,5,1,207.69,1.0,0,0
70.69,3,14,6,1,70.69,1.0,0,0
72.07,1,16,3,1,72.07,1.0,0,0
1247.55,1,21,0,3,4214.01,0.296,0,0
48859.13,3,9,5,6,281552.97,0.1735,1,1
342.49,1,18,4,2,619.66,0.5527,0,0
302.39,1,8,6,1,302.39,1.0,0,0
260.32,1,11,2,1,260.32,1.0,0,0
109.98,2,13,6,1,109.98,1.0,0,0
48958.27,3,13,3,3,153717.42,0.3185,0,1
448.33,1,14,4,1,448.33,1.0,0,0
316.6,1,14,1,2,600.75,0.527,0,0
639.53,3,18,4,1,639.53,1.0,0,0
70.08,0,23,2,1,70.08,1.0,0,0
407.98,1,12,2,1,407.98,1.0,0,0
109.0,0,9,4,1,109.0,1.0,0,0
122.49,1,16,6,1,122.49,1.0,0,0
46811.84,2,11,5,4,179088.94,0.2614,0,1
290.22,1,11,1,2,555.39,0.5225,0,0
583.92,1,22,2,2,1132.16,0.5158,0,0
86.44,1,17,6,1,86.44,1.0,0,0
58458.93,0,4,0,3,175376.79,0.3333,1,1
124.73,0,14,6,1,124.73,1.0,0,0
426.39,0,16,3,1,426.39,1.0,0,0
160.96,0,15,1,1,160.96,1.0,0,0
263.69,0,21,4,2,497.34,0.5302,0,0
290.04,3,6,2,2,630.47,0.46,0,0
167.04,0,15,5,1,167.04,1.0,0,0
136.34,0,12,2,1,136.34,1.0,0,0
469.44,1,14,1,1,469.44,1.0,0,0
203.39,1,11,5,3,621.94,0.327,0,0
4082.43,1,15,6,2,8875.1,0.46,0,0
480.87,2,13,1,1,480.87,1.0,0,0
334.08,0,15,3,1,334.08,1.0,0,0
108.14,1,9,6,2,224.2,0.4823,0,0
111.7,1,15,4,2,194.31,0.5749,0,0
112.56,1,18,0,3,349.39,0.3222,0,0
453.42,1,12,5,3,1237.25,0.3665,0,0
136.87,2,18,0,1,136.87,1.0,0,0
783.28,2,8,6,3,2250.41,0.3481,0,0
135.66,2,15,2,1,135.66,1.0,0,0
8969.43,0,1,0,9,92923.23,0.0965,0,1
647.85,0,22,1,1,647.85,1.0,0,0
64.85,1,15,0,1,64.85,1.0,0,0
125.89,1,13,3,1,125.89,1.0,0,0
849.75,1,19,0,1,849.75,1.0,0,0
307125.86,2,2,2,1,307125.86,1.0,0,1
123.11,0,20,0,1,123.11,1.0,0,0
171.9,1,12,1,2,312.04,0.5509,0,0
501.37,0,17,2,1,501.37,1.0,0,0
153.61,3,14,6,1,153.61,1.0,0,0
345.38,1,10,1,1,345.38,1.0,0,0
80.96,2,15,1,1,80.96,1.0,0,0
548.4,0,14,0,1,548.4,1.0,0,0
164.8,1,13,2,1,164.8,1.0,0,0
304.72,0,20,6,1,304.72,1.0,0,0
540.69,1,10,2,1,540.69,1.0,0,0
1120.69,1,13,0,1,1120.69,1.0,0,0
150.6,1,7,4,3,502.17,0.2999,0,0
2222.81,0,19,0,2,4127.09,0.5386,0,0
544.96,0,15,4,1,544.96,1.0,0,0
314.96,1,13,4,1,314.96,1.0,0,0
195.31,1,12,0,2,381.75,0.5116,0,0
165.17,0,13,1,2,299.85,0.5508,0,0
802.42,1,18,6,1,802.42,1.0,0,0
350.3,1,7,3,1,350.3,1.0,0,0
240.61,0,15,4,1,240.61,1.0,0,0
13.06,0,12,3,1,13.06,1.0,0,0
106.51,1,19,6,1,106.51,1.0,0,0
46281.57,3,15,5,3,131892.4,0.3509,0,1
72.54,0,11,4,1,72.54,1.0,0,0
356.28,1,13,1,1,356.28,1.0,0,0
539.59,0,20,6,2,1056.29,0.5108,0,0
231.15,1,7,4,2,442.13,0.5228,0,0
525.38,2,19,6,1,525.38,1.0,0,0
298.14,1,10,1,1,298.14,1.0,0,0
313.15,2,15,4,1,313.15,1.0,0,0
74.84,1,12,1,2,158.44,0.4723,0,0
294.51,1,12,1,1,294.51,1.0,0,0
123.85,2,13,6,1,123.85,1.0,0,0
48.47,1,13,5,1,48.47,1.0,0,0
326.66,0,15,6,1,326.66,1.0,0,0
527.93,3,15,6,1,527.93,1.0,0,0
415.47,0,14,2,1,415.47,1.0,0,0
68.59,1,12,2,2,146.43,0.4684,0,0
130.08,0,20,4,1,130.08,1.0,0,0
180.37,0,15,1,1,180.37,1.0,0,0
266.67,0,12,5,1,266.67,1.0,0,0
446.34,2,15,3,1,446.34,1.0,0,0
218.0,1,14,0,2,478.23,0.4559,0,0
437.37,0,13,4,1,437.37,1.0,0,0
152.79,3,10,4,1,152.79,1.0,0,0
117.18,0,17,0,2,249.3,0.47,0,0
920.54,1,15,3,1,920.54,1.0,0,0
80.45,3,17,3,1,80.45,1.0,0,0
180.8,0,15,3,1,180.8,1.0,0,0
680.21,1,16,3,1,680.21,1.0,0,0
261.91,2,20,3,2,461.66,0.5673,0,0
52.83,1,17,4,1,52.83,1.0,0,0
228.61,1,18,0,1,228.61,1.0,0,0
225.1,1,13,3,1,225.1,1.0,0,0
911.24,1,11,6,1,911.24,1.0,0,0
85.09,1,14,4,1,85.09,1.0,0,0
651.05,1,17,3,3,2090.55,0.3114,0,0
1803.16,1,18,5,1,1803.16,1.0,0,0
98.8,3,13,1,1,98.8,1.0,0,0
276.92,2,15,3,2,488.91,0.5664,0,0
219.39,0,17,5,2,454.64,0.4826,0,0
168.2,1,15,2,1,168.2,1.0,0,0
564.43,0,10,0,1,564.43,1.0,0,0
44.58,0,15,6,1,44.58,1.0,0,0
143.01,1,20,3,2,264.06,0.5416,0,0
175.65,1,13,5,1,175.65,1.0,0,0
1023.62,1,16,3,1,1023.62,1.0,0,0
363.96,1,14,2,2,687.09,0.5297,0,0
112.03,2,14,0,2,227.97,0.4914,0,0
211.13,1,16,0,1,211.13,1.0,1,0
179.64,0,7,0,1,179.64,1.0,0,0
246.35,1,17,1,2,453.42,0.5433,0,0
319.75,0,17,1,1,319.75,1.0,0,0
143.34,3,12,6,1,143.34,1.0,0,0
695.8,1,21,1,1,695.8,1.0,0,0
424.62,1,6,1,1,424.62,1.0,0,0
40.14,0,11,1,1,40.14,1.0,0,0
183.12,1,10,0,1,183.12,1.0,0,0
193.09,1,12,0,1,193.09,1.0,0,0
109.59,1,14,0,1,109.59,1.0,0,0
472.86,1,12,6,1,472.86,1.0,0,0
309.65,1,17,6,2,552.86,0.5601,0,0
188.43,1,12,0,2,370.54,0.5085,0,0
121.81,2,13,6,1,121.81,1.0,0,0
712.27,1,14,6,1,712.27,1.0,0,0
47.99,1,16,0,1,47.99,1.0,0,0
99.38,0,23,5,1,99.38,1.0,0,0
82.6,2,15,4,1,82.6,1.0,0,0
171.05,0,23,4,1,171.05,1.0,0,0
224.31,1,9,0,1,224.31,1.0,0,0
61.72,0,13,2,1,61.72,1.0,0,0
90.49,1,17,2,3,260.72,0.3471,0,0
336.46,1,21,2,1,336.46,1.0,0,0
115.18,2,17,2,1,115.18,1.0,0,0
156.36,2,14,0,1,156.36,1.0,0,0
261.94,1,17,5,3,831.11,0.3152,0,0
742.06,0,19,5,1,742.06,1.0,0,0
248.67,1,13,4,1,248.67,1.0,0,0
374.82,1,20,5,1,374.82,1.0,0,0
308.86,1,21,4,1,308.86,1.0,0,0
518.08,1,16,6,2,1022.48,0.5067,0,0
136.5,1,16,3,1,136.5,1.0,0,0
274.55,1,15,2,1,274.55,1.0,0,0
795.49,1,15,4,1,795.49,1.0,0,0
92.09,1,12,3,1,92.09,1.0,0,0
46.32,1,10,3,1,46.32,1.0,0,0
310.08,0,16,5,1,310.08,1.0,0,0
5216.24,1,13,4,1,5216.24,1.0,0,0
113.16,1,14,3,2,239.84,0.4718,0,0
156.64,2,14,0,1,156.64,1.0,0,0
861.88,1,20,2,1,861.88,1.0,0,0
77.36,3,12,6,2,150.7,0.5133,0,0
145.91,1,15,0,1,145.91,1.0,0,0
2284.94,2,15,4,1,2284.94,1.0,0,0
301.46,1,6,4,1,301.46,1.0,0,0
314.33,1,17,6,1,314.33,1.0,0,0
46.54,1,7,2,3,117.07,0.3976,0,0
385685.17,0,5,6,3,1157055.52,0.3333,0,1
2770.18,1,15,0,1,2770.18,1.0,0,0
153.24,1,15,1,1,153.24,1.0,0,0
421.09,3,7,1,1,421.09,1.0,0,0
261.77,1,15,4,1,261.77,1.0,0,0
59.74,0,21,6,1,59.74,1.0,0,0
339.29,1,10,4,1,339.29,1.0,0,0
46.74,1,13,0,1,46.74,1.0,0,0
898.89,1,13,6,1,898.89,1.0,0,0
157.29,0,19,3,1,157.29,1.0,0,0
45321.76,0,9,6,4,178892.6,0.2533,0,1
82.23,1,17,5,1,82.23,1.0,0,0
1421.61,0,13,5,1,1421.61,1.0,0,0
825.08,1,16,2,1,825.08,1.0,0,0
253.97,1,13,5,1,253.97,1.0,0,0
49.48,0,13,3,1,49.48,1.0,0,0
305.86,1,9,5,2,567.88,0.5386,0,0
216.44,1,16,0,1,216.44,1.0,0,0
71.85,0,5,5,1,71.85,1.0,0,0
25.14,2,14,0,1,25.14,1.0,0,0
148.32,1,14,6,2,264.74,0.5602,0,0
218.34,0,10,2,1,218.34,1.0,0,0
1952.72,0,16,5,1,1952.72,1.0,0,0
131.35,2,19,2,2,246.8,0.5322,0,0
578.6,1,16,0,1,578.6,1.0,0,0
84.92,1,16,5,2,180.44,0.4706,0,0
131.16,1,13,4,2,231.95,0.5654,0,0
21.34,3,9,6,1,21.34,1.0,0,0
105.62,0,12,0,1,105.62,1.0,0,0
90.04,1,23,4,1,90.04,1.0,0,0
705.25,0,5,2,1,705.25,1.0,0,0
510.6,3,22,6,2,872.13,0.5855,0,0
48.51,0,10,3,2,94.91,0.5111,0,0
26.7,1,8,6,1,26.7,1.0,0,0
646.22,1,18,3,1,646.22,1.0,0,0
37.13,1,8,3,1,37.13,1.0,0,0
165.33,1,3,3,1,165.33,1.0,1,0
469.0,1,15,0,1,469.0,1.0,0,0
588.78,1,12,0,1,588.78,1.0,0,0
842.0,1,16,2,1,842.0,1.0,0,0
234.92,1,13,4,3,622.87,0.3772,0,0
390.01,1,12,1,2,723.75,0.5389,0,0
268.94,1,16,4,1,268.94,1.0,0,0
127.38,1,17,3,1,127.38,1.0,0,0
85.57,1,3,3,1,85.57,1.0,0,0
1022.28,1,13,4,1,1022.28,1.0,0,0
662.24,3,12,6,1,662.24,1.0,0,0
505.39,1,10,4,1,505.39,1.0,0,0
93.25,1,19,1,2,172.92,0.5393,0,0
56.2,0,10,2,1,56.2,1.0,0,0
289.95,1,19,3,1,289.95,1.0,0,0
833.83,0,9,6,1,833.83,1.0,0,0
892.04,0,14,0,1,892.04,1.0,0,0
351.94,1,10,3,1,351.94,1.0,0,0
1240.13,1,12,1,1,1240.13,1.0,0,0
232.39,2,12,4,1,232.39,1.0,0,0
905.28,0,7,4,1,905.28,1.0,0,0
162.65,1,18,0,1,162.65,1.0,0,0
2654.1,3,11,3,2,4934.25,0.5379,0,0
232.48,1,12,3,2,439.1,0.5294,0,0
74.82,1,4,0,1,74.82,1.0,0,0
518.25,1,12,1,1,518.25,1.0,0,0
201.35,0,22,4,2,410.18,0.4909,0,0
65.57,1,20,0,1,65.57,1.0,0,0
302.29,1,17,4,1,302.29,1.0,0,0
644.84,2,17,1,1,644.84,1.0,0,0
193.42,2,16,0,1,193.42,1.0,0,0
157.51,1,18,0,1,157.51,1.0,0,0
1022.02,0,7,1,2,1875.88,0.5448,0,0
337.26,0,21,5,1,337.26,1.0,0,0
63.64,0,14,2,1,63.64,1.0,0,0
13.23,1,15,6,2,24.28,0.545,0,0
270.95,1,9,5,1,270.95,1.0,0,0
101.2,1,12,2,1,101.2,1.0,0,0
957.04,1,8,3,1,957.04,1.0,0,0
95.16,3,14,3,1,95.16,1.0,0,0
204.68,2,15,4,2,378.12,0.5413,0,0
89.77,1,14,0,1,89.77,1.0,0,0
177.74,1,19,4,1,177.74,1.0,0,0
176.39,1,14,2,1,176.39,1.0,0,0
407.41,0,16,1,1,407.41,1.0,0,0
1694.9,1,11,4,1,1694.9,1.0,0,0
30.42,1,13,5,2,52.21,0.5826,0,0
188.74,0,14,2,2,330.72,0.5707,0,0
107.96,1,10,5,3,352.88,0.3059,0,0
180.49,2,21,0,1,180.49,1.0,0,0
38.02,1,13,3,1,38.02,1.0,0,0
26.03,1,20,3,1,26.03,1.0,0,0
458.11,0,16,1,1,458.11,1.0,0,0
558.32,1,19,2,1,558.32,1.0,0,0
97.92,1,14,2,1,97.92,1.0,1,0
973.87,3,15,3,1,973.87,1.0,0,0
288234.51,2,9,0,3,864703.53,0.3333,0,1
82.0,0,19,1,1,82.0,1.0,0,0
17.72,1,18,1,1,17.72,1.0,0,0
297.46,1,12,5,1,297.46,1.0,0,0
357.08,0,16,3,2,650.46,0.549,0,0
952.62,0,14,5,1,952.62,1.0,0,0
557.64,2,15,5,1,557.64,1.0,0,0
170.95,1,14,4,1,170.95,1.0,0,0
606.92,0,20,6,3,2003.9,0.3029,0,0
168.89,1,5,5,1,168.89,1.0,0,0
162.66,1,21,5,1,162.66,1.0,0,0
589.57,1,10,1,1,589.57,1.0,0,0
113.81,3,15,6,2,196.62,0.5788,0,0
643.85,1,12,1,1,643.85,1.0,0,0
83.62,0,12,4,2,183.17,0.4565,0,0
387.5,2,19,4,2,673.9,0.575,0,0
214.38,1,13,1,1,214.38,1.0,0,0
327.61,1,14,2,2,717.88,0.4564,0,0
131.37,0,16,0,1,131.37,1.0,0,0
63.82,1,15,3,1,63.82,1.0,0,0
110.15,3,12,5,1,110.15,1.0,0,0
445.67,0,22,4,1,445.67,1.0,0,0
34284.32,0,3,0,3,102852.95,0.3333,1,1
97.18,0,19,5,1,97.18,1.0,0,0
230.09,2,11,4,1,230.09,1.0,0,0
219.26,1,15,0,2,468.79,0.4677,0,0
261.26,1,16,6,2,482.35,0.5416,0,0
522.06,0,14,5,1,522.06,1.0,0,0
415.74,1,16,6,1,415.74,1.0,0,0
231.44,1,16,3,2,467.23,0.4953,0,0
6632.57,2,4,0,11,67353.48,0.0985,0,1
72.96,0,8,6,2,150.53,0.4847,0,0
698.67,1,15,0,1,698.67,1.0,0,0
393.35,1,17,4,1,393.35,1.0,0,0
1065.81,2,16,1,1,1065.81,1.0,0,0
30923.23,2,0,4,8,218348.99,0.1416,0,1
161.52,0,18,2,1,161.52,1.0,0,0
97.21,1,17,2,1,97.21,1.0,0,0
164.53,1,19,1,1,164.53,1.0,0,0
153.89,1,16,3,1,153.89,1.0,0,0
103.46,1,12,3,1,103.46,1.0,0,0
191.8,1,13,0,1,191.8,1.0,0,0
526.82,1,22,2,2,982.46,0.5362,0,0
140.89,0,16,0,1,140.89,1.0,0,0
152.56,1,11,3,2,314.01,0.4858,0,0
449.78,2,18,0,1,449.78,1.0,0,0
329.11,3,17,3,1,329.11,1.0,0,0
99.84,0,8,5,2,174.91,0.5708,0,0
136.45,1,11,1,1,136.45,1.0,0,0
673.65,1,15,0,3,1630.38,0.4132,0,0
270.68,3,13,0,1,270.68,1.0,0,0
542.28,1,18,2,1,542.28,1.0,0,0
262.96,1,12,0,1,262.96,1.0,0,0
60.71,1,13,1,2,116.65,0.5205,0,0
335.79,3,7,1,1,335.79,1.0,0,0
24.04,2,18,6,1,24.04,1.0,0,0
410.06,1,23,6,2,874.83,0.4687,0,0
2057.5,0,17,6,3,5872.05,0.3504,0,0
121.82,3,14,2,2,229.0,0.532,0,0
709.0,1,10,5,1,709.0,1.0,0,0
473.18,1,12,3,1,473.18,1.0,0,0
2305.19,1,14,3,1,2305.19,1.0,0,0
229.8,1,18,0,3,726.06,0.3165,0,0
147.83,1,15,4,1,147.83,1.0,0,0
1471.79,0,18,0,1,1471.79,1.0,0,0
804.57,0,9,4,2,1630.15,0.4936,0,0
231.81,0,23,6,1,231.81,1.0,0,0
319.11,0,11,6,2,561.51,0.5683,0,0
126.29,0,14,6,2,255.7,0.4939,0,0
71.93,1,5,3,1,71.93,1.0,0,0
268.37,1,14,1,1,268.37,1.0,0,0
463.88,0,14,1,1,463.88,1.0,0,0
169.31,1,20,6,2,314.6,0.5382,0,0
65.81,1,16,6,1,65.81,1.0,0,0
208.68,1,14,4,1,208.68,1.0,0,0
104.3,0,10,5,2,185.85,0.5612,0,0
48.43,1,14,3,2,99.87,0.4849,0,0
794.26,1,7,6,1,794.26,1.0,0,0
356.06,1,11,4,3,1182.7,0.3011,0,0
867.1,1,8,4,1,867.1,1.0,0,0
188.09,3,12,3,1,188.09,1.0,0,0
135.2,0,19,3,1,135.2,1.0,0,0
198857.54,2,1,6,1,198857.54,1.0,1,1
103.62,1,10,5,1,103.62,1.0,0,0
83.49,1,10,5,1,83.49,1.0,0,0
528.42,2,14,5,1,528.42,1.0,0,0
1013.41,3,14,4,1,1013.41,1.0,0,0
178.06,3,14,4,1,178.06,1.0,0,0
321.49,1,13,1,1,321.49,1.0,0,0
366.81,0,20,3,1,366.81,1.0,0,0
299.83,1,15,1,2,543.79,0.5514,0,0
233.79,1,14,3,1,233.79,1.0,0,0
41.47,1,13,1,1,41.47,1.0,0,0
107.29,3,18,4,1,107.29,1.0,0,0
84.9,2,18,6,2,157.16,0.5402,0,0
290.31,1,18,3,1,290.31,1.0,0,0
162.24,1,17,4,3,408.36,0.3973,0,0
349.72,0,9,1,1,349.72,1.0,0,0
317.12,3,12,1,1,317.12,1.0,0,0
1692.21,1,11,6,1,1692.21,1.0,0,0
961.48,1,17,2,1,961.48,1.0,0,0
38.37,1,9,4,1,38.37,1.0,0,0
245.45,1,19,0,1,245.45,1.0,0,0
86.15,1,17,6,2,164.99,0.5221,0,0
186.54,2,12,6,1,186.54,1.0,0,0
71.75,1,14,6,1,71.75,1.0,0,0
38.7,1,7,5,1,38.7,1.0,0,0
109.92,1,12,3,1,109.92,1.0,0,0
237.71,2,6,5,1,237.71,1.0,0,0
881.24,3,14,2,1,881.24,1.0,0,0
109.22,1,11,5,1,109.22,1.0,0,0
267986.93,2,8,2,1,267986.93,1.0,0,1
67.6,0,17,1,2,141.85,0.4765,0,0
297.91,1,9,3,2,578.21,0.5152,1,0
100.5,2,21,5,1,100.5,1.0,0,0
333.49,0,15,6,1,333.49,1.0,0,0
23.88,1,16,2,1,23.88,1.0,0,0
32883.32,2,1,3,6,175972.9,0.1869,0,1
391554.69,0,3,2,2,783109.38,0.5,0,1
224.1,0,16,5,1,224.1,1.0,0,0
643.9,1,14,1,1,643.9,1.0,0,0
324.6,0,12,1,1,324.6,1.0,0,0
252.38,0,14,0,2,497.92,0.5069,0,0
15.65,1,15,1,1,15.65,1.0,0,0
17128.04,0,5,6,9,155526.91,0.1101,0,1
116.03,1,17,4,1,116.03,1.0,0,0
334.79,1,14,1,1,334.79,1.0,0,0
232.85,0,15,3,1,232.85,1.0,0,0
86.44,2,11,4,2,171.04,0.5054,0,0
252.85,1,13,1,1,252.85,1.0,0,0
24.29,1,16,6,1,24.29,1.0,0,0
450.79,1,15,4,1,450.79,1.0,0,0
366462.33,2,12,0,1,366462.33,1.0,0,1
204.83,1,17,4,1,204.83,1.0,0,0
621.81,1,21,1,1,621.81,1.0,0,0
204.46,2,14,1,1,204.46,1.0,0,0
241.38,3,23,3,2,482.69,0.5001,0,0
481.74,0,12,0,1,481.74,1.0,0,0
98.69,2,11,4,1,98.69,1.0,0,0
288.76,1,14,1,1,288.76,1.0,0,0
584.89,1,11,4,1,584.89,1.0,0,0
281.44,1,13,6,1,281.44,1.0,0,0
45558.14,3,12,5,6,260883.8,0.1746,0,1
223.56,1,11,5,2,436.23,0.5125,0,0
307.5,1,15,2,1,307.5,1.0,0,0
38536.53,0,2,0,4,154146.1,0.25,1,1
77.3,1,16,5,1,77.3,1.0,0,0
547.24,1,13,1,1,547.24,1.0,0,0
537.28,0,17,0,1,537.28,1.0,0,0
535.16,1,18,1,2,1019.47,0.5249,0,0
312.6,1,20,0,1,312.6,1.0,0,0
114.18,2,11,2,1,114.18,1.0,0,0
184.8,1,13,0,1,184.8,1.0,0,0
1803.55,1,13,6,1,1803.55,1.0,0,0
112.79,1,10,6,1,112.79,1.0,0,0
30923.84,0,18,6,12,340249.89,0.0909,1,1
424.26,1,16,6,1,424.26,1.0,0,0
157.12,1,14,6,1,157.12,1.0,0,0
776.9,1,12,6,2,1500.35,0.5178,0,0
666.98,1,22,1,1,666.98,1.0,0,0
335.21,1,12,1,1,335.21,1.0,0,0
375.33,3,13,4,1,375.33,1.0,0,0
532.61,1,16,4,1,532.61,1.0,0,0
68.85,2,17,5,1,68.85,1.0,0,0
51.63,2,21,0,1,51.63,1.0,0,0
391.4,1,7,6,2,733.55,0.5336,0,0
60.92,1,18,3,1,60.92,1.0,0,0
187.66,1,14,6,2,394.9,0.4752,0,0
82.59,1,11,3,1,82.59,1.0,0,0
517.4,2,17,6,1,517.4,1.0,0,0
17565.47,0,9,1,14,218120.98,0.0805,0,1
765.29,1,11,1,1,765.29,1.0,0,0
464.02,2,15,3,2,960.6,0.4831,0,0
26.18,1,11,6,3,69.9,0.3745,0,0
897.15,0,11,0,1,897.15,1.0,0,0
432.01,3,16,4,1,432.01,1.0,0,0
1458.73,3,9,6,1,1458.73,1.0,0,0
382.25,0,6,5,3,1288.13,0.2967,0,0
174.33,1,13,2,2,299.07,0.5829,0,0
324.83,1,12,6,2,714.21,0.4548,0,0
572.99,0,8,3,1,572.99,1.0,0,0
32074.16,0,3,6,4,128296.63,0.25,1,1
384.17,0,7,4,2,806.83,0.4761,0,0
130.53,1,15,4,1,130.53,1.0,0,0
499.75,1,12,0,1,499.75,1.0,0,0
90.02,3,14,1,1,90.02,1.0,0,0
87.07,1,15,3,1,87.07,1.0,0,0
45.47,0,16,4,1,45.47,1.0,0,0
877.42,1,15,2,1,877.42,1.0,0,0
86.15,0,16,1,2,171.76,0.5016,0,0
94.18,1,16,5,1,94.18,1.0,0,0
169.42,2,19,2,2,307.22,0.5515,0,0
122.18,1,9,6,1,122.18,1.0,0,0
426.3,1,14,4,1,426.3,1.0,0,0
160.06,1,21,1,1,160.06,1.0,0,0
254.76,0,2,5,2,466.81,0.5458,0,0
150.46,3,12,1,1,150.46,1.0,0,0
231.67,1,8,4,1,231.67,1.0,0,0
1025.79,1,15,5,2,2135.68,0.4803,0,0
1000.0,1,10,5,1,1000.0,1.0,0,0
244.76,1,22,5,1,244.76,1.0,0,0
427.34,1,10,2,1,427.34,1.0,0,0
224.02,1,5,2,1,224.02,1.0,0,0
69.68,1,15,2,1,69.68,1.0,0,0
580.07,1,11,1,1,580.07,1.0,0,0
130.31,0,10,5,1,130.31,1.0,0,0
580.04,1,18,6,2,1009.19,0.5748,1,0
49479.35,3,14,6,6,268867.23,0.184,0,1
247.51,0,11,1,1,247.51,1.0,0,0
187.63,1,14,6,1,187.63,1.0,0,0
822.94,1,14,1,1,822.94,1.0,0,0
68.63,1,20,5,1,68.63,1.0,0,0
125.35,1,13,1,2,243.87,0.514,0,0
367.65,2,14,1,1,367.65,1.0,0,0
187.57,3,8,4,1,187.57,1.0,0,0
575.37,0,15,3,1,575.37,1.0,0,0
495.98,1,9,6,1,495.98,1.0,0,0
488.36,1,11,0,1,488.36,1.0,0,0
62.32,1,11,3,2,129.62,0.4808,0,0
90.27,1,21,0,1,90.27,1.0,0,0
320.57,1,23,1,1,320.57,1.0,0,0
191.16,1,16,5,1,191.16,1.0,0,0
219.52,0,16,5,1,219.52,1.0,0,0
107.57,1,11,0,1,107.57,1.0,0,0
293.9,3,18,4,2,625.18,0.4701,0,0
2295.79,3,13,5,2,4081.69,0.5625,0,0
292.85,2,16,2,1,292.85,1.0,0,0
230.06,1,13,2,1,230.06,1.0,0,0
133.93,1,16,2,2,239.78,0.5585,0,0
804.65,1,15,4,3,2669.35,0.3014,0,0
710.51,1,11,1,2,1514.4,0.4692,0,0
369.72,1,9,4,1,369.72,1.0,0,0
211.43,0,15,4,1,211.43,1.0,0,0
785.47,0,17,5,2,1393.87,0.5635,0,0
96.71,1,14,6,1,96.71,1.0,0,0
634.0,2,15,0,2,1265.19,0.5011,0,0
407.54,3,13,3,1,407.54,1.0,0,0
98.85,1,14,4,1,98.85,1.0,0,0
853.0,2,12,5,1,853.0,1.0,0,0
31.89,0,5,1,2,60.32,0.5287,0,0
209.34,0,12,1,1,209.34,1.0,0,0
96.88,1,9,5,1,96.88,1.0,0,0
84.13,0,17,0,1,84.13,1.0,0,0
459.8,2,9,6,2,991.61,0.4637,0,0
542.91,1,7,1,1,542.91,1.0,0,0
191.51,3,10,0,1,191.51,1.0,0,0
171.14,1,16,3,2,364.82,0.4691,0,0
105.54,0,19,1,1,105.54,1.0,0,0
236.87,0,17,0,2,435.49,0.5439,0,0
569.03,1,16,5,1,569.03,1.0,0,0
681.93,1,17,1,1,681.93,1.0,0,0
19.76,0,15,4,2,39.99,0.4942,0,0
262.27,3,16,6,1,262.27,1.0,0,0
261.02,0,18,6,1,261.02,1.0,0,0
615.63,2,16,3,1,615.63,1.0,0,0
67.0,1,15,4,2,123.4,0.5429,0,0
352.95,1,12,1,1,352.95,1.0,0,0
419.07,1,17,0,1,419.07,1.0,0,0
359.59,1,9,3,1,359.59,1.0,0,0
382.92,0,16,4,1,382.92,1.0,0,0
130.67,1,8,3,2,250.92,0.5208,0,0
88.27,0,17,0,1,88.27,1.0,0,0
258.91,1,16,4,1,258.91,1.0,0,0
205.66,3,16,3,1,205.66,1.0,0,0
232.65,0,15,1,2,409.47,0.5682,0,0
524.19,1,11,2,1,524.19,1.0,0,0
105.9,1,15,6,1,105.9,1.0,0,0
176.98,1,12,4,1,176.98,1.0,0,0
168.42,3,9,5,1,168.42,1.0,0,0
315.79,1,21,1,1,315.79,1.0,0,0
79.21,0,18,4,1,79.21,1.0,0,0
285.45,1,10,0,1,285.45,1.0,0,0
293.65,1,7,5,1,293.65,1.0,0,0
1147.38,0,11,3,1,1147.38,1.0,0,0
514.53,0,14,2,2,874.75,0.5882,0,0
1068.07,2,13,1,1,1068.07,1.0,0,0
390.65,0,16,3,1,390.65,1.0,0,0
257.67,1,15,0,1,257.67,1.0,0,0
819.15,3,11,4,1,819.15,1.0,0,0
331.45,3,16,4,1,331.45,1.0,0,0
282.15,0,11,2,2,500.7,0.5635,0,0
54.78,0,17,3,1,54.78,1.0,0,0
34025.1,0,2,6,2,68050.2,0.5,1,1
94.58,1,13,6,1,94.58,1.0,0,0
91.19,1,13,0,1,91.19,1.0,0,0
236.4,1,16,5,1,236.4,1.0,0,0
339.9,1,13,2,1,339.9,1.0,0,0
221.58,0,11,3,1,221.58,1.0,1,0
71.9,0,11,4,1,71.9,1.0,0,0
367.87,1,16,5,1,367.87,1.0,0,0
397.28,1,22,6,1,397.28,1.0,0,0
30.44,0,10,6,1,30.44,1.0,0,0
269.2,1,11,0,1,269.2,1.0,0,0
32357.98,0,3,0,9,349440.31,0.0926,0,1
49.15,1,7,3,1,49.15,1.0,0,0
190.36,1,19,1,1,190.36,1.0,0,0
28.58,3,11,4,1,28.58,1.0,0,0
691.1,1,8,0,1,691.1,1.0,0,0
92.74,1,22,0,1,92.74,1.0,0,0
293.8,3,18,0,1,293.8,1.0,0,0
1399.15,3,19,2,2,2858.35,0.4895,0,0
91.73,2,12,0,2,177.16,0.5178,0,0
558.76,1,11,2,1,558.76,1.0,0,0
286.61,2,16,3,1,286.61,1.0,0,0
320.01,0,15,5,2,640.82,0.4994,0,0
449396.15,0,0,0,1,449396.15,1.0,0,1
993.15,0,21,2,1,993.15,1.0,0,0
385.29,1,20,6,2,751.68,0.5126,0,0
57.24,1,11,6,3,154.62,0.3702,0,0
48.57,3,15,5,1,48.57,1.0,1,0
1512.17,0,12,4,1,1512.17,1.0,0,0
520.01,1,18,0,1,520.01,1.0,0,0
82.55,2,21,2,2,153.58,0.5375,0,0
351.08,0,7,1,1,351.08,1.0,0,0
193.22,0,15,1,2,394.37,0.4899,0,0
34.12,1,14,1,3,88.82,0.3842,0,0
681.65,1,22,2,2,1229.3,0.5545,0,0
1195.12,0,16,0,2,2218.48,0.5387,0,0
322673.78,0,14,2,2,645347.56,0.5,0,1
230.23,0,13,1,2,457.95,0.5027,0,0
131.34,1,13,3,1,131.34,1.0,0,0
158.84,0,12,5,1,158.84,1.0,0,0
196.76,1,14,5,1,196.76,1.0,0,0
1270.79,0,17,5,2,2621.12,0.4848,0,0
92725.32,0,14,3,2,185450.65,0.5,0,1
889.83,1,16,5,1,889.83,1.0,0,0
130.53,0,20,1,1,130.53,1.0,0,0
54.66,0,17,6,1,54.66,1.0,0,0
59.02,0,13,3,1,59.02,1.0,0,0
28.27,0,15,2,1,28.27,1.0,0,0
98.44,1,15,6,2,194.22,0.5068,0,0
740.38,1,20,6,1,740.38,1.0,0,0
577.7,1,12,0,1,577.7,1.0,0,0
620.69,0,12,6,1,620.69,1.0,0,0
167.91,0,16,5,1,167.91,1.0,0,0
109.77,2,15,0,1,109.77,1.0,0,0
233.11,2,5,0,1,233.11,1.0,0,0
111.79,0,14,1,2,232.85,0.4801,0,0
672.94,1,5,3,1,672.94,1.0,0,0
224.51,0,16,5,1,224.51,1.0,0,0
126.23,0,12,5,1,126.23,1.0,0,0
9131.45,0,23,0,2,18262.9,0.5,1,1
15.21,0,16,6,1,15.21,1.0,0,0
141.06,2,15,2,1,141.06,1.0,0,0
656.82,1,10,6,1,656.82,1.0,0,0
1704.23,1,14,6,3,5655.49,0.3013,0,0
111.08,1,16,3,2,232.63,0.4775,0,0
46147.38,2,9,5,5,226876.44,0.2034,0,1
3539.58,1,12,5,2,6173.84,0.5733,0,0
197.32,0,18,0,1,197.32,1.0,0,0
93.6,1,14,1,1,93.6,1.0,0,0
247.66,0,18,0,2,448.52,0.5522,0,0
145.72,1,23,3,2,299.92,0.4859,0,0
352.99,1,19,2,2,606.11,0.5824,0,0
125.73,0,18,1,3,393.88,0.3192,0,0
812.65,1,8,5,1,812.65,1.0,0,0
76.55,1,10,4,2,131.44,0.5824,0,0
295.51,0,12,2,2,553.92,0.5335,0,0
83.41,1,16,2,3,267.68,0.3116,0,0
247.39,1,12,3,2,476.73,0.5189,0,0
304.72,2,10,3,1,304.72,1.0,0,0
565.94,1,9,2,2,1186.52,0.477,0,0
202.68,0,10,2,1,202.68,1.0,0,0
346.81,1,13,1,1,346.81,1.0,0,0
452.34,2,15,6,1,452.34,1.0,0,0
299.36,0,11,3,1,299.36,1.0,0,0
48072.78,2,9,2,3,150813.37,0.3188,0,1
547.07,1,12,4,1,547.07,1.0,0,0
310.8,0,12,2,2,586.82,0.5296,0,0
186.48,0,16,6,2,340.74,0.5473,0,0
847.96,0,8,6,2,1611.02,0.5263,0,0
239.9,2,18,3,2,495.05,0.4846,0,0
193.01,1,22,0,2,423.85,0.4554,0,0
239.07,1,12,0,2,467.49,0.5114,0,0
342.62,1,15,6,1,342.62,1.0,0,0
106.13,3,15,6,2,188.49,0.563,0,0
129.9,0,23,2,1,129.9,1.0,0,0
206.57,1,18,4,1,206.57,1.0,0,0
222.71,2,15,0,2,453.2,0.4914,0,0
424.22,1,18,4,1,424.22,1.0,0,0
147.5,1,9,4,1,147.5,1.0,0,0
350.62,0,13,6,1,350.62,1.0,0,0
426.93,3,14,1,1,426.93,1.0,0,0
228.85,2,19,5,1,228.85,1.0,0,0
46.6,0,2,2,1,46.6,1.0,0,0
552.98,1,13,3,1,552.98,1.0,0,0
222.7,1,7,3,1,222.7,1.0,0,0
80.57,1,10,2,1,80.57,1.0,0,0
362.63,1,13,0,3,1103.61,0.3286,0,0
120.43,1,13,2,1,120.43,1.0,0,0
1399.59,0,9,0,1,1399.59,1.0,0,0
79.22,3,17,6,1,79.22,1.0,0,0
697.87,1,12,3,1,697.87,1.0,0,0
171.06,3,14,5,1,171.06,1.0,0,0
65.69,1,5,6,1,65.69,1.0,0,0
150.48,1,9,1,2,299.9,0.5018,0,0
880.9,1,15,6,1,880.9,1.0,0,0
698.51,3,15,0,1,698.51,1.0,0,0
96097.47,0,0,3,2,192194.95,0.5,0,1
110.08,0,10,3,1,110.08,1.0,0,0
494.82,1,18,3,1,494.82,1.0,0,0
158.51,2,17,0,2,341.79,0.4638,0,0
714.3,1,19,1,2,1267.69,0.5635,0,0
429.8,0,20,1,2,765.32,0.5616,0,0
363.94,1,12,5,2,660.64,0.5509,0,0
254.4,3,10,0,1,254.4,1.0,0,0
111.97,1,16,2,2,234.99,0.4765,0,0
105.87,3,16,5,1,105.87,1.0,0,0
152.88,1,19,4,4,549.71,0.2781,0,0
237.28,3,16,6,1,237.28,1.0,0,0
184.68,0,8,4,1,184.68,1.0,0,0
81.96,0,7,6,1,81.96,1.0,0,0
103.47,1,19,5,1,103.47,1.0,0,0
230.72,1,13,6,2,432.09,0.534,0,0
342.35,1,10,4,1,342.35,1.0,0,0
149.4,3,13,1,1,149.4,1.0,0,0
425.79,0,9,1,1,425.79,1.0,0,0
95.21,3,17,3,1,95.21,1.0,0,0
260.27,1,10,5,1,260.27,1.0,0,0
340.71,3,14,1,2,713.21,0.4777,0,0
403.34,3,16,0,3,1240.95,0.325,0,0
1055.16,1,14,4,2,1927.85,0.5473,0,0
152.24,1,17,6,1,152.24,1.0,0,0
105.23,1,15,3,1,105.23,1.0,0,0
37.67,1,21,6,1,37.67,1.0,0,0
197.56,0,19,2,1,197.56,1.0,0,0
68.04,1,14,0,1,68.04,1.0,0,0
39.94,1,11,0,1,39.94,1.0,0,0
844.01,1,23,1,3,2807.39,0.3006,0,0
234.68,1,14,3,1,234.68,1.0,0,0
390.07,0,14,1,1,390.07,1.0,0,0
152.7,1,7,5,1,152.7,1.0,0,0
53686.92,0,3,0,2,107373.84,0.5,1,1
61.43,2,8,4,1,61.43,1.0,0,0
992.64,3,12,1,1,992.64,1.0,0,0
317.59,1,12,2,1,317.59,1.0,0,0
287.7,1,13,0,1,287.7,1.0,0,0
97.99,0,23,4,1,97.99,1.0,0,0
146.81,1,12,5,2,263.92,0.5563,0,0
25.01,1,11,4,2,42.54,0.588,0,0
384.43,1,7,0,1,384.43,1.0,0,0
122.48,1,11,1,1,122.48,1.0,0,0
383.11,1,16,3,3,1144.53,0.3347,0,0
280.96,1,12,4,1,280.96,1.0,0,0
150.99,1,17,2,1,150.99,1.0,0,0
494.8,1,11,2,1,494.8,1.0,0,0
262.54,0,18,2,1,262.54,1.0,0,0
523.71,1,7,5,1,523.71,1.0,0,0
50.8,3,13,4,4,174.04,0.2919,0,0
559.57,1,11,3,2,1103.49,0.5071,0,0
207.55,1,7,0,1,207.55,1.0,0,0
755.48,1,14,5,1,755.48,1.0,0,0
60.45,1,14,0,1,60.45,1.0,0,0
40.43,1,15,2,1,40.43,1.0,0,0
331.75,1,19,1,1,331.75,1.0,0,0
100.33,0,5,2,2,204.16,0.4914,0,0
212.56,1,7,1,1,212.56,1.0,0,0
154.65,1,7,1,1,154.65,1.0,0,0
174.01,0,11,5,2,380.33,0.4575,0,0
110.54,1,18,3,1,110.54,1.0,0,0
120.63,3,9,0,1,120.63,1.0,0,0
189.46,1,14,2,1,189.46,1.0,0,0
84.97,1,16,0,1,84.97,1.0,0,0
131.3,1,15,0,1,131.3,1.0,0,0
162.76,1,7,5,1,162.76,1.0,0,0
448.0,1,11,1,2,878.46,0.51,0,0
78.24,3,12,6,2,162.25,0.4822,0,0
240.43,3,11,6,1,240.43,1.0,0,0
161.67,0,13,1,1,161.67,1.0,0,0
287.94,0,15,0,1,287.94,1.0,0,0
80.61,1,11,0,1,80.61,1.0,0,0
81.48,3,18,4,1,81.48,1.0,0,0
373.23,1,20,1,1,373.23,1.0,0,0
48.13,1,19,6,1,48.13,1.0,0,0
351.87,0,14,5,2,609.09,0.5777,0,0
28391.25,0,0,1,10,330011.7,0.086,1,1
220.88,1,13,4,1,220.88,1.0,0,0
361.67,1,15,1,2,663.73,0.5449,0,0
159.44,1,9,0,2,303.57,0.5252,0,0
5004.56,0,8,2,9,42721.39,0.1171,1,1
112.38,3,15,3,2,194.9,0.5766,0,0
87.86,1,14,0,2,175.06,0.5019,0,0
512.87,1,14,1,1,512.87,1.0,0,0
34.52,3,19,3,2,61.69,0.5595,0,0
220.35,2,4,4,1,220.35,1.0,0,0
626.59,0,14,5,1,626.59,1.0,0,0
192.53,2,12,3,2,345.62,0.557,0,0
644.35,1,17,6,1,644.35,1.0,0,0
100.74,1,9,6,1,100.74,1.0,0,0
292.62,0,12,0,1,292.62,1.0,0,0
44429.85,0,23,5,4,177719.4,0.25,1,1
516.38,1,12,0,1,516.38,1.0,0,0
403.92,0,16,0,1,403.92,1.0,0,0
110.59,3,15,0,1,110.59,1.0,0,0
336.82,1,3,6,1,336.82,1.0,0,0
51.69,0,18,0,1,51.69,1.0,0,0
382.19,0,4,1,1,382.19,1.0,0,0
142.77,0,14,6,1,142.77,1.0,0,0
766.23,1,17,5,1,766.23,1.0,0,0
593.29,1,19,4,2,1173.3,0.5057,0,0
68.12,1,19,0,1,68.12,1.0,0,0
77.41,1,11,1,1,77.41,1.0,0,0
1146.48,1,16,3,2,2344.28,0.4891,0,0
338.61,1,16,4,2,666.49,0.508,0,0
1176.15,1,18,5,2,2178.5,0.5399,0,0
382.88,0,17,3,2,707.21,0.5414,0,0
999.73,1,17,5,3,3275.37,0.3052,0,0
679.18,1,10,0,1,679.18,1.0,0,0
587.89,1,13,3,1,587.89,1.0,0,0
130.2,1,13,3,1,130.2,1.0,0,0
462.13,1,17,6,1,462.13,1.0,0,0
331.05,2,20,3,2,649.48,0.5097,0,0
351.36,1,9,0,1,351.36,1.0,0,0
393.52,1,15,0,1,393.52,1.0,0,0
108.09,1,12,3,1,108.09,1.0,0,0
83.63,1,7,4,1,83.63,1.0,0,0
221.44,2,11,0,1,221.44,1.0,0,0
124.68,1,17,2,1,124.68,1.0,0,0
258.13,0,13,4,1,258.13,1.0,0,0
629.18,1,11,2,2,1200.55,0.5241,0,0
28.86,3,11,3,2,49.39,0.5843,1,0
460.76,1,14,1,2,860.63,0.5354,0,0
321.77,1,9,2,1,321.77,1.0,0,0
85.16,0,11,4,1,85.16,1.0,0,0
331.33,2,15,6,2,704.33,0.4704,0,0
184.35,1,23,3,2,385.0,0.4788,1,0
347.91,1,9,1,1,347.91,1.0,0,0
235.63,3,19,5,2,487.36,0.4835,0,0
130.64,1,13,0,1,130.64,1.0,0,0
157.32,3,9,1,1,157.32,1.0,0,0
327.06,0,17,6,1,327.06,1.0,0,0
1057.12,0,14,4,1,1057.12,1.0,0,0
79.58,0,12,2,2,141.78,0.5613,0,0
15.81,1,9,3,2,29.54,0.535,0,0
203.01,0,11,6,1,203.01,1.0,0,0
75.97,1,13,6,1,75.97,1.0,0,0
217.54,1,9,4,2,403.78,0.5388,0,0
199.58,1,14,3,1,199.58,1.0,0,0
355.81,1,12,0,1,355.81,1.0,0,0
527.74,1,13,6,1,527.74,1.0,0,0
44880.87,0,23,6,2,89761.73,0.5,1,1
1827.91,3,20,2,1,1827.91,1.0,0,0
160.34,2,10,6,2,306.0,0.524,0,0
512.7,1,20,6,1,512.7,1.0,0,0
665.02,3,13,4,1,665.02,1.0,0,0
517.73,0,10,3,1,517.73,1.0,0,0
31.09,2,18,1,3,103.37,0.3007,0,0
130.57,1,15,4,2,223.49,0.5842,0,0
173.67,1,15,3,2,376.91,0.4608,0,0
64.61,1,12,2,1,64.61,1.0,0,0
47485.24,0,17,4,4,205595.47,0.231,1,1
325.03,2,21,1,2,556.99,0.5835,0,0
21.79,1,11,1,1,21.79,1.0,0,0
260.52,1,10,1,1,260.52,1.0,0,0
436.44,2,13,5,1,436.44,1.0,0,0
361.86,1,16,6,1,361.86,1.0,0,0
30625.37,0,4,6,2,61250.75,0.5,1,1
192.56,0,17,1,1,192.56,1.0,0,0
45.27,1,7,5,1,45.27,1.0,0,0
200.57,1,18,2,1,200.57,1.0,0,0
373.01,0,17,1,1,373.01,1.0,0,0
192.78,3,18,0,1,192.78,1.0,0,0
43.24,1,13,1,1,43.24,1.0,0,0
415.23,0,21,3,2,763.94,0.5435,0,0
452.86,1,17,2,1,452.86,1.0,0,0
312.12,3,15,6,3,938.89,0.3324,0,0
244.42,0,19,0,2,435.62,0.5611,0,0
286.36,0,17,4,2,489.33,0.5852,0,0
694.88,1,13,5,2,1357.38,0.5119,0,0
209.26,0,14,2,1,209.26,1.0,0,0
628.03,0,3,6,1,628.03,1.0,0,0
3894.95,0,17,3,1,3894.95,1.0,0,0
43.66,1,11,5,1,43.66,1.0,0,0
1952.2,1,17,5,1,1952.2,1.0,0,0
383.88,2,15,6,2,761.51,0.5041,0,0
326.0,1,17,5,2,566.44,0.5755,0,0
721.16,1,12,4,1,721.16,1.0,0,0
947.27,0,10,3,1,947.27,1.0,0,0
275.68,3,17,0,2,504.44,0.5465,0,0
118.46,0,17,3,1,118.46,1.0,0,0
78.11,1,6,3,1,78.11,1.0,0,0
511.24,1,19,3,1,511.24,1.0,0,0
372.5,2,15,1,2,648.22,0.5746,0,0
946.79,3,13,5,1,946.79,1.0,0,0
26549.15,0,23,5,8,197255.97,0.1346,0,1
193.28,2,11,0,1,193.28,1.0,0,0
309.55,2,21,4,1,309.55,1.0,0,0
177.51,1,23,5,1,177.51,1.0,0,0
508.51,0,13,3,1,508.51,1.0,0,0
375.21,1,17,2,1,375.21,1.0,0,0
223.29,1,12,2,1,223.29,1.0,0,0
443.61,2,18,4,2,786.79,0.5638,0,0
155.84,3,10,1,1,155.84,1.0,0,0
206.12,1,14,1,1,206.12,1.0,0,0
90.09,1,16,5,1,90.09,1.0,0,0
227.06,1,16,1,2,457.99,0.4958,0,0
1471.99,0,16,0,3,3801.93,0.3872,0,0
505.78,0,19,4,2,1096.66,0.4612,0,0
331.31,1,13,2,2,622.25,0.5324,0,0
138.22,1,13,6,1,138.22,1.0,0,0
55.42,0,10,1,2,116.96,0.4738,0,0
681.37,1,19,5,1,681.37,1.0,0,0
202.64,0,15,5,1,202.64,1.0,0,0
555.08,2,11,5,1,555.08,1.0,0,0
313.86,3,14,5,1,313.86,1.0,0,0
230.38,1,15,3,1,230.38,1.0,0,0
39281.57,0,1,5,2,78563.15,0.5,1,1
123.58,1,14,1,1,123.58,1.0,0,0
286.73,3,12,6,3,855.62,0.3351,0,0
103.25,0,14,3,1,103.25,1.0,0,0
430.72,3,16,0,1,430.72,1.0,0,0
78.55,1,22,6,2,152.64,0.5146,0,0
504.86,0,12,3,1,504.86,1.0,0,0
441.91,1,18,5,1,441.91,1.0,0,0
48873.21,3,16,2,5,252358.1,0.1937,1,1
49.4,0,16,1,1,49.4,1.0,0,0
43.53,0,11,3,1,43.53,1.0,0,0
350.36,0,12,1,3,991.66,0.3533,0,0
448612.74,0,12,3,2,897225.48,0.5,0,1
818.46,1,20,3,1,818.46,1.0,0,0
1165.83,2,9,3,1,1165.83,1.0,0,0
2509.03,1,15,1,2,4748.22,0.5284,0,0
152.96,1,10,1,2,296.96,0.5151,0,0
1128.41,1,5,1,1,1128.41,1.0,0,0
65.08,1,22,3,1,65.08,1.0,0,0
461.61,1,13,2,1,461.61,1.0,0,0
179.05,2,15,4,1,179.05,1.0,0,0
347.94,1,9,6,1,347.94,1.0,0,0
450.72,1,13,6,2,771.21,0.5844,0,0
72.79,3,14,3,1,72.79,1.0,0,0
7917.21,0,13,5,8,67770.91,0.1168,1,1
294.23,0,16,2,2,519.22,0.5667,0,0
267.17,1,15,0,1,267.17,1.0,0,0
36217.13,0,4,6,2,72434.26,0.5,1,1
115.5,0,0,5,2,204.12,0.5659,0,0
405.23,1,16,5,1,405.23,1.0,0,0
379.55,1,15,1,2,673.29,0.5637,0,0
535.04,3,19,5,1,535.04,1.0,0,0
114.41,0,19,4,2,228.41,0.5009,0,0
265.23,1,8,2,1,265.23,1.0,0,0
57.57,1,9,3,1,57.57,1.0,0,0
55.39,1,14,1,1,55.39,1.0,0,0
383.76,1,20,0,1,383.76,1.0,0,0
192.83,2,14,4,1,192.83,1.0,0,0
334.09,1,15,3,1,334.09,1.0,0,0
328.52,3,17,1,1,328.52,1.0,0,0
271.12,0,19,3,2,520.68,0.5207,0,0
4022.65,0,10,1,1,4022.65,1.0,0,0
430.59,1,10,6,1,430.59,1.0,0,0
682.22,1,8,2,1,682.22,1.0,0,0
101.89,1,16,2,3,260.95,0.3905,0,0
241.55,2,20,1,2,451.8,0.5346,0,0
76.56,0,16,4,1,76.56,1.0,0,0
751.54,3,20,4,2,1492.14,0.5037,0,0
267.87,1,14,2,1,267.87,1.0,0,0
54.78,0,17,1,2,106.63,0.5137,0,0
128.89,0,18,4,1,128.89,1.0,0,0
24.06,3,9,3,1,24.06,1.0,0,0
143.52,1,12,1,2,310.16,0.4627,0,0
5877.31,1,14,1,1,5877.31,1.0,0,0
219.59,1,16,3,1,219.59,1.0,0,0
63.41,1,15,4,1,63.41,1.0,0,0
250.1,1,14,5,2,540.28,0.4629,0,0
212.3,1,7,4,1,212.3,1.0,0,0
626.76,1,17,0,1,626.76,1.0,0,0
707.35,1,15,2,1,707.35,1.0,0,0
1698.04,0,19,0,1,1698.04,1.0,0,0
66.54,0,7,6,1,66.54,1.0,0,0
37.31,3,16,6,1,37.31,1.0,0,0
107.48,2,15,0,1,107.48,1.0,0,0
759.18,1,16,6,1,759.18,1.0,0,0
106.35,1,13,6,2,182.68,0.5822,0,0
42.19,1,12,1,1,42.19,1.0,0,0
74.66,2,12,4,1,74.66,1.0,0,0
38.72,1,13,1,1,38.72,1.0,1,0
156.62,2,13,2,1,156.62,1.0,0,0
203.71,1,14,0,1,203.71,1.0,0,0
230.42,1,19,0,1,230.42,1.0,0,0
218.04,1,14,0,1,218.04,1.0,0,0
1316.04,0,13,0,1,1316.04,1.0,0,0
951.58,0,10,1,2,1887.59,0.5041,0,0
27140.13,2,14,5,9,252529.71,0.1075,0,1
22.57,0,14,0,1,22.57,1.0,0,0
218.47,1,22,2,1,218.47,1.0,0,0
88.76,1,23,5,2,174.18,0.5096,0,0
124.57,1,18,5,1,124.57,1.0,0,0
142.84,2,15,1,1,142.84,1.0,0,0
144.48,1,17,0,1,144.48,1.0,0,0
225.02,1,14,4,1,225.02,1.0,0,0
172.04,1,12,2,3,540.85,0.3181,0,0
528.4,1,5,0,1,528.4,1.0,0,0
349.59,1,16,4,1,349.59,1.0,0,0
112.44,0,23,6,2,193.58,0.5808,0,0
984.44,1,6,2,1,984.44,1.0,0,0
30377.48,2,18,3,12,339206.36,0.0896,1,1
339.59,1,21,6,2,720.75,0.4712,0,0
391.39,1,16,0,1,391.39,1.0,0,0
83.79,0,23,6,1,83.79,1.0,0,0
246.87,0,18,5,1,246.87,1.0,0,0
481.78,0,14,0,1,481.78,1.0,0,0
170.11,1,17,5,2,358.83,0.4741,0,0
549.56,1,10,1,1,549.56,1.0,0,0
335.49,0,15,2,1,335.49,1.0,0,0
172.65,0,13,5,2,321.37,0.5372,0,0
59.04,0,17,0,1,59.04,1.0,1,0
901.91,1,14,3,1,901.91,1.0,0,0
159.56,0,12,5,1,159.56,1.0,0,0
349.63,1,18,6,1,349.63,1.0,0,0
50.62,3,16,2,2,93.4,0.542,0,0
36.85,0,12,0,2,69.29,0.5318,0,0
208.59,1,20,3,2,426.18,0.4895,0,0
234.65,1,16,5,1,234.65,1.0,0,0
67.62,0,13,3,2,136.07,0.4969,0,0
76.57,3,18,5,1,76.57,1.0,0,0
350.18,1,12,6,1,350.18,1.0,0,0
193.96,0,10,0,2,365.35,0.5309,0,0
656.01,1,14,4,1,656.01,1.0,0,0
189.14,1,12,1,1,189.14,1.0,0,0
956.64,3,17,3,1,956.64,1.0,0,0
217.2,1,14,3,1,217.2,1.0,0,0
215.94,1,18,2,1,215.94,1.0,0,0
715.7,2,13,1,1,715.7,1.0,0,0
296.84,1,18,6,1,296.84,1.0,0,0
349.57,1,20,5,1,349.57,1.0,0,0
157.19,1,17,3,1,157.19,1.0,0,0
129.17,3,17,6,1,129.17,1.0,0,0
436.84,1,10,1,1,436.84,1.0,0,0
580.46,0,16,2,1,580.46,1.0,0,0
39.59,1,14,6,1,39.59,1.0,0,0
134.32,0,14,4,1,134.32,1.0,0,0
438.39,1,13,3,4,1552.23,0.2824,0,0
186.05,1,11,1,1,186.05,1.0,0,0
167.23,0,17,4,1,167.23,1.0,0,0
106.56,1,19,6,1,106.56,1.0,0,0
420.15,1,16,4,1,420.15,1.0,0,0
491.51,3,12,2,1,491.51,1.0,0,0
111.63,1,11,2,2,237.88,0.4693,0,0
3205.16,2,17,1,2,5684.72,0.5638,0,0
138.98,1,16,2,1,138.98,1.0,0,0
159.1,1,12,6,4,640.16,0.2485,0,0
77.64,1,14,3,1,77.64,1.0,0,0
209.93,1,16,5,1,209.93,1.0,0,0
333.22,3,12,5,2,692.07,0.4815,0,0
202.08,1,16,2,1,202.08,1.0,0,0
465.13,0,23,2,3,1366.81,0.3403,0,0
486.7,0,10,4,3,1349.32,0.3607,0,0
351.14,0,14,6,1,351.14,1.0,0,0
542.69,0,9,0,1,542.69,1.0,0,0
321.3,1,15,6,2,593.56,0.5413,0,0
118.21,0,11,6,1,118.21,1.0,0,0
48.63,3,11,4,1,48.63,1.0,0,0
251.9,0,18,1,2,435.03,0.579,0,0
298.76,1,16,4,1,298.76,1.0,0,0
15.65,1,12,5,2,32.42,0.4828,0,0
395.5,3,13,3,2,794.29,0.4979,0,0
64.18,2,15,4,1,64.18,1.0,0,0
373.33,1,16,4,1,373.33,1.0,0,0
52.69,0,13,5,1,52.69,1.0,0,0
27792.12,0,20,0,7,187999.73,0.1478,1,1
853.77,1,10,4,2,1756.57,0.486,0,0
252.74,1,13,0,3,625.61,0.404,0,0
237.14,1,14,3,1,237.14,1.0,0,0
198.2,1,13,1,1,198.2,1.0,0,0
89.2,1,12,5,3,234.42,0.3805,0,0
1164.85,0,14,3,1,1164.85,1.0,0,0
157.06,1,8,6,1,157.06,1.0,0,0
499.2,0,12,4,1,499.2,1.0,0,0
195.28,1,14,1,1,195.28,1.0,0,0
433.49,1,13,3,2,771.15,0.5621,0,0
64.23,0,10,0,1,64.23,1.0,0,0
645.81,1,18,1,1,645.81,1.0,0,0
731.81,1,20,4,3,2225.41,0.3288,0,0
565.74,1,17,1,1,565.74,1.0,0,0
2040.89,1,10,4,1,2040.89,1.0,0,0
373.27,0,12,3,1,373.27,1.0,0,0
292.11,1,13,0,2,578.34,0.5051,0,0
204.55,1,19,2,1,204.55,1.0,0,0
749.26,0,18,0,2,1343.8,0.5576,0,0
139.72,1,21,0,1,139.72,1.0,0,0
83.53,2,2,3,1,83.53,1.0,0,0
126.43,2,11,4,2,240.97,0.5247,0,0
304.13,1,19,4,1,304.13,1.0,0,0
162.33,1,10,0,1,162.33,1.0,0,0
513.9,1,9,2,1,513.9,1.0,0,0
229.64,1,20,3,1,229.64,1.0,0,0
108.95,1,17,4,1,108.95,1.0,0,0
189.49,2,5,2,3,534.16,0.3548,0,0
110.29,1,13,4,1,110.29,1.0,0,0
113.71,1,9,1,1,113.71,1.0,0,0
242.67,2,12,3,1,242.67,1.0,0,0
246.46,1,11,6,2,456.35,0.5401,0,0
166.58,0,14,1,1,166.58,1.0,0,0
222.32,1,12,4,1,222.32,1.0,0,0
322.56,0,18,2,1,322.56,1.0,0,0
127.21,0,14,2,1,127.21,1.0,0,0
4061.11,1,21,0,1,4061.11,1.0,0,0
111.5,0,9,5,1,111.5,1.0,0,0
134.78,0,20,1,1,134.78,1.0,0,0
410.34,1,15,4,1,410.34,1.0,0,0
1378.84,1,14,5,1,1378.84,1.0,0,0
851.68,1,16,1,1,851.68,1.0,0,0
65.57,1,7,2,1,65.57,1.0,0,0
75.83,0,16,5,2,142.02,0.5339,0,0
57.19,3,21,3,2,104.1,0.5494,0,0
835.8,2,9,4,1,835.8,1.0,0,0
360.34,3,10,6,1,360.34,1.0,0,0
466.17,1,6,6,1,466.17,1.0,0,0
51.24,0,17,0,1,51.24,1.0,0,0
1560.66,3,7,2,1,1560.66,1.0,0,0
271.04,1,6,0,1,271.04,1.0,0,0
29.97,1,12,1,1,29.97,1.0,0,0
136.27,3,13,1,1,136.27,1.0,0,0
336.42,1,20,5,1,336.42,1.0,0,0
640.96,1,15,2,1,640.96,1.0,0,0
324.39,1,22,1,1,324.39,1.0,0,0
463.48,1,13,6,1,463.48,1.0,0,0
155.72,0,10,4,2,305.32,0.51,0,0
412.06,3,15,0,1,412.06,1.0,0,0
49.34,1,22,3,2,95.14,0.5186,0,0
352.95,1,20,0,2,663.06,0.5323,0,0
104.93,2,13,3,2,206.05,0.5092,0,0
240.56,1,23,3,1,240.56,1.0,0,0
405.81,1,13,0,2,742.74,0.5464,0,0
594.88,0,7,6,1,594.88,1.0,0,0
700.94,0,6,1,1,700.94,1.0,0,0
82.73,0,16,0,1,82.73,1.0,0,0
253.87,1,11,0,2,546.07,0.4649,0,0
867.64,0,12,1,1,867.64,1.0,0,0
101.53,3,23,4,1,101.53,1.0,0,0
514.2,0,13,1,1,514.2,1.0,0,0
705.72,0,12,0,3,2102.9,0.3356,0,0
124.27,1,19,2,3,322.13,0.3858,0,0
104.27,0,8,6,1,104.27,1.0,0,0
167.39,1,15,3,1,167.39,1.0,0,0
1073.07,1,7,1,1,1073.07,1.0,0,0
532.37,0,5,5,2,906.73,0.5871,0,0
97.8,2,22,5,2,176.29,0.5548,0,0
209.97,0,13,2,1,209.97,1.0,0,0
416.22,2,15,0,1,416.22,1.0,0,0
207.23,1,18,2,1,207.23,1.0,0,0
54.92,2,14,3,1,54.92,1.0,0,0
605.02,1,13,0,1,605.02,1.0,0,0
95.94,1,10,1,1,95.94,1.0,0,0
975.42,1,17,0,1,975.42,1.0,0,0
89.04,1,18,6,2,160.28,0.5556,0,0
111.43,1,8,1,2,228.67,0.4873,0,0
780.62,1,18,6,1,780.62,1.0,0,0
311.2,0,11,4,1,311.2,1.0,0,0
1264.16,1,20,3,2,2678.18,0.472,0,0
487.9,0,10,6,1,487.9,1.0,0,0
396.26,0,10,6,1,396.26,1.0,0,0
31.67,1,15,3,1,31.67,1.0,0,0
320.65,1,21,5,1,320.65,1.0,0,0
652.41,0,18,6,1,652.41,1.0,0,0
710.51,1,13,2,1,710.51,1.0,0,0
348.15,1,9,6,1,348.15,1.0,0,0
346.44,3,11,1,1,346.44,1.0,0,0
801.23,2,15,2,3,2490.3,0.3217,0,0
249.38,1,13,4,1,249.38,1.0,0,0
931.11,1,11,4,1,931.11,1.0,0,0
447.04,1,12,0,1,447.04,1.0,0,0
333.29,1,14,5,2,652.55,0.5107,0,0
1331.11,0,15,2,1,1331.11,1.0,0,0
457.24,2,12,4,1,457.24,1.0,0,0
530.86,1,16,5,1,530.86,1.0,0,0
130.89,1,17,3,2,266.67,0.4908,0,0
643.74,3,5,4,2,1135.19,0.5671,0,0
48050.47,2,16,4,5,239594.24,0.2005,1,1
1309.72,0,15,5,1,1309.72,1.0,0,0
116.69,0,19,2,2,250.14,0.4665,1,0
703.72,3,16,5,2,1323.12,0.5319,0,0
146.81,0,14,5,1,146.81,1.0,1,0
181.39,1,16,5,1,181.39,1.0,0,0
19773.7,2,22,4,10,171449.46,0.1153,0,1
146.63,2,14,2,2,288.86,0.5076,0,0
195.93,0,6,3,1,195.93,1.0,0,0
193.98,1,11,3,1,193.98,1.0,0,0
29.47,1,14,1,1,29.47,1.0,0,0
93.06,1,9,6,2,198.16,0.4696,0,0
333.42,3,17,1,1,333.42,1.0,0,0
17.26,0,16,1,1,17.26,1.0,0,0
12.62,1,14,1,2,27.73,0.4552,0,0
1329.18,2,14,2,1,1329.18,1.0,0,0
331.57,1,16,1,2,699.88,0.4738,0,0
50.85,1,14,3,1,50.85,1.0,0,0
183.76,1,9,2,1,183.76,1.0,0,0
42.43,1,18,2,1,42.43,1.0,0,0
179.16,0,15,1,2,350.21,0.5116,0,0
287.2,1,13,3,2,554.85,0.5176,0,0
196649.36,0,7,5,3,589948.08,0.3333,0,1
185.26,1,17,6,1,185.26,1.0,0,0
3756.67,0,12,3,2,6967.98,0.5391,0,0
778.97,1,21,4,1,778.97,1.0,0,0
179.06,0,10,2,1,179.06,1.0,0,0
85.39,1,12,0,3,248.47,0.3437,0,0
60.98,1,18,4,1,60.98,1.0,0,0
241.75,1,11,4,1,241.75,1.0,0,0
364.86,3,12,2,2,798.25,0.4571,0,0
102.88,0,16,6,2,176.46,0.583,0,0
128.45,1,17,5,1,128.45,1.0,0,0
34.72,1,15,1,1,34.72,1.0,0,0
509.23,1,11,3,2,978.22,0.5206,0,0
5073.38,0,17,0,2,9002.94,0.5635,0,0
1163.07,1,13,5,1,1163.07,1.0,0,0
273.31,3,10,3,2,490.12,0.5576,0,0
307.59,1,11,6,1,307.59,1.0,0,0
255.56,1,15,4,3,763.46,0.3347,0,0
51.37,1,12,2,1,51.37,1.0,0,0
54.56,0,16,3,1,54.56,1.0,0,0
54.87,0,12,6,1,54.87,1.0,0,0
98.05,0,18,5,1,98.05,1.0,0,0
206.72,1,7,2,1,206.72,1.0,0,0
342.54,0,13,6,1,342.54,1.0,0,0
324.04,1,9,3,2,708.93,0.4571,0,0
48.97,1,7,4,1,48.97,1.0,0,0
733.13,0,10,0,2,1459.21,0.5024,0,0
188.5,0,6,1,2,367.86,0.5124,0,0
25.8,3,10,1,1,25.8,1.0,0,0
196.06,1,11,4,1,196.06,1.0,0,0
2671.04,1,13,4,1,2671.04,1.0,0,0
670.16,3,16,4,1,670.16,1.0,0,0
310.12,1,13,6,2,643.15,0.4822,0,0
1923.3,1,17,0,1,1923.3,1.0,0,0
607.96,1,14,0,1,607.96,1.0,0,0
460.01,0,20,3,1,460.01,1.0,0,0
76.52,3,12,5,1,76.52,1.0,0,0
1535.94,1,14,0,1,1535.94,1.0,0,0
423.58,1,17,4,2,725.98,0.5835,0,0
245.02,3,18,4,2,440.57,0.5561,0,0
136.59,1,12,6,1,136.59,1.0,0,0
201.22,1,15,6,1,201.22,1.0,0,0
341.22,1,19,1,1,341.22,1.0,0,0
155.02,2,18,2,1,155.02,1.0,0,0
242.85,1,15,0,2,446.92,0.5434,0,0
1482.88,3,21,2,1,1482.88,1.0,0,0
46.46,1,22,4,1,46.46,1.0,1,0
187.99,0,7,4,1,187.99,1.0,0,0
163.82,0,12,1,1,163.82,1.0,0,0
99.14,1,18,0,1,99.14,1.0,0,0
202.5,3,16,3,1,202.5,1.0,0,0
319.81,1,11,6,2,679.63,0.4706,0,0
294.73,1,13,3,1,294.73,1.0,0,0
403.87,3,16,6,2,842.71,0.4792,0,0
485.78,2,12,1,1,485.78,1.0,0,0
188.51,3,11,2,1,188.51,1.0,0,0
670.93,1,23,2,1,670.93,1.0,0,0
348.09,0,15,6,1,348.09,1.0,0,0
449.01,1,12,6,1,449.01,1.0,0,0
280.97,3,13,1,1,280.97,1.0,0,0
17274.32,2,5,0,7,103090.08,0.1676,0,1
117.3,1,17,6,1,117.3,1.0,0,0
356.72,1,12,5,2,674.69,0.5287,0,0
539.96,1,12,4,1,539.96,1.0,0,0
160.2,0,20,3,1,160.2,1.0,0,0
229.02,1,9,6,2,427.05,0.5363,0,0
349.8,1,11,1,1,349.8,1.0,0,0
26.59,0,13,2,1,26.59,1.0,0,0
616.9,1,13,6,2,1331.86,0.4632,0,0
1776.25,1,9,4,2,3299.04,0.5384,0,0
116.51,1,9,4,1,116.51,1.0,0,0
347.16,3,14,3,2,721.31,0.4813,0,0
1148.14,2,19,4,1,1148.14,1.0,0,0
362.94,2,19,1,2,671.4,0.5406,0,0
196.38,0,5,1,1,196.38,1.0,0,0
146.94,0,12,2,1,146.94,1.0,0,0
115.61,1,15,2,1,115.61,1.0,0,0
247.35,1,15,6,1,247.35,1.0,0,0
123.77,1,13,4,2,247.51,0.5,0,0
826.93,1,14,1,1,826.93,1.0,0,0
1927.34,0,11,5,2,3971.01,0.4854,0,0
347.01,0,4,4,1,347.01,1.0,0,0
323.22,1,11,0,1,323.22,1.0,0,0
419.6,3,13,1,2,850.77,0.4932,0,0
78.24,2,19,6,1,78.24,1.0,0,0
124.18,2,7,4,1,124.18,1.0,0,0
564.32,1,11,1,2,1194.23,0.4725,0,0
119.72,1,13,1,1,119.72,1.0,0,0
251.92,3,16,2,2,549.79,0.4582,0,0
235.35,1,10,2,1,235.35,1.0,0,0
125.42,1,19,2,1,125.42,1.0,0,0
499.61,3,15,1,2,980.85,0.5094,0,0
262.99,1,12,5,1,262.99,1.0,0,0
923.05,1,14,2,1,923.05,1.0,0,0
105.08,1,17,2,2,192.4,0.5461,0,0
759.04,1,12,6,3,2357.4,0.322,0,0
20187.3,0,3,0,5,100936.52,0.2,1,1
359.36,0,8,4,2,781.16,0.46,0,0
651.22,0,11,5,2,1131.95,0.5753,0,0
156.63,1,15,6,2,320.81,0.4882,0,0
77.19,0,15,3,1,77.19,1.0,0,0
1898.38,1,17,4,1,1898.38,1.0,0,0
179.13,0,20,6,1,179.13,1.0,0,0
86.95,0,5,1,1,86.95,1.0,0,0
136.47,2,20,0,1,136.47,1.0,0,0
876.97,1,13,5,3,2736.57,0.3205,0,0
555.21,1,18,3,1,555.21,1.0,0,0
1710.88,0,15,5,2,3300.64,0.5183,0,0
83.77,1,17,4,1,83.77,1.0,0,0
65.34,1,14,5,1,65.34,1.0,0,0
194.13,1,13,3,3,500.47,0.3879,0,0
2859.05,0,13,4,1,2859.05,1.0,0,0
315.2,1,7,3,1,315.2,1.0,0,0
507.61,1,11,2,2,1116.54,0.4546,0,0
137.44,2,12,3,1,137.44,1.0,0,0
46.21,1,10,5,1,46.21,1.0,0,0
133.56,1,11,6,3,398.74,0.335,0,0
313.55,1,11,3,1,313.55,1.0,0,0
149.94,1,13,0,2,319.55,0.4692,0,0
1218.63,1,19,0,1,1218.63,1.0,0,0
698.78,2,16,0,2,1310.18,0.5333,0,0
311.09,3,12,6,1,311.09,1.0,0,0
72.49,1,8,0,2,149.53,0.4848,0,0
263.85,1,16,1,2,509.08,0.5183,0,0
98.95,0,9,1,1,98.95,1.0,0,0
611.51,1,8,3,1,611.51,1.0,0,0
88.14,2,7,2,2,160.46,0.5493,0,0
56.69,1,12,0,1,56.69,1.0,0,0
106.62,0,16,2,1,106.62,1.0,0,0
244.14,1,22,4,2,534.59,0.4567,0,0
117.24,1,14,6,2,255.27,0.4593,0,0
233.99,0,9,4,3,790.29,0.2961,0,0
334.7,0,16,0,1,334.7,1.0,0,0
173.79,1,12,6,1,173.79,1.0,0,0
63.8,0,15,3,1,63.8,1.0,0,0
362313.12,0,19,3,3,1086939.36,0.3333,0,1
723.8,3,20,5,1,723.8,1.0,0,0
184.92,1,14,0,1,184.92,1.0,0,0
538.81,1,12,3,2,1046.06,0.5151,0,0
1721.49,1,13,0,3,4474.74,0.3847,0,0
182.77,1,13,6,1,182.77,1.0,0,0
178.43,1,10,4,1,178.43,1.0,0,0
175.53,1,18,0,1,175.53,1.0,0,0
107.33,2,13,3,1,107.33,1.0,0,0
757.09,0,13,6,1,757.09,1.0,0,0
210.75,1,18,1,1,210.75,1.0,0,0
131.44,1,20,0,1,131.44,1.0,0,0
678.25,0,8,3,2,1242.13,0.546,0,0
204.13,0,16,4,1,204.13,1.0,0,0
184.82,0,18,6,1,184.82,1.0,0,0
1059.61,0,15,4,3,3164.7,0.3348,0,0
218.35,1,10,3,1,218.35,1.0,1,0
784.42,0,11,5,1,784.42,1.0,0,0
21.98,1,9,2,1,21.98,1.0,0,0
273.0,1,12,6,1,273.0,1.0,0,0
196.45,1,15,1,1,196.45,1.0,0,0
534.93,2,10,5,1,534.93,1.0,0,0
887.2,1,8,4,1,887.2,1.0,0,0
431.46,1,12,6,1,431.46,1.0,0,0
100.61,3,7,6,2,187.69,0.536,0,0
649.36,3,11,4,1,649.36,1.0,0,0
270.29,1,15,3,1,270.29,1.0,0,0
210.35,0,15,5,2,382.52,0.5499,0,0
805.44,0,11,3,1,805.44,1.0,0,0
148.3,1,17,6,1,148.3,1.0,0,0
163.43,1,8,5,1,163.43,1.0,0,0
294.14,0,10,1,2,645.22,0.4559,0,0
809.44,1,14,6,2,1731.75,0.4674,0,0
308.79,1,17,3,1,308.79,1.0,0,0
666.3,1,18,1,2,1224.42,0.5442,0,0
45909.02,2,17,0,6,286679.19,0.1601,0,1
1760.8,2,20,0,2,3668.8,0.4799,0,0
363.56,3,20,4,1,363.56,1.0,0,0
192.61,1,12,1,1,192.61,1.0,0,0
9003.47,2,12,5,9,70791.32,0.1272,1,1
551.84,1,12,2,1,551.84,1.0,0,0
183.79,0,8,5,2,337.12,0.5452,0,0
419.26,0,9,3,1,419.26,1.0,0,0
27.48,0,17,0,1,27.48,1.0,0,0
325.42,1,7,4,1,325.42,1.0,0,0
1074.14,1,13,5,1,1074.14,1.0,0,0
241.7,0,21,6,1,241.7,1.0,0,0
34.78,0,9,3,1,34.78,1.0,0,0
96.14,1,11,6,1,96.14,1.0,0,0
311.89,1,13,5,1,311.89,1.0,0,0
89.27,1,16,5,2,185.57,0.4811,0,0
121.3,0,12,0,1,121.3,1.0,0,0
268.14,0,15,5,1,268.14,1.0,0,0
277.72,1,15,0,1,277.72,1.0,0,0
677.93,1,10,5,1,677.93,1.0,0,0
82.09,1,15,3,1,82.09,1.0,0,0
295.85,3,13,3,1,295.85,1.0,0,0
518.23,1,20,0,1,518.23,1.0,0,0
150.2,0,8,4,2,293.58,0.5116,0,0
268.89,2,15,3,1,268.89,1.0,0,0
252.42,1,18,4,3,760.23,0.332,0,0
252.41,2,18,2,1,252.41,1.0,0,0
159.56,1,10,3,3,500.6,0.3187,0,0
2856.7,2,13,6,1,2856.7,1.0,0,0
220.04,1,11,6,2,474.58,0.4637,0,0
80.48,2,14,6,2,164.59,0.489,0,0
61.99,1,9,0,3,167.98,0.369,0,0
3787.66,1,12,4,2,7721.81,0.4905,0,0
101.17,1,11,0,3,252.67,0.4004,0,0
133.12,3,5,1,2,239.19,0.5565,0,0
113.69,0,18,6,2,247.59,0.4592,0,0
75.97,2,9,3,1,75.97,1.0,0,0
996.07,2,17,6,1,996.07,1.0,0,0
267.63,2,14,2,1,267.63,1.0,0,0
247.39,1,8,0,1,247.39,1.0,0,0
771.1,0,17,3,1,771.1,1.0,0,0
1374.89,1,13,5,1,1374.89,1.0,0,0
751.28,0,17,3,1,751.28,1.0,0,0
42.04,1,16,2,1,42.04,1.0,0,0
247.51,0,9,3,2,512.58,0.4829,0,0
499.43,1,16,0,1,499.43,1.0,0,0
408.79,0,15,5,2,790.12,0.5174,0,0
48.33,1,17,5,1,48.33,1.0,0,0
231.88,3,12,2,2,468.36,0.4951,0,0
512.67,0,13,0,1,512.67,1.0,0,0
142.83,1,11,5,1,142.83,1.0,0,0
59.95,0,23,5,2,102.65,0.584,0,0
57399.18,0,1,5,3,172197.53,0.3333,1,1
1264.88,1,15,5,1,1264.88,1.0,1,0
154.11,2,12,0,2,316.89,0.4863,0,0
136.78,0,15,3,1,136.78,1.0,0,0
295.29,1,18,5,2,610.99,0.4833,0,0
475.49,1,21,4,1,475.49,1.0,0,0
205.85,0,10,6,1,205.85,1.0,0,0
74.53,1,12,6,2,153.49,0.4856,0,0
438.69,3,16,2,1,438.69,1.0,0,0
260.9,1,14,4,1,260.9,1.0,0,0
29910.42,0,3,6,3,89731.27,0.3333,1,1
336.3,0,18,5,1,336.3,1.0,0,0
388.92,1,8,0,1,388.92,1.0,0,0
149.87,1,12,3,1,149.87,1.0,0,0
1371.51,0,11,1,2,2418.62,0.5671,0,0
245.62,3,11,0,2,490.15,0.5011,0,0
200.12,1,12,1,1,200.12,1.0,0,0
48296.09,2,11,0,5,224845.54,0.2148,0,1
524.75,0,20,4,1,524.75,1.0,0,0
526.46,1,12,4,2,946.11,0.5565,0,0
52.78,1,20,4,1,52.78,1.0,0,0
246.66,1,8,2,1,246.66,1.0,0,0
33780.96,0,6,5,14,418129.53,0.0808,1,1
209.83,3,16,2,1,209.83,1.0,0,0
95.44,1,15,4,2,203.98,0.4679,0,0
18413.25,0,1,5,4,73653.01,0.25,1,1
226.48,1,13,1,1,226.48,1.0,0,0
1624.65,1,13,1,1,1624.65,1.0,0,0
182.3,1,8,1,1,182.3,1.0,0,0
143.89,1,15,1,2,262.16,0.5488,0,0
353.81,3,13,3,1,353.81,1.0,0,0
341.57,0,8,6,1,341.57,1.0,0,0
590.47,0,16,4,1,590.47,1.0,0,0
334.1,0,12,4,1,334.1,1.0,0,0
378.14,1,9,0,2,709.66,0.5328,0,0
49486.37,2,13,2,5,229061.62,0.216,0,1
367.98,1,20,6,1,367.98,1.0,0,0
307.42,1,18,2,1,307.42,1.0,0,0
173.27,1,10,0,1,173.27,1.0,0,0
218.26,0,18,3,1,218.26,1.0,0,0
257.53,1,17,5,1,257.53,1.0,0,0
127.56,0,12,5,1,127.56,1.0,0,0
143.76,1,8,6,1,143.76,1.0,0,0
103.63,1,17,6,1,103.63,1.0,0,0
160.56,1,15,4,2,300.07,0.5351,0,0
275.37,1,13,6,1,275.37,1.0,0,0
120.05,0,11,6,2,236.88,0.5068,0,0
12190.69,0,4,6,4,48762.75,0.25,1,1
163.57,0,11,3,1,163.57,1.0,0,0
416341.68,2,7,4,1,416341.68,1.0,0,1
243.79,1,14,2,1,243.79,1.0,0,0
32223.33,0,21,1,12,338420.69,0.0952,1,1
74.04,1,20,6,1,74.04,1.0,0,0
206.36,0,12,3,1,206.36,1.0,0,0
379.91,1,20,3,1,379.91,1.0,0,0
258.13,1,11,3,1,258.13,1.0,0,0
271184.28,2,1,1,2,542368.57,0.5,0,1
93.21,0,14,6,1,93.21,1.0,0,0
227.07,2,15,5,2,488.32,0.465,0,0
150.8,1,5,5,2,282.38,0.534,0,0
1151.39,1,19,0,1,1151.39,1.0,0,0
150.7,0,16,0,1,150.7,1.0,0,0
433.65,1,14,6,1,433.65,1.0,0,0
387.57,1,15,2,2,800.6,0.4841,0,0
357.08,1,14,1,2,660.34,0.5408,0,0
238.07,1,15,6,2,466.92,0.5099,0,0
142.66,1,14,3,2,252.26,0.5655,0,0
364.96,1,18,2,2,667.9,0.5464,0,0
566.55,1,12,6,2,1071.98,0.5285,0,0
430.49,0,20,1,1,430.49,1.0,0,0
91.21,1,17,1,1,91.21,1.0,0,0
476.2,3,18,1,3,1521.17,0.313,0,0
336.4,0,21,5,3,1015.77,0.3312,0,0
327.03,1,9,4,1,327.03,1.0,0,0
204.66,0,18,2,2,366.24,0.5588,0,0
131.21,2,16,3,1,131.21,1.0,0,0
171.3,1,13,5,1,171.3,1.0,0,0
87.0,1,16,0,1,87.0,1.0,0,0
153.58,1,15,0,2,332.19,0.4623,0,0
107.57,3,17,6,1,107.57,1.0,0,0
148.38,3,15,4,1,148.38,1.0,0,0
491.67,1,13,0,1,491.67,1.0,0,0
75.0,3,15,3,1,75.0,1.0,0,0
142.91,3,12,0,1,142.91,1.0,0,0
709.25,1,15,2,1,709.25,1.0,0,0
149.48,1,11,0,2,316.62,0.4721,0,0
2384.01,1,15,2,1,2384.01,1.0,0,0
67.12,3,13,3,1,67.12,1.0,0,0
280.52,1,15,3,1,280.52,1.0,0,0
608.64,1,13,1,3,1509.69,0.4032,0,0
79.6,0,12,0,1,79.6,1.0,0,0
128.07,1,11,5,1,128.07,1.0,0,0
148604.74,0,2,0,3,445814.21,0.3333,0,1
131.67,0,12,6,1,131.67,1.0,0,0
308.64,1,13,4,1,308.64,1.0,0,0
277.19,1,6,0,3,939.89,0.2949,0,0
708.75,1,18,0,2,1367.13,0.5184,0,0
180.47,1,10,4,1,180.47,1.0,0,0
112.04,1,10,1,1,112.04,1.0,0,0
15102.61,0,0,0,3,45307.82,0.3333,1,1
132.41,0,15,1,1,132.41,1.0,0,0
136.18,3,6,0,1,136.18,1.0,0,0
111.69,1,18,1,1,111.69,1.0,0,0
104.42,0,10,2,1,104.42,1.0,0,0
54.74,3,13,4,2,101.5,0.5394,0,0
145.98,1,13,5,1,145.98,1.0,0,0
1616.35,0,16,2,1,1616.35,1.0,0,0
666.36,1,13,6,1,666.36,1.0,0,0
132.68,1,18,6,1,132.68,1.0,0,0
298.38,1,19,1,2,542.5,0.55,0,0
638.8,0,15,4,1,638.8,1.0,0,0
169.96,2,11,5,1,169.96,1.0,0,0
177.01,1,16,3,1,177.01,1.0,1,0
38.39,1,12,0,1,38.39,1.0,0,0
1348.53,1,14,3,1,1348.53,1.0,0,0
188.63,2,8,1,1,188.63,1.0,0,0
543.41,1,7,5,2,1005.37,0.5405,0,0
166.63,1,17,1,1,166.63,1.0,0,0
204.9,1,15,6,1,204.9,1.0,0,0
45.35,1,7,1,1,45.35,1.0,0,0
264.66,2,20,3,2,475.96,0.5561,0,0
43.85,0,17,1,2,75.5,0.5808,0,0
164.91,1,12,1,2,312.55,0.5276,0,0
583.87,1,15,2,1,583.87,1.0,0,0
1064.16,2,14,6,2,2170.54,0.4903,0,0
1208.37,2,10,1,1,1208.37,1.0,0,0
266.03,1,12,4,1,266.03,1.0,0,0
151.63,0,14,1,1,151.63,1.0,0,0
1365.27,1,12,1,2,2954.36,0.4621,0,0
344.47,1,13,6,1,344.47,1.0,0,0
267.89,1,17,6,1,267.89,1.0,0,0
407.77,1,10,0,1,407.77,1.0,0,0
57.86,1,9,6,2,105.91,0.5463,0,0
153.88,1,9,0,1,153.88,1.0,0,0
317.29,0,14,6,1,317.29,1.0,0,0
66.08,0,9,2,1,66.08,1.0,0,0
323.3,1,16,2,2,624.55,0.5177,0,0
601.74,2,17,4,1,601.74,1.0,0,0
554.3,1,13,3,1,554.3,1.0,0,0
145.25,0,19,1,1,145.25,1.0,0,0
97.99,0,23,6,2,197.52,0.4961,0,0
57042.67,0,23,6,5,285213.37,0.2,1,1
175.19,1,14,5,1,175.19,1.0,0,0
121.6,1,12,2,2,243.32,0.4998,0,0
41.88,0,14,2,1,41.88,1.0,0,0
95.28,1,12,6,2,201.48,0.4729,0,0
1909.4,0,13,3,1,1909.4,1.0,0,0
157.74,2,12,2,1,157.74,1.0,0,0
95.11,1,17,5,1,95.11,1.0,0,0
479.2,1,19,2,1,479.2,1.0,0,0
441.56,1,15,6,1,441.56,1.0,0,0
5369.62,0,11,3,1,5369.62,1.0,0,0
163368.18,0,10,2,3,490104.54,0.3333,1,1
460.27,0,13,2,1,460.27,1.0,0,0
176.1,1,13,3,1,176.1,1.0,0,0
143.91,1,10,3,2,251.68,0.5718,0,0
173.76,3,16,2,1,173.76,1.0,0,0
47470.27,2,14,1,5,235915.76,0.2012,0,1
118.28,0,12,6,1,118.28,1.0,0,0
115.35,2,13,2,2,211.44,0.5455,0,0
202.76,0,15,4,1,202.76,1.0,0,0
467.54,0,16,1,2,978.15,0.478,0,0
32.65,3,14,4,1,32.65,1.0,0,0
352.65,2,23,0,1,352.65,1.0,0,0
297.79,1,17,5,2,532.12,0.5596,0,0
90.34,1,5,1,1,90.34,1.0,0,0
223.59,1,7,1,1,223.59,1.0,0,0
626.04,2,14,4,3,1894.82,0.3304,0,0
90.59,0,17,2,1,90.59,1.0,0,0
453.63,1,15,1,1,453.63,1.0,0,0
1477.77,2,15,5,1,1477.77,1.0,0,0
445508.2,0,23,3,3,1336524.6,0.3333,0,1
35174.0,0,2,5,2,70348.0,0.5,1,1
96.92,1,19,6,1,96.92,1.0,0,0
169.74,1,12,2,1,169.74,1.0,0,0
795.09,1,13,0,1,795.09,1.0,0,0
310.63,3,22,1,1,310.63,1.0,0,0
69.1,0,14,6,1,69.1,1.0,0,0
209.53,1,17,4,1,209.53,1.0,0,0
188.02,1,14,2,1,188.02,1.0,0,0
725.93,1,13,4,1,725.93,1.0,0,0
126.13,1,13,6,1,126.13,1.0,0,0
381.74,3,19,4,1,381.74,1.0,0,0
10.55,0,8,3,1,10.55,1.0,0,0
317.2,1,17,3,1,317.2,1.0,0,0
118.39,1,15,0,2,236.15,0.5013,0,0
2362.9,2,12,0,2,4219.16,0.56,0,0
556.65,3,14,3,1,556.65,1.0,0,0
113.8,1,18,3,1,113.8,1.0,0,0
1074.48,1,19,1,1,1074.48,1.0,0,0
266.13,3,8,2,2,539.8,0.493,0,0
532.51,0,13,5,1,532.51,1.0,0,0
105.3,2,18,2,1,105.3,1.0,0,0
375.27,2,17,4,1,375.27,1.0,0,0
323.39,2,12,4,1,323.39,1.0,0,0
92.78,1,11,4,2,183.03,0.5069,0,0
119.17,1,18,4,1,119.17,1.0,0,0
243.56,1,16,1,1,243.56,1.0,0,0
61.39,1,13,4,1,61.39,1.0,0,0
68.07,3,15,4,1,68.07,1.0,0,0
250.92,3,11,2,2,430.22,0.5832,0,0
207.73,2,10,4,1,207.73,1.0,0,0
66.56,0,12,4,2,135.01,0.493,0,0
886.54,1,21,6,2,1790.01,0.4953,0,0
55.85,2,11,4,1,55.85,1.0,0,0
162.3,1,11,5,1,162.3,1.0,0,0
796.74,1,14,1,1,796.74,1.0,0,0
227.99,1,14,2,1,227.99,1.0,0,0
434771.16,2,21,5,1,434771.16,1.0,0,1
342.95,1,14,4,1,342.95,1.0,0,0
442.0,3,14,6,2,794.4,0.5564,0,0
141.66,1,11,0,1,141.66,1.0,0,0
274.07,0,12,0,2,562.65,0.4871,0,0
124.17,3,14,6,1,124.17,1.0,0,0
268.08,1,10,3,2,519.08,0.5165,0,0
258.36,1,17,5,2,516.4,0.5003,0,0
81.13,1,18,5,1,81.13,1.0,0,0
635.46,1,20,2,1,635.46,1.0,0,0
18.14,1,17,6,3,45.99,0.3945,0,0
40.06,1,14,4,1,40.06,1.0,0,0
498.31,0,8,1,2,919.57,0.5419,0,0
114.93,0,14,5,1,114.93,1.0,0,0
321.46,1,14,1,1,321.46,1.0,0,0
183.78,0,11,5,1,183.78,1.0,0,0
154.83,1,7,5,1,154.83,1.0,0,0
15529.7,2,17,5,8,99743.02,0.1557,0,1
122.69,1,13,1,1,122.69,1.0,0,0
369513.9,0,3,6,2,739027.79,0.5,0,1
915.08,1,9,5,2,1567.1,0.5839,0,0
220.65,1,2,5,1,220.65,1.0,0,0
334.29,1,12,5,1,334.29,1.0,0,0
257.8,1,7,1,2,491.0,0.525,0,0
250.47,0,6,0,1,250.47,1.0,0,0
566.34,1,16,5,1,566.34,1.0,0,0
124.27,2,22,3,2,221.98,0.5598,0,0
1322.86,1,20,6,2,2315.5,0.5713,0,0
242809.62,0,7,2,2,485619.23,0.5,0,1
348.18,0,12,4,1,348.18,1.0,0,0
139.71,2,16,6,1,139.71,1.0,0,0
126.53,1,14,2,1,126.53,1.0,0,0
118.48,1,13,1,1,118.48,1.0,0,0
47409.18,3,12,0,5,245275.58,0.1933,1,1
138.89,0,13,5,1,138.89,1.0,0,0
1556.92,1,14,6,1,1556.92,1.0,0,0
165.3,2,3,5,1,165.3,1.0,0,0
59.58,1,10,6,1,59.58,1.0,0,0
335.64,1,11,3,1,335.64,1.0,0,0
528.85,1,17,5,1,528.85,1.0,0,0
494.24,2,8,2,1,494.24,1.0,0,0
48.38,1,21,0,1,48.38,1.0,0,0
87.84,1,17,2,2,183.69,0.4782,0,0
371.85,1,16,6,1,371.85,1.0,0,0
453.04,1,17,2,1,453.04,1.0,0,0
290.31,0,14,6,1,290.31,1.0,0,0
299.7,1,6,3,1,299.7,1.0,0,0
29.99,0,15,1,1,29.99,1.0,0,0
165.56,2,16,2,2,346.61,0.4776,0,0
579.4,1,9,3,1,579.4,1.0,0,0
133.89,1,13,5,1,133.89,1.0,0,0
246.95,1,14,4,1,246.95,1.0,0,0
473.45,1,5,5,1,473.45,1.0,0,0
222.68,3,13,1,2,383.35,0.5809,0,0
1369.72,2,19,2,1,1369.72,1.0,0,0
395.57,1,10,4,1,395.57,1.0,0,0
409.69,1,15,6,1,409.69,1.0,0,0
93.88,1,14,0,2,175.67,0.5344,0,0
164.48,1,13,5,1,164.48,1.0,0,0
452.71,1,18,3,1,452.71,1.0,0,0
72.57,1,6,4,1,72.57,1.0,0,0
198.04,1,19,6,1,198.04,1.0,0,0
180.15,1,16,6,1,180.15,1.0,0,0
28.94,0,14,3,1,28.94,1.0,0,0
474.41,1,12,5,1,474.41,1.0,0,0
83.45,1,19,6,1,83.45,1.0,0,0
131.5,1,14,1,2,257.69,0.5103,0,0
154.08,1,14,2,1,154.08,1.0,0,0
238.5,1,13,2,1,238.5,1.0,0,0
1275.29,1,16,6,1,1275.29,1.0,0,0
394.27,0,8,0,1,394.27,1.0,0,0
86.35,0,17,6,2,164.43,0.5252,0,0
152.95,3,5,0,1,152.95,1.0,0,0
402.59,3,11,2,2,803.2,0.5012,0,0
1027.63,2,23,0,3,3433.24,0.2993,0,0
377.13,1,14,5,1,377.13,1.0,0,0
454.49,3,17,0,1,454.49,1.0,0,0
162.57,1,15,0,1,162.57,1.0,0,0
29137.67,2,0,6,10,251561.93,0.1158,0,1
648.5,0,6,3,1,648.5,1.0,0,0
374.7,3,8,0,1,374.7,1.0,0,0
1240.89,1,14,4,1,1240.89,1.0,0,0
242.1,3,19,0,1,242.1,1.0,0,0
271.1,0,14,2,1,271.1,1.0,0,0
495.7,1,7,6,1,495.7,1.0,0,0
1315.3,0,13,0,1,1315.3,1.0,0,0
464.15,1,20,6,1,464.15,1.0,0,0
165.7,1,15,2,2,354.0,0.4681,0,0
609.2,3,19,1,2,1281.78,0.4753,0,0
487.17,3,16,5,2,834.6,0.5837,0,0
739.52,1,18,2,2,1270.42,0.5821,0,0
290.22,1,11,6,1,290.22,1.0,0,0
182.51,1,6,6,2,384.79,0.4743,0,0
624.77,1,16,5,1,624.77,1.0,0,0
372.55,1,11,4,2,710.2,0.5246,0,0
91.65,2,8,4,1,91.65,1.0,0,0
