income,employment_years,loan_amount,existing_loans,credit_score,debt_to_income_ratio,default_label
70798.59,7,18800.0,2,711,0.2188,0
33792.99,6,4200.0,1,555,0.6293,1
90467.7,5,27800.0,1,639,0.1088,0
100439.48,5,30000.0,1,622,0.4392,1
20474.4,1,11300.0,1,712,0.3219,0
29254.87,1,6500.0,1,639,0.2325,0
64235.56,11,7500.0,2,572,0.254,0
50315.41,10,17500.0,3,632,0.2558,0
59323.41,8,10200.0,4,720,0.4948,0
37452.39,10,19500.0,2,685,0.2674,0
97116.73,1,39600.0,3,619,0.526,1
91838.38,6,11700.0,3,738,0.4493,0
62088.55,6,10900.0,3,792,0.5022,0
111299.79,2,59400.0,0,743,0.1743,0
77430.04,3,42000.0,1,502,0.2655,1
37323.9,0,12000.0,3,693,0.4535,0
73336.44,0,22300.0,4,664,0.4138,1
35334.48,8,16900.0,4,522,0.1473,0
97066.12,6,20500.0,3,578,0.1647,0
58252.41,10,13400.0,4,735,0.6708,0
54085.73,7,12400.0,2,689,0.6221,0
41170.97,1,25100.0,1,681,0.4458,1
117289.17,5,65000.0,4,626,0.3099,0
54995.62,2,18500.0,3,756,0.1765,0
47307.29,4,20800.0,1,583,0.2937,0
49331.92,4,15900.0,3,608,0.1878,0
80239.41,5,36400.0,1,651,0.3974,1
73203.19,3,16900.0,4,561,0.4449,1
75132.08,8,22400.0,2,609,0.4338,1
75883.27,1,8600.0,1,755,0.5178,0
194445.3,2,75200.0,0,612,0.2576,0
47880.89,2,12300.0,1,734,0.2292,0
45173.53,7,23600.0,3,723,0.1903,0
38270.13,8,4300.0,5,662,0.3903,0
84018.2,3,15600.0,2,569,0.3994,1
111405.81,3,27800.0,2,680,0.1658,0
56236.93,8,12300.0,0,517,0.4635,1
37718.8,10,24600.0,1,635,0.2863,0
38045.4,4,20700.0,3,693,0.258,0
85633.0,1,38800.0,1,740,0.5104,1
90110.3,2,45100.0,4,664,0.3065,0
80719.45,7,41800.0,2,629,0.1738,0
41521.63,7,1700.0,2,623,0.5556,0
68028.96,6,15600.0,1,640,0.2971,0
63842.68,2,7600.0,3,722,0.2414,0
67526.73,7,18700.0,4,701,0.587,0
96691.99,2,44400.0,2,673,0.3611,0
67709.21,4,10400.0,2,722,0.3522,0
86977.3,4,45200.0,2,675,0.7169,1
62141.45,3,29200.0,1,575,0.2842,0
70193.83,6,18000.0,3,592,0.2471,0
84728.6,6,24500.0,0,720,0.4079,0
26864.59,2,15500.0,2,572,0.573,1
50220.61,4,26300.0,1,646,0.2294,1
46225.88,6,21600.0,3,666,0.352,0
42134.29,0,8500.0,2,597,0.4266,0
51465.75,5,5000.0,2,550,0.2869,1
136246.05,6,74000.0,1,587,0.4377,1
37189.91,5,21300.0,4,539,0.4068,1
101982.15,5,19100.0,1,721,0.3275,0
23728.25,3,16300.0,4,705,0.4359,0
49802.14,6,15900.0,3,618,0.6782,1
65480.93,1,29000.0,2,572,0.296,1
82654.31,2,37000.0,0,762,0.3194,0
88536.89,5,34300.0,0,708,0.2507,0
92627.47,6,13800.0,2,628,0.0889,0
49424.48,8,18600.0,1,764,0.4143,0
46430.25,10,5300.0,4,685,0.3321,0
95979.2,2,34000.0,3,699,0.1674,0
53894.44,1,19400.0,1,597,0.6244,1
29684.27,7,11500.0,1,561,0.4658,1
32102.59,3,11400.0,1,557,0.1895,0
36109.14,4,8300.0,2,831,0.4344,0
78703.15,6,30400.0,8,613,0.392,1
64752.93,4,35800.0,0,680,0.3945,0
87532.63,6,44200.0,5,709,0.2649,0
47335.27,2,25300.0,2,673,0.2817,0
65329.36,5,33500.0,1,663,0.2122,0
84463.5,5,48800.0,2,662,0.1502,1
50506.61,8,23200.0,0,711,0.2307,0
76974.26,9,42900.0,2,597,0.4512,0
41603.55,3,24200.0,6,642,0.3004,0
49036.51,2,14100.0,1,502,0.4709,1
48535.18,6,1000.0,3,535,0.362,1
31016.92,1,2900.0,5,578,0.2219,0
78263.36,6,10600.0,3,739,0.3869,0
46250.55,7,22500.0,0,655,0.3102,0
60287.0,2,27800.0,2,727,0.2378,0
77995.83,0,12700.0,2,704,0.3345,0
76541.79,7,48600.0,2,695,0.3359,0
86332.54,9,6800.0,1,604,0.1918,0
56717.21,9,10100.0,3,681,0.446,0
47438.33,9,4200.0,3,694,0.5737,1
57305.68,1,27000.0,2,840,0.2046,0
23670.06,4,7600.0,4,649,0.4498,0
27013.4,5,9200.0,1,730,0.2418,0
28926.55,4,13200.0,2,666,0.3068,0
34596.72,6,5400.0,1,622,0.3232,0
74598.51,1,31100.0,2,740,0.2195,0
36387.72,1,27000.0,4,817,0.3992,0
48630.71,0,24800.0,3,695,0.6518,1
122341.99,7,18600.0,2,624,0.2439,0
49219.97,1,21900.0,0,710,0.2575,0
89826.34,4,23500.0,1,696,0.3523,0
35828.91,2,8300.0,0,841,0.2871,0
53477.13,2,26400.0,4,731,0.2676,0
35507.1,3,22400.0,1,605,0.3228,1
49688.65,2,10700.0,1,771,0.4615,0
95051.06,1,26200.0,2,733,0.2486,0
23155.18,3,15300.0,2,745,0.265,0
76033.78,2,11200.0,3,708,0.4218,0
68237.84,2,42700.0,3,751,0.1194,0
43183.66,11,12500.0,4,708,0.2086,0
27029.07,1,8500.0,1,656,0.171,0
62297.17,3,26800.0,2,685,0.2322,0
44746.97,4,12400.0,0,666,0.4696,0
68048.22,11,28000.0,1,701,0.4178,0
60598.09,1,25200.0,4,681,0.3962,1
144491.85,9,21700.0,5,651,0.4177,0
52488.76,3,26300.0,3,661,0.1362,0
34100.81,3,13400.0,1,675,0.5537,0
66078.69,6,11900.0,2,541,0.5206,1
67575.32,10,19400.0,2,752,0.2438,0
126443.79,2,35400.0,3,701,0.4943,1
94779.76,5,25400.0,3,629,0.1646,0
72858.84,4,26600.0,3,719,0.4254,1
133895.72,4,40800.0,2,637,0.3028,0
31137.88,6,5900.0,1,637,0.5244,1
42114.05,2,22200.0,1,703,0.3722,0
35967.94,3,15000.0,5,782,0.6043,0
48320.18,1,19100.0,1,696,0.2897,0
28080.27,5,16600.0,1,617,0.4877,0
84908.8,4,8100.0,2,649,0.1513,0
52985.71,9,15600.0,3,739,0.3181,0
26663.65,1,15900.0,1,705,0.3215,0
34249.65,12,11500.0,4,747,0.2839,0
71141.96,6,32500.0,2,705,0.2901,0
94937.08,0,44700.0,2,733,0.4194,0
179548.74,6,104500.0,3,826,0.4448,0
297337.86,2,150000.0,0,574,0.4884,1
75201.4,3,17200.0,1,850,0.2631,0
34743.72,3,11500.0,2,745,0.2227,0
18534.23,8,6500.0,2,850,0.1144,0
69372.19,0,13900.0,4,601,0.5237,1
38287.64,3,9800.0,2,704,0.4372,0
47645.98,4,21400.0,4,687,0.2089,1
42759.5,2,7800.0,2,741,0.2073,0
55412.75,2,34100.0,2,710,0.4815,0
107612.18,0,48600.0,0,702,0.3148,0
65275.8,3,19300.0,3,733,0.3328,0
54871.58,5,34000.0,4,667,0.3579,0
33873.57,4,9600.0,2,636,0.4633,1
23835.33,2,9500.0,1,709,0.3004,0
45822.51,4,12800.0,5,636,0.1914,0
58128.98,10,35200.0,3,666,0.2773,0
158318.08,2,38500.0,4,567,0.3617,1
64321.61,4,17900.0,5,679,0.2414,0
102796.52,5,35900.0,3,605,0.3162,0
45496.35,1,6900.0,0,673,0.3418,0
31203.36,3,13900.0,2,594,0.3937,1
35213.53,3,20800.0,0,674,0.591,0
40180.04,4,6700.0,4,742,0.3106,0
193041.09,8,28800.0,2,630,0.1775,0
38110.2,1,15700.0,2,605,0.5971,1
94956.01,9,33300.0,2,734,0.1768,0
36438.82,6,22300.0,3,743,0.4645,0
99943.98,12,38000.0,4,707,0.3043,0
73992.8,0,44800.0,1,640,0.4256,1
54931.88,0,32000.0,5,628,0.633,1
58546.74,17,22300.0,4,650,0.2617,0
41767.21,1,8400.0,1,671,0.2639,0
76522.47,2,36300.0,5,546,0.2943,1
46618.8,2,23500.0,1,601,0.6511,1
30513.27,5,1000.0,3,769,0.3616,0
29647.54,3,4100.0,6,691,0.1871,0
65836.08,2,26300.0,3,767,0.3171,0
142700.06,11,20100.0,3,751,0.2796,0
65381.55,0,28200.0,4,652,0.1915,0
56092.02,7,7500.0,2,653,0.5814,0
70066.8,3,26700.0,2,747,0.4622,0
122798.61,2,19800.0,3,732,0.121,0
67552.5,2,27100.0,2,749,0.3118,0
47762.21,3,6900.0,1,674,0.2534,0
110024.55,2,41600.0,2,686,0.1985,0
75797.16,6,26600.0,3,656,0.2407,0
139339.1,3,29100.0,3,671,0.1223,0
66222.72,6,28700.0,2,624,0.2523,1
30532.35,2,10100.0,3,669,0.1885,0
28212.27,4,12100.0,1,663,0.2674,0
148451.02,4,90600.0,2,641,0.2487,0
154510.32,4,56800.0,6,734,0.3862,0
54244.91,9,12400.0,7,569,0.5157,1
48496.5,9,14300.0,4,700,0.2873,0
133758.92,6,59300.0,2,606,0.2784,0
32569.28,8,12800.0,0,611,0.5224,1
36603.54,6,11600.0,1,618,0.397,0
85291.47,2,40000.0,3,710,0.4079,0
48192.91,3,16700.0,1,506,0.5218,1
59705.71,0,32400.0,1,688,0.3838,0
54726.67,1,12000.0,1,678,0.1729,0
72089.67,1,28600.0,2,602,0.6341,1
129847.38,2,58700.0,3,689,0.4241,0
62932.73,4,25200.0,3,584,0.3648,0
85320.18,2,14600.0,0,672,0.613,1
19387.92,7,15400.0,1,581,0.3564,1
58291.11,2,17700.0,5,829,0.2502,0
37655.09,6,8100.0,1,740,0.1705,0
30627.48,1,8900.0,4,693,0.2711,1
36938.74,8,10800.0,5,603,0.2459,0
49823.01,2,12100.0,4,654,0.4148,0
99086.29,5,46500.0,1,657,0.4662,0
28867.86,2,15700.0,1,693,0.1564,0
60891.41,10,20800.0,2,705,0.2103,0
45876.43,10,12000.0,2,692,0.1956,0
50000.08,5,14000.0,2,701,0.4521,0
103934.57,5,50000.0,1,662,0.2328,0
80496.06,6,8900.0,2,701,0.4165,0
124937.51,6,47800.0,2,627,0.3389,0
54996.34,7,23600.0,3,595,0.0898,0
40832.42,1,17500.0,2,814,0.446,0
52938.05,4,9300.0,4,706,0.4903,0
68416.77,2,39000.0,1,810,0.1873,0
65980.55,10,35600.0,4,654,0.2427,0
32977.69,1,17200.0,1,850,0.2147,0
62929.44,11,3800.0,3,681,0.4327,0
67881.96,4,16900.0,2,761,0.5043,0
239093.68,7,52700.0,4,677,0.2501,0
168091.63,2,93800.0,2,687,0.1024,0
37448.28,1,15400.0,3,666,0.216,0
51120.41,10,28300.0,3,638,0.4125,0
26771.87,5,12200.0,1,749,0.193,0
43265.51,1,16600.0,2,674,0.27,0
71223.83,3,22300.0,2,737,0.3409,0
116217.59,3,57700.0,3,743,0.4367,0
40094.88,5,17600.0,2,781,0.3279,0
41781.94,1,19700.0,5,707,0.1117,0
18379.5,1,6300.0,2,562,0.3233,1
54750.06,4,29500.0,3,651,0.275,1
33378.66,2,22600.0,0,673,0.4238,1
44748.28,10,8000.0,3,676,0.1318,0
36964.99,7,17500.0,3,774,0.3997,0
56849.1,6,1000.0,0,760,0.289,0
22771.14,0,6200.0,3,664,0.359,1
26718.86,2,9200.0,2,850,0.3093,0
193123.65,3,35100.0,3,649,0.6164,1
29493.28,1,9300.0,5,655,0.1949,0
32753.59,6,18300.0,3,593,0.451,1
164440.23,5,96000.0,1,558,0.3752,1
295902.99,6,87000.0,2,586,0.183,0
31433.78,7,17600.0,3,751,0.1209,0
48896.6,7,21400.0,2,731,0.6722,0
72247.68,17,36700.0,2,609,0.2472,0
154938.53,4,74300.0,1,682,0.1441,0
34794.99,3,1000.0,2,735,0.1598,0
52318.07,6,17700.0,2,522,0.1037,0
91815.43,8,21800.0,4,808,0.6395,0
76048.1,1,31400.0,5,754,0.5505,0
48684.41,2,22400.0,1,736,0.3294,0
55625.52,2,8000.0,3,765,0.3789,0
28107.94,4,20100.0,3,522,0.2826,1
52522.89,2,9500.0,3,659,0.2006,0
51714.16,8,5000.0,2,769,0.4387,0
68029.28,4,22500.0,0,674,0.1613,0
44115.66,3,10200.0,2,731,0.1466,0
77601.82,5,35700.0,3,784,0.3642,0
104505.37,0,50700.0,4,728,0.3468,0
65217.7,5,14900.0,1,656,0.1533,0
72654.17,2,33400.0,2,718,0.2811,0
61650.43,7,27700.0,0,550,0.649,1
59876.92,0,31300.0,2,712,0.2358,0
40261.18,5,11500.0,2,731,0.4047,0
71258.67,2,42100.0,3,686,0.6806,1
56754.62,8,19600.0,2,762,0.2913,0
189329.2,1,82700.0,3,696,0.0903,0
142250.55,4,54500.0,4,686,0.3043,0
74029.25,6,14300.0,2,812,0.2132,0
39352.65,5,18000.0,4,603,0.6112,1
32473.31,5,10000.0,1,779,0.5167,0
115281.08,1,25600.0,0,773,0.6826,0
69183.11,1,30000.0,3,738,0.4791,0
77969.96,5,45500.0,3,645,0.3004,0
22936.34,4,10200.0,3,701,0.3497,0
99716.97,1,43000.0,4,615,0.29,0
76874.63,1,13800.0,1,633,0.5475,1
32508.7,3,9000.0,2,685,0.185,0
46196.59,3,18600.0,1,609,0.4307,1
69219.95,12,10700.0,0,658,0.5306,0
61627.08,9,18300.0,3,592,0.5071,1
50985.97,7,30100.0,2,724,0.4019,1
56561.37,10,30500.0,2,798,0.2413,0
52125.65,2,9100.0,2,840,0.4298,0
65114.95,2,33000.0,2,597,0.1844,0
134500.15,8,79600.0,3,611,0.4207,1
18000.0,4,14900.0,6,671,0.2422,1
52561.14,4,24600.0,0,737,0.1578,0
65978.34,1,40900.0,3,668,0.1898,0
70459.74,8,35700.0,2,756,0.1649,0
48798.12,6,12400.0,2,723,0.2213,0
22783.75,3,8400.0,1,551,0.5397,1
71710.86,2,12400.0,1,688,0.3658,0
154823.74,9,42900.0,3,591,0.4263,0
25754.8,2,10200.0,2,641,0.0748,0
96288.62,1,48600.0,3,653,0.1979,0
49976.65,9,22200.0,0,739,0.2849,0
57888.36,9,14200.0,2,681,0.3759,0
33553.81,2,11300.0,3,649,0.2687,0
49813.89,14,13900.0,1,841,0.2599,0
122396.93,3,57800.0,4,616,0.2687,0
82492.31,2,22300.0,0,705,0.1747,0
155246.8,5,65800.0,4,733,0.2922,0
114413.75,1,23300.0,3,696,0.5164,0
76229.03,2,31200.0,1,616,0.573,1
156242.41,5,80000.0,4,612,0.2918,0
76225.11,4,48500.0,1,730,0.1759,0
94409.17,7,21500.0,4,762,0.2439,0
50862.74,1,26500.0,2,679,0.2106,0
62106.14,12,34100.0,5,585,0.2385,0
40799.17,3,19100.0,1,684,0.3884,0
103184.21,4,37900.0,2,797,0.4774,0
31317.52,3,22300.0,0,608,0.3264,0
92068.92,1,15700.0,2,659,0.2642,0
53913.81,4,28400.0,2,688,0.1571,0
114026.47,6,71200.0,3,765,0.4142,0
90488.49,3,44700.0,3,644,0.1683,0
162975.54,2,59600.0,3,720,0.1644,0
89493.93,7,33300.0,1,788,0.1966,0
25219.63,7,6400.0,0,572,0.4142,0
57709.42,3,35700.0,2,585,0.2235,1
31426.16,5,4200.0,3,676,0.2885,0
45023.78,7,3500.0,2,757,0.2465,0
137472.01,6,64200.0,2,708,0.3389,0
85020.15,5,38900.0,2,764,0.2332,0
40765.37,6,17300.0,1,556,0.1168,0
34284.73,5,9500.0,4,709,0.2728,1
60963.47,4,28700.0,1,470,0.3683,1
30665.45,1,14200.0,2,783,0.3055,0
41393.24,1,19800.0,3,772,0.5769,0
71083.12,5,36600.0,3,659,0.3427,0
113031.48,2,23500.0,2,510,0.2693,0
83685.32,5,13500.0,4,668,0.3401,0
18000.0,1,11200.0,4,767,0.3745,0
70784.95,2,32600.0,1,714,0.1699,0
62293.88,3,36500.0,6,822,0.384,0
75179.94,0,21100.0,1,661,0.1301,0
145643.24,2,39500.0,2,836,0.649,0
19249.09,2,5000.0,2,532,0.1252,0
43256.08,4,14800.0,1,626,0.1619,0
82867.52,3,33200.0,3,586,0.3605,0
25087.45,4,14600.0,2,738,0.2095,0
134830.27,4,30900.0,4,592,0.1122,0
73320.55,3,19500.0,3,759,0.4886,0
95379.71,2,13900.0,0,735,0.3687,0
43738.37,4,20700.0,0,697,0.46,0
93673.45,8,19500.0,2,675,0.1248,0
107759.74,2,14300.0,5,604,0.2683,0
68055.78,12,24100.0,2,728,0.2171,0
68112.8,4,23700.0,0,645,0.5832,1
69472.67,7,14500.0,0,740,0.2635,0
37240.8,5,7100.0,0,795,0.1807,0
55207.78,5,7200.0,2,659,0.3647,0
55056.36,2,6500.0,1,782,0.1161,0
73929.46,2,34300.0,4,697,0.2731,0
103767.01,1,58500.0,2,727,0.2394,0
33449.94,3,10700.0,4,583,0.1541,0
55895.83,6,14200.0,5,631,0.3485,0
135239.23,3,53500.0,3,630,0.1149,0
39776.3,7,11700.0,2,784,0.2772,0
38092.11,3,10800.0,1,656,0.4251,0
66921.02,2,14700.0,1,730,0.3721,0
95264.44,2,40400.0,2,677,0.2832,0
60251.6,6,36500.0,3,656,0.6951,1
124359.06,10,16800.0,3,572,0.3058,0
95916.83,13,44900.0,1,539,0.1831,0
95130.13,6,10100.0,1,657,0.3066,0
81207.6,7,27400.0,4,662,0.4102,0
215390.77,1,35500.0,2,617,0.4483,1
53485.24,1,20000.0,4,694,0.3499,0
19891.8,2,13400.0,3,830,0.3101,0
144688.71,9,59100.0,3,795,0.503,0
46549.21,9,25800.0,0,681,0.2593,0
63534.24,14,23300.0,3,684,0.279,0
123038.53,2,25600.0,1,728,0.3346,0
24803.93,3,9800.0,3,698,0.2776,0
30079.35,1,1000.0,0,728,0.3647,0
24817.32,1,4000.0,4,700,0.2709,0
38685.69,3,7900.0,1,687,0.2237,0
76252.09,2,40900.0,2,631,0.4689,1
79881.8,2,48300.0,1,706,0.183,0
69699.67,2,24600.0,1,509,0.4079,1
27528.55,9,8400.0,1,698,0.4115,0
18000.0,8,10900.0,1,523,0.2831,1
61691.07,1,24100.0,1,698,0.2315,0
46190.21,7,3800.0,0,605,0.5084,0
77084.86,2,36600.0,2,774,0.467,0
88086.49,1,43100.0,2,685,0.5461,1
64604.08,2,37000.0,1,679,0.1189,1
90950.73,5,44900.0,0,709,0.2161,0
67918.67,2,23500.0,4,614,0.1168,0
80140.42,6,37000.0,2,763,0.3885,0
40636.81,2,7800.0,2,731,0.3918,0
54242.16,5,1000.0,0,637,0.3198,0
66717.79,1,13100.0,0,599,0.4065,0
94022.62,4,53300.0,3,647,0.3738,1
48215.81,2,29700.0,1,667,0.1547,0
79749.2,3,6600.0,5,594,0.3462,0
51729.77,12,20800.0,3,641,0.4095,0
56125.85,3,28400.0,5,631,0.2101,0
94488.69,1,11100.0,1,660,0.4006,0
20006.59,4,10500.0,3,660,0.4015,0
29346.84,4,17800.0,3,712,0.2149,0
26497.3,4,9200.0,4,677,0.2966,0
18000.0,5,8100.0,0,705,0.2759,0
41231.37,2,18500.0,1,694,0.295,0
90417.1,6,39700.0,4,660,0.7011,1
51190.73,4,6800.0,2,726,0.3976,0
66755.0,1,31400.0,1,469,0.3639,1
108996.34,6,10600.0,3,648,0.3193,0
124271.92,4,49200.0,2,632,0.2499,0
57640.12,6,24100.0,2,684,0.3421,0
126054.83,1,33400.0,4,627,0.1466,0
62986.12,7,8700.0,1,716,0.1416,0
37776.06,14,12700.0,2,729,0.5328,0
43177.72,1,20200.0,3,571,0.2876,1
26521.34,7,10800.0,1,692,0.3703,0
36736.51,4,3700.0,3,579,0.5094,1
49172.55,4,18200.0,2,711,0.1281,0
93150.5,7,13500.0,2,640,0.2524,0
154264.42,6,19200.0,1,615,0.2161,0
27995.53,8,2400.0,4,547,0.448,1
74314.03,1,46500.0,2,668,0.343,0
33782.59,9,8800.0,0,588,0.5898,1
77736.75,5,19800.0,2,564,0.1612,0
55709.3,1,11700.0,2,689,0.327,1
21872.86,3,4900.0,2,748,0.3981,0
99764.07,4,35700.0,3,705,0.4944,0
42926.71,3,22300.0,3,568,0.4768,1
44638.63,3,14400.0,0,665,0.3734,0
33244.22,2,12400.0,2,726,0.4297,0
41778.8,18,6100.0,1,665,0.2631,0
75761.06,6,12400.0,3,699,0.5041,0
53955.54,4,8100.0,4,642,0.3981,0
71737.16,1,20600.0,0,646,0.3044,0
73061.51,8,22000.0,4,626,0.2808,0
123792.73,5,14600.0,8,721,0.6173,1
49586.19,2,27000.0,2,726,0.3848,0
26575.05,2,8500.0,0,633,0.2923,1
107685.73,3,29000.0,1,732,0.4379,0
49895.27,4,11200.0,1,568,0.3263,0
110528.19,6,68800.0,1,662,0.1953,0
73928.78,3,28500.0,1,573,0.6782,1
55707.74,6,25300.0,1,590,0.212,1
72535.16,3,23200.0,3,573,0.2814,0
175090.26,3,60300.0,3,626,0.4329,0
187651.03,9,83000.0,3,721,0.1966,0
62203.07,6,19500.0,5,669,0.236,0
65388.71,4,34600.0,6,631,0.2353,0
108221.15,5,25400.0,1,662,0.3091,0
37604.78,3,13200.0,1,521,0.2429,0
71911.3,1,38300.0,0,718,0.4967,0
59028.49,0,2500.0,1,506,0.2348,0
71157.39,10,19600.0,2,622,0.2346,0
37859.88,2,15000.0,4,669,0.2456,0
24977.68,3,12500.0,3,708,0.1169,0
19146.19,16,8900.0,1,693,0.218,0
32384.61,1,11700.0,3,671,0.3402,0
46524.23,3,7100.0,4,784,0.2901,0
50957.37,9,24500.0,2,826,0.3229,0
173768.14,12,27200.0,3,676,0.1608,0
110006.68,5,60300.0,1,667,0.4719,0
35272.18,8,13400.0,2,663,0.103,0
72492.59,3,32400.0,3,629,0.406,0
47863.43,0,20900.0,1,703,0.6517,0
51205.38,8,19900.0,3,770,0.252,0
66298.93,4,14400.0,2,488,0.4422,1
84165.81,3,30100.0,5,662,0.2162,0
49682.49,3,21100.0,3,787,0.4181,0
107486.26,6,14700.0,2,704,0.3994,0
31950.21,6,3900.0,1,706,0.3293,0
60083.26,4,15400.0,1,555,0.4859,1
249876.12,5,138500.0,5,728,0.5053,0
67690.01,1,17900.0,1,751,0.2368,0
131698.17,3,57300.0,4,690,0.3341,0
62965.11,1,31100.0,3,626,0.1049,0
82407.14,1,15700.0,4,708,0.2411,0
58033.12,5,30500.0,1,597,0.4721,0
54517.43,4,22100.0,1,587,0.4509,0
38998.74,3,22600.0,2,735,0.3179,0
75861.59,3,28900.0,2,757,0.5893,0
37483.44,5,6700.0,4,619,0.2794,0
86342.04,6,48400.0,1,588,0.3964,0
108760.97,5,65100.0,2,609,0.3213,1
73246.98,1,20100.0,3,690,0.3535,0
51152.32,0,16500.0,6,588,0.3619,1
76855.4,2,20200.0,2,771,0.2509,0
50525.32,0,8700.0,3,640,0.4834,0
100162.68,10,34200.0,4,702,0.4199,0
21866.84,3,6900.0,2,619,0.5256,1
49782.36,1,15000.0,1,719,0.2015,0
20031.34,3,5200.0,4,725,0.5043,0
26310.32,0,8100.0,0,549,0.6223,1
126769.31,1,48300.0,2,624,0.2444,0
97963.65,3,44700.0,3,663,0.2801,0
40307.22,2,13700.0,2,636,0.4997,0
26202.84,3,11700.0,1,740,0.2426,0
18000.0,5,8100.0,3,630,0.3869,0
44403.67,7,17100.0,1,729,0.0999,0
226664.96,4,42000.0,2,711,0.2384,0
76053.05,7,22900.0,2,667,0.2105,0
44012.78,2,9400.0,0,732,0.1793,0
77326.66,8,18100.0,3,560,0.3486,0
25373.81,4,10000.0,3,670,0.2108,0
50841.7,7,30100.0,0,617,0.355,0
63241.28,2,16600.0,2,667,0.4575,0
57104.87,4,2200.0,3,640,0.3205,0
92498.1,13,27100.0,4,679,0.415,0
72370.56,4,20000.0,2,676,0.3652,1
86472.29,7,37200.0,1,685,0.4073,0
41002.78,8,9900.0,1,688,0.2913,0
98105.48,6,44000.0,2,718,0.5308,0
146666.32,6,78600.0,4,581,0.2059,0
35116.2,2,10700.0,2,713,0.2375,0
36745.37,2,8800.0,1,562,0.1668,0
124826.67,1,57500.0,3,465,0.5324,1
53893.27,5,6500.0,1,823,0.2798,0
129586.22,4,59700.0,3,605,0.4157,0
46939.06,5,24900.0,1,641,0.456,0
133289.01,1,51800.0,5,535,0.2876,1
64364.48,2,15100.0,5,641,0.2449,0
69011.32,7,12000.0,0,691,0.1468,0
141576.42,4,58300.0,1,693,0.4544,0
49071.13,4,19600.0,2,584,0.3257,0
35681.33,3,8700.0,1,642,0.211,0
46783.68,2,28900.0,3,703,0.2076,0
76786.47,8,42500.0,1,693,0.1956,0
25306.9,9,7000.0,2,685,0.2897,0
85017.21,4,38300.0,3,732,0.4473,0
44519.2,3,22600.0,4,667,0.3608,0
112566.22,9,53600.0,4,779,0.3334,0
18000.0,2,9400.0,1,653,0.1136,0
38847.1,3,3300.0,2,727,0.646,0
23681.34,7,9800.0,2,730,0.3166,0
38008.83,3,19400.0,0,552,0.5031,1
68611.56,4,10300.0,2,708,0.4486,0
54253.64,0,10900.0,1,627,0.1988,0
52085.52,9,12800.0,1,599,0.4964,1
54854.98,6,22300.0,0,643,0.3075,0
66960.86,8,26200.0,3,687,0.1858,0
34382.58,2,1000.0,1,558,0.2581,0
88324.01,10,19400.0,3,677,0.3907,0
86203.52,3,41100.0,2,659,0.3623,0
73996.34,8,20700.0,0,753,0.4507,0
81315.62,5,25100.0,2,627,0.1967,0
70476.17,6,22500.0,2,764,0.433,0
183375.33,5,16400.0,3,704,0.3643,0
57073.67,3,19200.0,3,672,0.2701,0
50569.52,1,22300.0,2,771,0.1553,0
39559.45,9,16900.0,3,819,0.2384,0
33936.81,0,10600.0,2,659,0.1526,0
30198.29,7,3200.0,1,619,0.5821,0
36723.11,9,18000.0,3,707,0.2998,1
57591.24,1,17300.0,0,568,0.262,0
71959.76,3,38500.0,6,577,0.6671,1
61582.2,1,13700.0,2,773,0.2361,0
39299.05,2,11700.0,3,718,0.4011,0
98233.4,8,22200.0,4,611,0.6228,1
89920.12,6,17900.0,3,850,0.2519,0
54841.0,6,9500.0,2,571,0.1289,0
41810.22,3,3600.0,1,721,0.2044,0
80953.92,0,20200.0,5,615,0.1336,0
66395.56,1,38000.0,4,809,0.4397,0
26998.32,3,15600.0,2,635,0.197,0
57676.83,1,11800.0,2,654,0.3752,1
69155.97,7,25900.0,0,539,0.1418,0
36503.66,11,12400.0,0,831,0.3429,0
66463.88,5,12000.0,2,629,0.4459,0
26899.09,1,9200.0,5,711,0.1454,0
124854.25,9,62600.0,3,675,0.1021,0
118939.77,4,30400.0,5,634,0.3066,0
52110.17,4,23700.0,3,508,0.1933,0
73123.12,6,14200.0,3,658,0.0841,0
18000.0,1,8800.0,6,655,0.2728,1
31698.0,3,18900.0,1,699,0.5097,0
50940.91,3,18900.0,2,836,0.3558,0
33200.72,5,16800.0,3,723,0.4318,1
88691.39,5,42800.0,1,739,0.2237,1
179604.61,6,28000.0,2,652,0.4081,1
31346.63,2,5800.0,4,577,0.3509,0
37774.71,0,1000.0,3,654,0.5188,0
68152.06,3,33300.0,2,620,0.2331,0
145235.8,3,37500.0,5,671,0.6396,0
30567.55,0,18600.0,3,638,0.3542,0
68663.28,2,39800.0,5,549,0.2815,0
163034.05,4,36100.0,1,770,0.3386,0
24137.75,2,5100.0,3,664,0.2999,1
29596.52,4,3600.0,1,650,0.5697,0
47430.29,2,7500.0,0,592,0.4797,1
44966.65,6,16800.0,3,639,0.4766,1
93613.58,2,30300.0,0,610,0.5272,1
68385.28,4,16200.0,3,585,0.3911,0
22556.33,4,7900.0,3,687,0.1298,1
79497.09,7,16800.0,2,640,0.2396,0
43580.0,3,16900.0,2,731,0.2342,0
120685.83,11,70800.0,0,648,0.6273,1
42396.74,10,13300.0,0,684,0.2999,0
42186.76,2,18800.0,2,681,0.2039,0
80629.7,4,32700.0,1,704,0.2193,0
91090.57,1,16700.0,1,612,0.3965,0
76607.84,5,30400.0,1,742,0.5543,0
23692.68,2,6500.0,5,586,0.2912,0
80492.47,4,29500.0,1,678,0.2741,0
33898.65,3,23500.0,4,585,0.4735,1
68145.6,18,14900.0,4,666,0.4785,0
27362.97,3,1000.0,1,742,0.2025,0
76532.99,3,39600.0,1,717,0.3317,0
38421.43,7,3500.0,3,754,0.1545,0
29571.04,8,10100.0,2,652,0.2542,0
88663.28,4,15100.0,3,743,0.1855,0
68384.71,8,37100.0,2,623,0.1298,0
42715.31,16,15600.0,4,641,0.2546,0
133005.85,3,76300.0,1,685,0.4536,0
46987.7,1,13100.0,1,739,0.2986,0
60940.86,5,30100.0,2,634,0.159,0
69418.06,7,27200.0,2,727,0.3058,0
42581.86,10,9700.0,2,692,0.3912,0
77584.66,6,25700.0,2,700,0.2147,0
44649.63,4,12900.0,3,611,0.3779,0
47743.53,2,15000.0,2,646,0.2532,0
126684.3,9,52700.0,1,668,0.1405,0
33781.81,5,10500.0,1,700,0.1051,0
18000.0,1,4000.0,1,614,0.2605,0
145221.49,13,33700.0,3,578,0.1635,0
243319.43,1,106700.0,2,515,0.2545,1
47911.07,8,11100.0,2,731,0.4992,1
20634.9,4,10800.0,4,746,0.4289,0
50475.02,1,18100.0,3,524,0.2488,1
51153.05,3,6300.0,3,681,0.5071,0
53935.38,3,25100.0,4,647,0.4829,1
32455.87,1,2900.0,1,766,0.2257,0
82352.05,5,40200.0,2,659,0.2109,0
79895.84,7,23500.0,1,716,0.1578,0
26319.8,4,11100.0,2,643,0.2356,0
87953.03,3,31200.0,5,623,0.3418,0
185160.21,5,100500.0,2,733,0.5911,1
65813.36,0,16800.0,3,756,0.6391,0
49735.35,3,11600.0,1,580,0.4864,1
55375.82,3,11300.0,2,761,0.2798,0
83984.81,4,24200.0,2,602,0.2542,0
23112.54,1,4900.0,4,500,0.1531,0
65539.93,0,29200.0,3,676,0.5601,1
48302.8,1,22100.0,3,713,0.2561,0
165430.06,5,54600.0,1,561,0.3247,1
54404.65,3,28700.0,0,526,0.5037,1
149842.22,1,74700.0,0,638,0.182,0
32628.54,12,12000.0,1,628,0.4279,0
82701.46,3,9000.0,4,778,0.2523,0
71372.66,4,12200.0,3,676,0.2143,0
37124.19,9,11900.0,3,730,0.114,0
66010.42,4,31500.0,5,691,0.3337,1
116644.41,5,68600.0,4,793,0.376,0
50106.93,2,22800.0,3,608,0.2619,0
23609.88,4,8300.0,0,668,0.4436,0
59298.57,11,9400.0,2,557,0.6643,1
36448.93,5,11600.0,3,736,0.3274,0
49598.33,4,28500.0,0,759,0.2684,0
57246.78,3,15100.0,3,740,0.5699,0
23432.78,1,8700.0,2,666,0.1596,0
24621.81,8,13600.0,2,563,0.6354,1
78052.48,4,45500.0,1,669,0.1983,1
44913.99,2,26700.0,1,624,0.1758,0
18000.0,1,4200.0,2,744,0.256,0
92195.28,5,57100.0,1,643,0.32,1
69550.15,1,27500.0,2,641,0.1964,0
40431.68,8,2300.0,3,838,0.1747,0
29020.08,2,11900.0,0,735,0.3608,0
94816.08,4,53600.0,1,756,0.736,0
72558.1,5,45800.0,1,637,0.1982,0
221999.69,5,117800.0,3,592,0.2922,1
75440.82,7,40400.0,0,755,0.2461,0
74104.88,2,35100.0,3,787,0.3956,0
54621.87,4,7700.0,0,579,0.2627,0
93828.76,6,32900.0,1,636,0.2896,0
84440.03,10,48900.0,1,606,0.3317,0
119186.97,7,65700.0,4,711,0.2066,0
44948.49,7,25300.0,5,756,0.2579,0
47123.44,3,6700.0,3,647,0.3593,0
46004.44,5,25500.0,1,647,0.424,1
92497.87,9,13600.0,2,528,0.2039,0
136503.56,4,58800.0,1,603,0.355,1
46520.01,5,14100.0,2,788,0.4537,0
47399.86,1,26700.0,1,712,0.547,1
71164.01,6,18000.0,3,744,0.3312,0
52304.16,4,21000.0,0,648,0.375,0
101076.15,6,12600.0,7,655,0.4096,0
18000.0,3,5500.0,2,676,0.4278,0
37998.89,0,5900.0,0,699,0.5707,0
38935.86,6,17000.0,2,778,0.1744,0
18000.0,2,1000.0,4,625,0.1995,0
35242.18,1,15400.0,2,665,0.2805,0
36194.56,4,17100.0,2,616,0.3052,0
53604.72,11,8900.0,5,527,0.3475,0
110429.35,2,47900.0,2,744,0.2873,0
52324.32,2,15700.0,1,806,0.1809,0
33963.87,6,19700.0,2,732,0.3074,0
58027.66,3,10300.0,3,692,0.1941,0
106622.04,6,8600.0,4,814,0.24,0
35004.18,3,19200.0,4,709,0.3894,1
36285.87,3,18700.0,1,735,0.2897,0
81405.81,2,9600.0,1,686,0.2991,0
53005.72,5,13800.0,1,697,0.273,0
85486.74,2,24900.0,2,665,0.6879,0
59426.42,3,27800.0,0,737,0.3334,0
88072.45,8,38600.0,1,593,0.4026,1
33884.3,14,19400.0,1,706,0.1906,0
59477.5,5,4600.0,3,611,0.18,0
53322.86,8,12000.0,2,713,0.7368,0
30676.74,3,12600.0,2,850,0.2711,0
25338.67,3,9900.0,3,727,0.3049,0
87304.91,4,37500.0,1,763,0.1142,0
49363.98,2,24600.0,2,743,0.4689,0
34123.65,3,17700.0,0,501,0.2955,1
56789.21,6,10500.0,3,665,0.2953,0
111347.41,4,34700.0,5,709,0.389,0
18000.0,3,10200.0,2,518,0.413,1
26287.5,3,11700.0,2,654,0.575,0
36041.0,1,22700.0,0,669,0.2411,0
133739.4,4,64600.0,4,583,0.7742,1
69942.09,2,13300.0,2,602,0.4139,0
91310.81,1,32900.0,3,775,0.2859,0
31981.46,1,15000.0,1,406,0.4506,1
32346.31,3,7600.0,3,695,0.2043,0
76595.8,6,11600.0,0,762,0.2532,0
61824.25,7,15100.0,4,673,0.5095,0
80967.76,1,18500.0,2,781,0.2389,0
54002.25,5,23600.0,1,643,0.3938,0
69771.37,11,8000.0,2,607,0.6001,0
65314.25,7,32400.0,1,674,0.4685,0
91837.14,4,26100.0,2,646,0.3862,1
93326.05,4,12700.0,1,632,0.3437,0
24564.81,4,7300.0,1,661,0.1689,0
18000.0,2,8100.0,2,616,0.2192,1
103876.71,7,53200.0,3,612,0.2953,0
115064.58,2,37200.0,4,591,0.4671,0
34154.76,4,7100.0,3,706,0.196,0
21527.59,1,8000.0,1,600,0.69,1
63225.89,8,30000.0,2,582,0.2275,0
99903.6,4,41600.0,2,594,0.1672,0
160922.31,1,35200.0,3,690,0.3597,0
79535.89,9,14800.0,3,725,0.3935,0
48803.43,3,2000.0,3,731,0.6481,0
36635.69,1,11400.0,4,691,0.3705,0
60252.43,12,17900.0,3,715,0.3328,0
50787.44,3,19800.0,4,671,0.1445,0
34259.28,2,7700.0,3,709,0.4714,0
184760.49,4,66100.0,4,708,0.3278,0
159826.26,1,77800.0,5,620,0.3831,1
111840.25,2,67900.0,1,594,0.3212,1
36081.38,9,3500.0,1,776,0.4518,0
95823.25,3,50800.0,3,684,0.2424,0
85118.06,5,10200.0,5,754,0.4121,0
76374.19,9,33000.0,2,593,0.1953,0
119052.03,3,62600.0,2,645,0.0608,0
84919.08,2,48200.0,3,572,0.5075,1
89949.87,6,16600.0,2,723,0.4115,0
84990.81,1,21300.0,3,629,0.1609,0
72217.33,2,33900.0,1,633,0.2296,0
22449.28,1,7500.0,2,822,0.374,0
62692.15,9,26600.0,1,725,0.1801,1
44094.68,4,19400.0,3,724,0.4211,0
29616.52,6,8300.0,0,585,0.2558,0
150994.57,2,42900.0,5,536,0.4397,0
154963.9,5,21000.0,3,748,0.5654,0
126446.09,5,31600.0,3,507,0.2636,1
68896.96,12,9400.0,4,637,0.2972,0
125849.73,6,57100.0,3,614,0.265,0
60272.38,7,31500.0,1,606,0.4107,1
66939.1,4,31100.0,1,642,0.3553,0
32813.35,0,26200.0,2,596,0.1444,0
74484.42,5,22200.0,1,584,0.2149,0
61896.09,3,15700.0,1,694,0.463,0
29247.26,3,1000.0,4,755,0.1363,0
58211.7,3,4000.0,5,545,0.4441,1
57305.32,3,30400.0,3,690,0.3647,0
160919.36,2,72400.0,0,716,0.389,0
97911.31,6,51500.0,3,708,0.5788,0
60252.24,1,28400.0,3,658,0.3377,1
68653.89,11,29000.0,3,630,0.0948,0
61347.94,6,9800.0,3,732,0.356,0
53551.4,8,23200.0,0,700,0.2256,0
33013.28,2,16500.0,2,533,0.4234,1
55100.91,2,28800.0,0,658,0.3239,0
39721.42,4,2900.0,4,679,0.3709,0
30101.38,4,20700.0,4,593,0.2746,1
79314.16,6,12900.0,1,657,0.3214,0
74250.19,4,27800.0,3,712,0.1513,0
22411.08,11,4900.0,4,613,0.307,0
55967.33,2,18000.0,3,692,0.3273,0
103531.97,1,35100.0,1,601,0.3066,1
107213.03,2,55300.0,3,582,0.2847,1
105262.26,3,17800.0,3,721,0.3648,0
61169.4,8,27800.0,4,763,0.2427,0
37617.52,5,10300.0,4,586,0.1968,0
32990.19,0,15700.0,3,746,0.3046,0
72368.96,0,21100.0,1,674,0.3724,0
73762.37,3,36900.0,0,509,0.182,1
121544.06,3,35400.0,2,567,0.7152,1
109643.43,3,23600.0,3,721,0.6229,0
55674.32,3,13000.0,4,553,0.4504,1
30202.7,10,13500.0,1,629,0.2849,1
50236.21,7,11600.0,4,669,0.5102,0
67472.62,2,27000.0,1,709,0.5195,0
53575.88,4,28500.0,1,689,0.1501,0
43571.49,3,12200.0,3,793,0.1335,0
68808.78,0,40200.0,1,614,0.1918,0
45379.84,3,13900.0,3,682,0.644,0
42385.59,3,20400.0,1,709,0.4805,1
71061.36,2,32800.0,2,728,0.2804,0
47997.49,2,21200.0,4,754,0.495,0
68477.29,3,42800.0,3,642,0.3073,0
69582.07,5,16500.0,2,724,0.309,0
31994.33,2,1100.0,1,606,0.2955,0
45950.38,9,3500.0,2,669,0.1968,0
132029.06,2,35800.0,0,713,0.2828,0
31598.23,8,10000.0,4,748,0.45,0
18691.8,5,5900.0,0,718,0.2949,0
21503.8,1,10300.0,4,682,0.1202,0
60840.47,3,9900.0,2,669,0.2073,0
60900.98,11,29000.0,3,716,0.2317,0
56123.73,2,15000.0,1,839,0.4216,0
116751.66,11,23300.0,2,739,0.4383,0
18000.0,5,1000.0,2,704,0.3309,0
74441.11,5,17400.0,0,572,0.1853,0
141321.26,5,80100.0,2,612,0.1366,0
32199.96,3,9900.0,0,651,0.1137,0
48586.76,2,2300.0,4,743,0.328,0
39573.28,4,11000.0,2,605,0.5908,1
36611.21,5,9600.0,2,723,0.3811,0
50038.9,5,20100.0,0,684,0.174,0
131283.83,5,22900.0,0,702,0.3364,0
164483.03,6,35800.0,2,659,0.1767,0
49773.27,13,22400.0,1,630,0.4061,1
170720.52,5,54200.0,0,602,0.5384,1
61057.24,8,10000.0,1,721,0.4874,0
157083.07,6,82100.0,2,669,0.2095,0
56879.24,14,20200.0,2,594,0.4446,0
64349.33,4,29000.0,4,692,0.2659,0
73204.41,4,13800.0,4,850,0.4188,0
343990.57,8,145400.0,3,660,0.2128,0
95626.67,8,53000.0,2,799,0.1364,0
40578.94,3,6400.0,2,481,0.4651,1
102022.52,5,37700.0,4,655,0.2653,1
49069.46,6,28100.0,4,747,0.3118,0
45735.83,6,19300.0,1,676,0.2521,0
98689.2,5,20500.0,3,627,0.1334,0
60906.62,1,25100.0,5,673,0.4379,0
69787.96,6,39800.0,2,749,0.3614,0
60336.46,6,29900.0,1,836,0.4054,0
72050.37,5,35400.0,1,755,0.3996,0
75639.3,3,15200.0,0,637,0.2884,1
20633.44,10,1000.0,6,658,0.2296,0
86388.94,2,13900.0,2,658,0.1674,0
34887.69,8,15900.0,1,610,0.283,1
27085.0,2,5600.0,3,663,0.3077,0
57981.18,8,23900.0,3,654,0.4079,0
62704.57,2,19100.0,3,585,0.6661,1
40887.17,7,4800.0,3,738,0.1456,0
94567.35,11,10700.0,4,707,0.3349,0
28618.36,11,14300.0,3,627,0.3221,0
47866.97,10,17200.0,5,686,0.5541,0
43404.54,4,25700.0,1,603,0.3439,0
58359.47,2,34000.0,4,634,0.3248,0
69799.03,4,15100.0,3,727,0.1807,0
34394.74,8,9700.0,2,710,0.2472,0
89174.95,6,26800.0,3,637,0.2399,0
61985.22,15,29400.0,2,698,0.1741,0
21150.73,3,10300.0,6,669,0.3755,0
20389.49,12,7600.0,4,600,0.1932,0
59469.83,4,25000.0,4,662,0.1246,0
53022.31,2,12100.0,1,707,0.2095,0
56563.49,5,25500.0,2,698,0.4666,1
58959.71,6,14900.0,2,548,0.1963,0
67782.4,9,13500.0,2,687,0.4716,0
100831.62,3,37500.0,5,677,0.3362,0
32496.65,5,12100.0,2,533,0.2231,0
31426.78,4,18900.0,3,614,0.448,1
32816.01,3,10400.0,3,712,0.5371,1
70186.0,11,13600.0,3,779,0.6325,0
118743.51,6,45200.0,1,552,0.358,0
47229.0,0,31700.0,2,748,0.6447,0
18000.0,5,5200.0,1,534,0.5421,1
23454.18,1,6700.0,2,780,0.3061,0
37866.79,5,10600.0,1,657,0.1596,0
44057.42,1,16000.0,3,621,0.1357,0
47828.94,6,27700.0,1,702,0.3364,0
61158.22,1,14500.0,4,603,0.6268,1
50439.99,2,23600.0,2,714,0.347,0
106631.77,7,56700.0,3,666,0.3068,0
41282.36,4,19900.0,2,389,0.6767,1
37261.84,1,27900.0,3,614,0.3404,1
77915.61,11,12300.0,1,689,0.3697,0
25729.59,3,11600.0,3,755,0.148,0
74185.98,3,33600.0,1,700,0.2633,0
63348.36,4,18400.0,4,754,0.1842,1
55210.4,6,21200.0,3,608,0.271,0
143422.75,3,32700.0,2,730,0.4098,0
42522.38,4,9900.0,5,731,0.305,0
185937.15,9,43500.0,4,553,0.5753,1
52892.28,8,14500.0,4,757,0.1595,0
29662.56,3,8800.0,2,700,0.3465,0
62221.49,4,11700.0,7,654,0.3998,0
33125.71,0,5100.0,4,653,0.1121,0
39598.02,5,13500.0,3,597,0.5348,1
74486.14,7,41400.0,3,722,0.2635,0
81273.08,3,16400.0,4,698,0.4492,0
42523.31,10,26700.0,1,719,0.4477,0
103060.64,1,13800.0,0,681,0.4429,0
113168.06,2,22100.0,1,690,0.3178,0
131921.98,9,60700.0,1,653,0.2717,0
80111.71,7,46900.0,2,756,0.5259,0
126739.08,1,14200.0,1,720,0.503,0
21280.81,1,13700.0,1,688,0.3953,1
50269.38,6,19400.0,4,665,0.279,0
37165.91,5,16500.0,4,542,0.2932,1
63931.93,3,17400.0,3,526,0.5254,1
43726.21,9,15200.0,3,647,0.1799,0
54645.01,2,29200.0,2,770,0.3266,0
168585.14,0,94600.0,2,622,0.5279,0
54538.06,6,25800.0,2,625,0.267,0
75175.88,7,4900.0,4,602,0.1405,0
52693.74,2,22500.0,2,578,0.3005,0
62420.08,1,11300.0,3,606,0.1571,0
60072.6,0,32000.0,1,696,0.1866,1
76617.3,4,19100.0,3,638,0.2933,0
113654.58,5,55100.0,4,635,0.267,0
148162.76,8,44300.0,3,628,0.2849,0
70989.77,5,36800.0,3,693,0.347,0
82805.58,3,30400.0,1,704,0.223,0
31793.73,5,1000.0,2,535,0.1346,0
57049.11,8,1000.0,1,618,0.4344,0
100424.27,5,12500.0,2,668,0.559,0
96402.05,7,27700.0,2,708,0.4395,0
67264.33,1,26800.0,2,685,0.1662,0
97491.13,6,26000.0,1,737,0.4928,0
78426.86,5,44500.0,0,569,0.4854,0
115863.55,3,55100.0,1,706,0.4522,1
70203.09,8,29000.0,1,829,0.2949,0
49235.29,13,15200.0,4,679,0.1408,0
72020.98,1,25400.0,1,682,0.3714,0
18000.0,3,3500.0,4,714,0.1139,0
73908.8,4,19900.0,1,634,0.6418,1
18000.0,4,12200.0,1,604,0.6377,1
23204.35,2,6100.0,4,679,0.2407,1
76762.59,1,27200.0,1,551,0.3063,1
77857.94,3,33600.0,1,705,0.3892,0
31592.16,4,5300.0,3,717,0.2419,0
40471.12,3,11100.0,1,555,0.1591,0
127235.83,4,28700.0,4,687,0.2302,0
45879.95,5,18200.0,1,659,0.3887,1
205583.22,3,51300.0,3,786,0.2675,0
59810.95,2,24300.0,2,773,0.3563,0
74938.26,4,19500.0,1,738,0.492,0
145696.49,5,26700.0,4,766,0.5251,0
64348.24,4,27600.0,5,648,0.31,0
34499.87,14,10100.0,2,694,0.3255,0
56367.61,5,11200.0,6,656,0.1184,0
58712.86,4,29500.0,1,600,0.208,1
28265.35,2,5300.0,0,681,0.3394,0
52015.26,2,34300.0,2,669,0.2861,0
39806.85,3,17100.0,1,660,0.2932,1
99548.15,3,16900.0,1,671,0.5451,0
61024.86,3,23000.0,3,680,0.4399,1
51249.56,5,10700.0,7,742,0.2076,0
56477.63,8,6900.0,3,631,0.1478,0
67691.58,6,39900.0,3,579,0.2054,1
84056.78,6,29100.0,1,726,0.2825,0
34549.84,2,9700.0,2,739,0.2984,0
33763.2,9,3700.0,2,702,0.1153,0
109927.2,2,18300.0,4,590,0.2496,1
47725.19,5,24700.0,3,665,0.2198,0
27466.9,6,16300.0,2,696,0.6196,0
76427.43,9,12200.0,1,595,0.2504,0
77253.96,12,41300.0,4,618,0.2599,0
25799.4,3,12000.0,6,664,0.2264,0
67928.77,5,11900.0,3,764,0.4668,0
89730.92,8,51000.0,2,692,0.2508,0
73564.11,13,32800.0,4,632,0.3186,0
84760.92,3,25000.0,3,660,0.2278,0
27657.49,2,9900.0,3,625,0.1881,0
71831.05,1,25900.0,0,644,0.2908,0
50693.81,1,26400.0,1,729,0.1976,0
45911.25,2,27900.0,1,531,0.6591,1
96645.56,7,6800.0,2,774,0.2109,0
135077.1,8,78400.0,0,839,0.3286,0
160637.18,5,28500.0,5,687,0.1801,0
123394.81,3,15300.0,5,613,0.3954,0
56367.4,5,4500.0,1,762,0.3862,0
72692.69,4,46000.0,4,696,0.6616,0
91285.99,3,44300.0,2,636,0.2435,0
64000.61,5,18300.0,3,602,0.3846,0
64338.94,3,11700.0,3,645,0.5115,0
94189.52,5,27900.0,4,689,0.2588,0
57953.4,6,21600.0,2,742,0.4381,0
40090.4,7,13500.0,5,696,0.3566,0
47669.15,1,5700.0,3,709,0.4621,0
84850.89,9,56700.0,1,650,0.3705,1
59972.79,4,30200.0,1,739,0.5408,0
72194.24,12,32800.0,2,659,0.4586,0
86555.71,7,19300.0,3,813,0.1112,0
48719.62,2,10100.0,3,626,0.5321,1
90756.6,6,56000.0,2,705,0.4198,0
73744.63,8,33000.0,7,839,0.3264,0
30359.14,3,10800.0,7,753,0.3826,0
132358.26,2,46600.0,3,731,0.2817,0
45460.1,2,7000.0,2,697,0.4871,0
24093.5,1,10400.0,3,679,0.2392,0
33699.08,0,18000.0,4,662,0.2484,0
34146.83,4,14500.0,4,633,0.4136,0
61617.14,2,39200.0,0,560,0.3603,1
51502.32,2,31900.0,1,723,0.2997,0
49748.84,13,8900.0,1,560,0.1976,0
84190.39,6,19400.0,2,724,0.3091,0
72180.95,2,38200.0,1,652,0.632,1
71241.18,16,32100.0,2,603,0.2599,0
75012.17,5,32600.0,2,780,0.2398,0
84025.37,0,35000.0,0,566,0.4185,1
18781.46,15,13700.0,3,625,0.491,0
48999.19,11,24500.0,4,632,0.4475,0
18049.7,5,6500.0,2,686,0.3542,0
61073.48,4,5800.0,0,629,0.3055,1
59721.77,7,17700.0,4,785,0.4665,0
106408.71,5,30200.0,4,572,0.1935,0
115058.84,3,16700.0,1,850,0.6731,0
66938.28,3,10400.0,2,596,0.1899,0
45469.7,8,6600.0,1,850,0.4943,0
78185.43,2,28900.0,3,757,0.3533,0
44785.75,8,12800.0,1,667,0.2325,0
59828.3,4,24900.0,1,692,0.3594,1
102988.74,1,47300.0,5,647,0.4924,1
44056.39,8,18100.0,4,701,0.3837,0
93257.83,2,19200.0,3,620,0.2447,0
86904.99,2,49000.0,2,728,0.0996,0
35414.07,4,14500.0,1,689,0.4291,0
102297.63,4,37000.0,1,601,0.3377,0
87922.54,5,46400.0,3,707,0.1153,0
63326.5,8,16000.0,2,702,0.3482,0
39368.53,8,9600.0,2,621,0.1787,0
37325.67,3,10600.0,3,643,0.1483,0
44546.35,3,1000.0,3,713,0.466,0
80694.6,8,15700.0,1,757,0.1882,0
35397.84,2,4700.0,5,664,0.3591,0
76163.05,4,39700.0,0,745,0.3029,0
30243.44,10,9800.0,4,763,0.2193,0
53517.41,3,26700.0,0,773,0.1067,0
63596.03,1,15800.0,2,706,0.1909,0
229767.13,2,87900.0,1,607,0.3111,0
28070.55,2,6700.0,1,742,0.0804,0
134538.81,2,58800.0,1,661,0.3493,0
65017.6,3,25400.0,2,713,0.3688,0
75067.62,15,19400.0,0,628,0.2434,0
63901.07,6,16300.0,2,630,0.2869,0
76465.87,4,21300.0,2,622,0.4858,1
55021.16,4,32500.0,1,576,0.6379,1
133216.06,2,36000.0,2,631,0.2812,0
46580.67,4,26300.0,3,598,0.3475,1
111605.88,10,16800.0,0,717,0.5176,0
42007.27,4,14500.0,5,595,0.4533,1
57922.52,8,31500.0,3,625,0.2882,1
33203.83,7,6700.0,4,675,0.2754,1
76900.15,15,18400.0,1,811,0.5551,0
132563.79,7,36900.0,1,623,0.3127,0
57380.17,14,37500.0,3,571,0.4335,1
53729.25,8,19400.0,4,577,0.1286,0
32433.94,5,17200.0,2,610,0.2683,0
52780.08,2,12000.0,3,626,0.3767,0
24933.39,8,5800.0,1,848,0.3082,0
36239.94,8,12400.0,2,748,0.1785,0
67828.13,8,36800.0,1,651,0.3677,0
123680.54,0,51500.0,4,814,0.3143,0
280706.8,3,97500.0,1,629,0.4282,0
43363.71,6,11400.0,1,644,0.1646,0
131849.33,3,52400.0,3,640,0.3573,0
68464.04,3,13500.0,3,752,0.3516,0
55094.98,2,14400.0,2,670,0.3896,0
75957.33,1,12800.0,4,788,0.1714,0
61948.21,6,7100.0,4,708,0.1465,0
63622.19,3,32500.0,0,743,0.1735,0
47830.4,3,25000.0,0,539,0.3744,1
27751.35,4,7800.0,2,548,0.0897,0
25616.86,6,8300.0,5,550,0.2829,1
85758.0,5,23700.0,4,643,0.4362,1
51421.67,5,1300.0,1,560,0.2928,0
43137.64,0,18400.0,1,768,0.2048,0
60154.89,8,33700.0,2,660,0.2621,0
92708.25,12,50100.0,1,721,0.2158,0
66118.26,5,14100.0,2,638,0.1991,0
41738.11,2,13600.0,2,737,0.4092,0
117531.44,3,38800.0,1,528,0.3491,1
142707.45,2,48700.0,1,671,0.3944,0
78590.5,11,17400.0,5,713,0.2205,0
102284.65,3,24500.0,1,719,0.1055,0
118548.57,5,28000.0,5,651,0.3145,1
111474.89,4,36900.0,3,547,0.3836,1
83931.36,6,44900.0,5,751,0.351,0
83207.34,2,47700.0,1,646,0.1708,0
79683.14,5,27900.0,2,652,0.1858,0
32743.65,3,12700.0,1,841,0.328,0
88026.9,9,44800.0,0,682,0.3669,0
28404.48,0,1000.0,5,636,0.1743,0
38675.84,3,6800.0,2,632,0.2148,0
122634.15,8,22900.0,3,723,0.4534,0
95046.46,8,32500.0,2,613,0.3369,0
135681.98,1,31600.0,1,713,0.2892,0
51564.0,7,10500.0,2,758,0.2684,0
31769.54,2,16300.0,3,668,0.5297,1
52457.55,2,7600.0,3,749,0.6057,0
63330.18,8,36600.0,1,670,0.4495,0
62532.63,3,5200.0,1,623,0.5715,1
111694.67,1,71800.0,1,550,0.3222,1
49084.63,1,29600.0,1,696,0.2755,0
72665.28,4,33500.0,0,697,0.4113,0
34761.13,3,8200.0,4,749,0.3321,0
76701.34,3,28700.0,1,741,0.4132,0
59976.6,6,19900.0,4,830,0.5722,0
39640.34,5,7800.0,2,631,0.2064,0
52590.66,3,29900.0,2,702,0.6538,0
54106.16,8,19000.0,1,623,0.3041,0
51607.11,6,2800.0,1,745,0.1675,0
158615.4,5,22500.0,4,605,0.1722,0
56718.44,3,15600.0,2,744,0.2341,0
52357.85,8,30200.0,2,620,0.2498,0
18890.26,3,6800.0,2,732,0.2348,0
36614.0,3,17500.0,2,765,0.3815,0
51808.51,11,27900.0,5,558,0.3321,1
41059.64,2,19500.0,3,574,0.387,1
128019.67,2,21500.0,0,693,0.4248,0
54681.69,3,33600.0,2,685,0.494,1
121618.5,2,56200.0,3,653,0.3248,0
61941.0,2,17800.0,2,639,0.5278,0
61112.72,11,4700.0,5,611,0.2576,0
57020.26,3,11300.0,1,700,0.3938,0
59999.29,5,32900.0,5,603,0.5279,1
154096.95,1,76500.0,5,702,0.3304,0
18000.0,2,8400.0,4,632,0.2987,0
19913.43,12,1000.0,2,643,0.426,0
44411.6,2,7400.0,1,766,0.4004,0
60354.47,5,30700.0,0,747,0.417,0
87514.3,0,14400.0,1,600,0.1519,0
77667.95,1,16100.0,1,610,0.1246,0
48468.28,3,10500.0,4,733,0.3184,0
104869.71,7,58400.0,4,567,0.5621,1
105514.9,4,32200.0,4,784,0.3758,0
66252.72,4,8200.0,1,685,0.4109,0
101667.37,6,43100.0,3,632,0.3117,0
69560.69,5,14100.0,4,676,0.2295,0
43966.55,1,17800.0,1,777,0.2183,0
87886.3,4,34300.0,0,515,0.1292,0
63629.8,3,26300.0,1,752,0.1092,0
59918.28,3,19100.0,4,765,0.3336,0
134608.31,3,68900.0,2,651,0.2063,1
18000.0,4,6800.0,7,670,0.4029,0
27454.18,5,12700.0,2,685,0.5867,1
31166.88,1,16600.0,2,730,0.1201,0
49030.93,2,18700.0,0,620,0.3319,0
52050.28,6,9000.0,0,674,0.3659,0
26133.44,7,7800.0,3,668,0.3001,0
34827.52,10,18900.0,1,726,0.4076,0
37292.11,4,14200.0,1,850,0.427,0
231326.0,2,114000.0,1,620,0.185,0
161289.81,2,69600.0,3,681,0.4041,1
47740.62,4,6600.0,1,618,0.389,0
49022.23,2,23000.0,0,638,0.1435,0
31822.78,10,15300.0,1,594,0.1807,0
20963.29,3,1000.0,3,560,0.3828,1
56146.29,9,18600.0,2,764,0.3154,0
34585.21,2,4300.0,1,702,0.1279,0
57144.14,3,18700.0,4,682,0.3287,0
24831.96,3,8800.0,1,609,0.514,1
39376.09,1,16700.0,3,669,0.4454,0
64974.16,3,12400.0,2,588,0.1201,0
73234.02,5,6900.0,3,673,0.2677,0
75328.18,0,37400.0,3,700,0.356,0
28961.74,6,17500.0,3,634,0.311,0
95805.67,5,24500.0,2,618,0.552,1
38556.64,4,2900.0,1,638,0.2041,0
84801.78,7,50700.0,2,736,0.2466,0
59524.82,7,21600.0,4,690,0.3773,0
28084.89,18,12000.0,1,554,0.4153,0
50316.65,1,20100.0,2,729,0.8317,0
73199.95,10,37600.0,6,716,0.1378,0
83879.03,8,18500.0,2,689,0.2408,0
55406.75,5,21600.0,2,798,0.4857,0
139034.64,2,65000.0,2,677,0.4319,1
104206.62,3,39100.0,0,707,0.2411,0
51991.75,3,22300.0,2,710,0.2692,0
90451.31,4,16400.0,2,741,0.3834,0
173439.9,6,37900.0,2,658,0.2315,0
176004.8,9,48000.0,2,627,0.419,0
30473.11,12,13900.0,1,748,0.3746,0
35968.79,3,13500.0,1,744,0.4722,0
135497.08,4,53100.0,2,771,0.3853,0
33454.63,2,3300.0,3,706,0.3691,0
28929.07,8,13200.0,4,551,0.6227,1
45825.37,5,8000.0,2,687,0.1995,0
75442.4,3,33200.0,2,678,0.2461,1
56595.33,1,13800.0,3,767,0.5863,0
41864.35,5,4000.0,3,754,0.3425,0
41323.36,5,5200.0,3,721,0.1297,0
40465.89,1,12900.0,1,520,0.2805,1
36911.18,1,11200.0,1,613,0.4059,0
210007.41,4,90900.0,6,648,0.4455,1
70518.55,12,13900.0,1,649,0.3712,0
97510.71,8,41500.0,1,688,0.4804,0
45752.76,3,23800.0,3,786,0.1523,1
54053.19,3,9400.0,3,733,0.3856,0
40438.81,2,12300.0,2,606,0.2335,0
18000.0,2,4600.0,3,613,0.3618,0
28059.85,3,16800.0,2,606,0.1312,0
22118.28,14,3800.0,1,666,0.2788,0
18000.0,3,18000.0,4,735,0.3132,0
31025.12,4,7000.0,1,747,0.1205,0
124085.44,1,39900.0,1,647,0.1656,0
58428.56,6,12400.0,1,673,0.4169,0
121760.35,4,17900.0,5,801,0.3953,0
75059.8,3,36500.0,1,564,0.3925,1
92079.48,2,47500.0,0,723,0.4348,0
36479.53,2,10200.0,2,715,0.4232,0
79871.39,3,24300.0,1,653,0.3147,0
89392.57,3,37600.0,0,674,0.4917,0
43601.38,2,8500.0,1,707,0.2607,0
81450.21,4,25000.0,0,653,0.2013,0
81748.54,5,24900.0,1,627,0.2632,0
44255.99,7,15900.0,1,622,0.3006,0
32288.85,11,10700.0,5,815,0.3168,0
31217.35,1,19500.0,1,642,0.3679,1
62791.69,5,17600.0,2,690,0.4788,0
71672.0,3,26300.0,3,734,0.2892,0
38719.97,0,5400.0,2,659,0.4605,0
60756.05,2,17600.0,3,678,0.2815,0
81944.33,6,45000.0,5,713,0.1263,0
84120.44,6,25100.0,2,611,0.3574,0
140580.29,4,51500.0,3,560,0.3282,1
120854.12,2,32900.0,1,620,0.4327,0
34519.85,9,23200.0,3,805,0.5075,0
151141.6,1,36600.0,4,632,0.4305,1
44710.47,3,9200.0,4,685,0.1898,0
106370.13,3,47500.0,1,576,0.3336,1
62155.38,4,10300.0,2,776,0.4964,0
47730.12,16,1000.0,1,652,0.3629,0
22153.85,11,10200.0,9,641,0.3796,0
54482.76,5,8300.0,2,665,0.5673,0
25395.8,4,15600.0,2,850,0.4329,0
101927.25,4,48500.0,1,708,0.4121,0
137893.37,6,55500.0,2,663,0.3574,1
38626.7,8,9900.0,2,459,0.3462,1
70691.73,1,26400.0,1,776,0.357,0
40176.38,11,17000.0,2,623,0.4085,1
42375.83,5,10400.0,2,611,0.2744,0
91671.98,3,40700.0,0,618,0.273,0
58618.4,4,23600.0,1,785,0.212,0
155874.49,6,33400.0,2,672,0.3684,0
45925.33,6,3000.0,2,561,0.1986,0
103739.16,2,42700.0,8,660,0.2336,0
63169.53,4,27300.0,3,613,0.3607,1
92751.38,5,27600.0,4,702,0.4917,0
46819.89,8,1300.0,1,646,0.1723,0
58264.17,9,26800.0,2,557,0.271,0
56188.96,1,29300.0,2,669,0.0981,0
37803.94,4,9900.0,5,671,0.2024,0
86175.81,2,31800.0,1,581,0.1828,0
85616.81,5,31600.0,3,528,0.4298,1
82988.31,15,10200.0,2,696,0.1968,0
139431.83,8,32400.0,3,654,0.2103,0
132871.75,6,20200.0,1,659,0.3051,0
48716.86,7,9000.0,4,731,0.1335,0
73510.15,10,11100.0,1,530,0.4274,0
42489.81,7,16600.0,2,680,0.4435,0
60648.21,1,18500.0,1,725,0.3366,0
43050.87,12,30700.0,2,661,0.5594,1
145952.82,4,51300.0,3,569,0.0834,0
73132.93,5,39300.0,1,625,0.4322,0
53108.06,9,22500.0,2,641,0.3123,0
115438.16,15,23200.0,1,557,0.3886,0
18145.2,3,1000.0,2,703,0.2039,0
19776.38,9,1000.0,1,675,0.1647,0
92754.48,3,33800.0,5,627,0.5542,1
61898.9,5,29600.0,1,749,0.4936,0
68716.56,1,36600.0,2,636,0.3975,1
28867.8,3,3700.0,3,786,0.2892,0
59113.91,5,6900.0,2,655,0.6426,1
180219.38,6,95600.0,4,603,0.506,1
94212.65,6,41200.0,5,606,0.2393,1
65731.83,8,10300.0,1,682,0.3962,0
47029.03,3,26700.0,1,595,0.4744,1
48193.76,4,19000.0,2,686,0.2725,0
18563.29,4,15400.0,5,645,0.4724,1
68988.99,3,32300.0,4,643,0.3271,0
95321.98,2,10700.0,2,672,0.4385,0
25170.03,4,9600.0,5,750,0.3638,0
41615.2,7,13400.0,3,634,0.224,0
31678.53,5,4500.0,4,689,0.3092,0
35208.99,3,10700.0,2,708,0.2857,0
61661.49,4,11400.0,1,584,0.5856,1
19026.32,3,14500.0,4,714,0.1571,0
83939.26,6,17600.0,2,736,0.1868,0
90637.23,7,13200.0,0,747,0.3351,0
52150.74,7,29200.0,2,592,0.158,0
18000.0,4,3200.0,3,597,0.4763,0
34612.49,3,7800.0,2,671,0.283,0
117959.43,8,68800.0,3,667,0.3165,0
18000.0,3,7900.0,2,676,0.2018,0
49457.16,4,16900.0,3,648,0.3695,0
31288.3,5,6000.0,1,689,0.438,1
93200.99,4,4300.0,1,483,0.3421,1
41302.87,7,13900.0,2,724,0.2491,0
74770.2,1,21000.0,1,785,0.1089,0
81715.85,6,7300.0,2,634,0.3445,0
164378.05,2,27300.0,1,690,0.1059,0
53550.58,3,8800.0,4,801,0.4188,0
73631.22,5,17200.0,2,678,0.5722,1
26455.5,1,13400.0,2,698,0.4647,1
115234.85,4,60200.0,2,813,0.3717,0
39407.84,3,22800.0,3,828,0.3306,0
43984.18,4,26000.0,3,595,0.2848,1
59145.97,3,26000.0,0,644,0.1969,0
25346.95,4,18100.0,5,742,0.1275,0
67902.19,3,30600.0,5,712,0.1591,0
101936.61,4,25600.0,3,728,0.48,0
70341.24,5,16300.0,3,478,0.2619,1
24986.88,8,1400.0,4,528,0.5963,1
55932.72,9,33200.0,2,809,0.3522,0
90049.6,1,41700.0,4,733,0.2656,0
21313.72,9,2200.0,1,702,0.1463,0
33152.68,2,14200.0,1,582,0.3542,0
96964.38,4,39400.0,0,644,0.2455,0
69463.21,1,36000.0,4,718,0.3742,0
75100.64,0,9500.0,2,571,0.2708,1
166495.26,14,77000.0,1,622,0.3477,0
77474.49,4,6600.0,1,703,0.3709,0
85977.28,3,26100.0,0,719,0.1585,0
265909.16,5,127300.0,1,636,0.4992,0
53231.6,4,11200.0,1,749,0.2209,0
38606.06,7,22700.0,1,746,0.3683,0
75757.14,5,43000.0,2,541,0.3323,1
76225.02,6,10700.0,0,798,0.288,0
44815.37,2,21900.0,5,762,0.3481,0
33934.3,1,17800.0,1,690,0.316,1
213291.37,8,52500.0,1,665,0.1742,0
71665.44,5,15400.0,0,734,0.543,0
40024.34,1,13200.0,3,715,0.2101,0
99087.81,2,52400.0,4,655,0.1642,0
56385.66,4,20500.0,3,795,0.1334,0
52099.74,6,4300.0,4,517,0.1631,0
81572.71,2,33600.0,4,625,0.2853,1
29421.02,11,8600.0,1,709,0.0837,0
72688.97,7,15000.0,3,671,0.5706,0
171463.41,8,40400.0,1,727,0.271,0
77373.35,4,33100.0,2,570,0.3243,0
48682.91,4,18200.0,3,656,0.5994,1
45301.35,1,1700.0,5,761,0.406,0
47777.64,2,27800.0,0,563,0.4516,1
52068.76,4,17000.0,5,657,0.2226,0
48640.24,5,19500.0,5,635,0.4228,1
99108.58,5,37300.0,2,702,0.3915,0
23080.31,1,8600.0,2,704,0.3919,0
96191.86,2,12600.0,3,682,0.146,0
48589.97,5,10800.0,4,653,0.2432,0
73667.82,5,36500.0,2,680,0.3078,0
32214.01,3,2100.0,0,663,0.2705,0
124336.53,6,53400.0,2,673,0.299,0
118788.42,6,41600.0,1,784,0.2896,0
101496.01,14,53600.0,1,585,0.2246,0
26026.87,4,5700.0,1,701,0.283,0
94468.01,3,10800.0,4,604,0.1523,0
74807.27,2,20400.0,0,822,0.3976,0
24762.87,1,14500.0,2,682,0.6624,1
59079.33,6,28700.0,3,580,0.1459,0
73166.57,6,28700.0,1,658,0.2278,0
81295.13,1,27900.0,5,566,0.5582,1
66005.53,6,14200.0,1,628,0.5869,1
70275.41,5,7700.0,1,721,0.1643,0
134657.02,3,21000.0,0,777,0.4132,0
117514.69,0,70000.0,2,756,0.3447,0
18000.0,6,5500.0,2,667,0.3181,0
50282.32,11,31100.0,5,718,0.1964,0
54690.32,2,14900.0,2,736,0.2372,0
22841.76,5,8200.0,1,844,0.1191,0
63057.4,6,17800.0,1,630,0.2327,0
118992.62,0,8800.0,4,788,0.2497,0
32938.18,2,18300.0,2,593,0.218,0
72043.15,1,24800.0,4,763,0.2522,0
36181.28,11,6200.0,2,628,0.1609,0
41375.67,0,21200.0,0,624,0.4472,1
134937.43,3,23300.0,2,654,0.13,0
44426.58,5,6300.0,3,617,0.5116,1
77204.8,2,37200.0,1,707,0.3232,0
21393.24,0,8300.0,1,767,0.3645,0
166753.95,3,97100.0,1,517,0.1651,0
83404.61,2,8800.0,2,662,0.3708,0
54156.06,5,15300.0,2,594,0.2768,1
82170.41,7,47100.0,3,743,0.1624,0
27573.19,1,17700.0,4,782,0.4912,0
114736.32,2,53500.0,0,662,0.3466,1
50101.61,2,18500.0,2,622,0.2022,0
53517.38,7,17500.0,2,554,0.2789,0
45687.93,4,13000.0,4,821,0.1972,0
43505.46,1,17500.0,1,774,0.2785,0
87734.36,8,48200.0,3,527,0.1804,0
68923.24,2,27800.0,1,724,0.4225,0
85687.44,3,14500.0,2,592,0.4288,0
59585.23,2,12500.0,3,637,0.3871,1
79400.5,4,40100.0,1,581,0.3357,0
47554.57,3,13600.0,3,525,0.2067,0
204097.38,10,97200.0,1,672,0.4347,0
25276.7,4,1000.0,0,817,0.5455,0
119792.4,2,49800.0,1,606,0.4066,0
127051.67,4,71000.0,3,742,0.3555,0
37470.63,10,10800.0,4,754,0.3885,0
204045.95,1,64300.0,1,729,0.4823,0
103519.95,6,18000.0,2,825,0.335,0
102142.73,0,14800.0,3,747,0.0783,0
60804.08,9,37400.0,1,810,0.483,0
53131.52,3,19500.0,5,589,0.3653,1
53360.45,2,23800.0,2,731,0.2977,0
74220.21,10,4400.0,2,788,0.3833,0
129398.55,4,40400.0,2,617,0.2773,0
66152.82,4,35600.0,0,414,0.2554,1
36268.54,3,7000.0,3,580,0.4108,1
94224.44,3,23800.0,1,621,0.3382,0
99372.72,0,16100.0,1,717,0.2816,0
85824.75,6,20200.0,4,633,0.2847,0
90221.62,1,46800.0,0,675,0.1933,0
51585.17,7,33300.0,2,630,0.363,0
35920.23,1,22500.0,0,665,0.3768,0
37141.63,4,6600.0,0,670,0.3037,0
24355.07,2,9500.0,3,628,0.1624,0
68208.31,3,23800.0,2,737,0.4562,0
57188.22,3,12000.0,2,779,0.1853,0
47004.88,5,11400.0,2,589,0.4936,1
18000.0,10,3200.0,0,691,0.451,0
30151.06,3,11400.0,2,568,0.5532,1
110908.67,0,28400.0,3,544,0.353,0
41541.81,9,11800.0,4,753,0.5517,0
73008.08,6,35200.0,2,826,0.6078,0
27864.9,1,17200.0,5,650,0.3773,1
132096.5,1,63000.0,3,812,0.2574,0
55314.19,5,13600.0,1,626,0.4892,0
70229.39,4,27700.0,1,657,0.394,1
215168.97,11,35000.0,4,800,0.1258,0
137866.63,6,23500.0,0,607,0.4107,1
50583.91,2,9000.0,1,744,0.3329,0
43205.75,2,19100.0,3,649,0.6521,1
50058.63,4,12100.0,2,621,0.4242,1
79256.45,0,38300.0,0,637,0.2961,0
56507.39,1,20600.0,3,512,0.4059,1
48175.97,1,21500.0,1,770,0.1153,0
134181.64,2,71100.0,3,692,0.2682,0
56228.81,4,13300.0,2,664,0.5084,0
212091.7,6,81300.0,2,623,0.3324,0
62938.19,9,31800.0,0,698,0.2098,0
159839.44,8,44800.0,0,741,0.8001,0
72876.8,7,26300.0,2,654,0.2912,0
101684.31,3,12900.0,3,747,0.2729,0
40193.63,2,8300.0,4,696,0.189,1
37437.66,5,21500.0,4,668,0.265,0
77098.44,5,16900.0,2,743,0.5438,0
103125.74,1,9800.0,2,637,0.1796,0
61214.6,3,19200.0,0,581,0.5575,1
29509.98,2,10500.0,0,671,0.4384,0
28335.14,1,2400.0,2,678,0.3246,1
27311.82,5,7400.0,2,658,0.2657,0
22647.57,7,2800.0,1,764,0.2282,0
63590.35,11,16300.0,3,713,0.7754,0
111165.37,3,53700.0,5,666,0.1725,0
59433.98,1,25800.0,2,675,0.2843,0
18000.0,12,14400.0,7,681,0.4599,0
53910.56,13,10800.0,0,714,0.4053,0
54746.05,20,26000.0,0,679,0.4835,0
189624.16,15,70600.0,2,663,0.3573,0
26864.85,5,19000.0,1,575,0.2575,0
48297.13,4,18000.0,2,622,0.3344,0
153003.94,6,90200.0,1,696,0.272,0
76687.05,1,14500.0,6,689,0.4178,1
81619.39,2,34200.0,0,564,0.2329,0
63768.94,3,40300.0,2,633,0.5338,1
71787.74,8,35400.0,2,605,0.2635,0
91829.17,8,40400.0,2,777,0.3756,0
38360.46,4,8000.0,1,694,0.186,0
97045.21,1,48700.0,4,707,0.6839,1
28137.21,7,8300.0,3,670,0.131,0
71725.56,1,9600.0,1,628,0.3228,1
66059.26,2,11100.0,6,642,0.3192,1
42660.93,5,22000.0,3,712,0.5971,0
59131.74,1,7500.0,3,655,0.3703,0
42514.6,2,10200.0,4,713,0.2351,0
33208.6,8,9100.0,3,686,0.3409,0
49291.74,6,4000.0,1,697,0.2895,0
32624.09,1,6700.0,1,701,0.5155,0
71506.14,5,33700.0,1,636,0.2733,0
31807.36,0,6200.0,1,652,0.3391,0
88573.44,6,25600.0,2,743,0.1303,0
31262.87,2,9400.0,2,812,0.4826,0
43850.34,3,9200.0,2,744,0.1211,0
42466.39,4,14700.0,4,466,0.134,0
124098.48,1,11600.0,0,618,0.1995,0
71801.42,2,24100.0,0,684,0.1441,0
53292.26,11,9000.0,0,593,0.347,0
78770.65,3,46300.0,4,589,0.2767,0
18789.33,4,9700.0,2,644,0.2251,0
58470.44,4,22600.0,0,701,0.3443,0
179626.11,9,49800.0,2,721,0.3851,0
64394.96,7,19200.0,2,647,0.3042,0
62152.87,1,33900.0,0,642,0.3205,0
80940.58,10,18800.0,4,612,0.3695,0
97986.29,12,36400.0,1,713,0.2388,0
19958.16,1,13800.0,0,708,0.1231,0
23735.34,3,11400.0,1,743,0.2481,0
67215.57,4,5100.0,2,685,0.3097,0
40409.41,3,8300.0,3,577,0.2432,1
123206.11,6,72100.0,0,649,0.3215,1
50344.97,3,7800.0,2,739,0.1923,0
20661.1,2,8200.0,2,545,0.2301,0
29809.8,6,7000.0,1,669,0.295,0
18000.0,0,5300.0,1,696,0.6187,0
52639.97,5,20900.0,2,825,0.1126,0
53981.07,6,6500.0,1,630,0.272,0
47407.96,9,19300.0,4,666,0.2441,0
108378.33,4,36100.0,3,802,0.3241,0
115749.76,1,50100.0,7,631,0.2565,0
54518.01,4,25600.0,2,756,0.5182,0
18507.26,0,4700.0,1,704,0.5009,0
84078.39,5,42800.0,1,658,0.5836,1
81263.17,8,25200.0,2,709,0.3885,0
70980.85,4,25800.0,3,664,0.2431,0
102725.32,3,1900.0,3,844,0.2977,0
31550.49,7,10900.0,2,520,0.3562,0
180740.12,5,50300.0,2,654,0.5399,0
35323.89,6,12300.0,1,656,0.3531,0
90406.61,15,38500.0,4,665,0.2062,0
23669.88,3,6200.0,1,756,0.1903,0
35895.04,5,17500.0,3,641,0.3486,0
137861.21,10,14200.0,3,712,0.2686,0
51870.48,10,9200.0,1,692,0.2341,0
95030.9,6,22800.0,1,738,0.4303,0
68208.57,3,30500.0,3,665,0.1737,0
56515.66,6,12600.0,4,699,0.432,0
126768.48,6,45000.0,3,666,0.282,0
52566.68,7,35900.0,4,601,0.365,1
22484.78,1,1700.0,3,795,0.5056,0
38492.47,12,18400.0,1,618,0.2177,0
81077.07,10,8900.0,0,639,0.435,0
74423.72,4,16200.0,2,611,0.3301,1
25288.83,9,17900.0,4,705,0.3301,0
40199.57,4,18700.0,2,639,0.1946,0
43479.87,11,18900.0,1,789,0.4002,0
48971.4,4,18200.0,1,715,0.3908,0
28092.21,2,3800.0,2,654,0.2263,0
42378.48,14,23300.0,2,607,0.4234,0
40105.32,7,16200.0,2,667,0.3693,0
91522.79,3,16700.0,1,714,0.2659,0
93434.57,11,35100.0,1,672,0.4358,0
55259.98,6,27900.0,0,664,0.3319,0
48260.95,3,17300.0,2,598,0.2561,0
64663.9,11,24500.0,0,843,0.3742,0
38211.19,7,15600.0,1,660,0.2542,0
31864.33,5,17300.0,1,572,0.5102,1
35699.01,4,25700.0,2,594,0.3973,1
42228.59,2,13000.0,2,649,0.4133,1
31574.0,0,8100.0,3,821,0.2685,0
65455.96,7,22100.0,3,662,0.5268,1
89441.82,1,48900.0,2,647,0.5306,0
25011.62,2,14500.0,5,738,0.2991,0
60707.39,4,32200.0,2,744,0.5672,0
53052.4,4,29500.0,3,724,0.331,0
72245.82,2,41700.0,4,690,0.1224,0
59449.57,7,6400.0,3,592,0.2732,0
26917.19,1,2500.0,2,619,0.6248,1
29902.16,6,10100.0,2,556,0.5021,1
60850.97,3,6800.0,1,658,0.3124,0
105432.85,2,35300.0,4,643,0.2937,0
18000.0,1,10500.0,3,635,0.2058,0
72413.62,5,30700.0,2,696,0.245,1
115184.69,1,28600.0,2,626,0.2416,0
55041.12,1,15900.0,1,649,0.419,0
81032.97,10,42000.0,2,639,0.1937,0
40672.68,1,18600.0,0,673,0.2241,0
56069.57,1,18100.0,5,702,0.1739,0
24550.75,6,7100.0,1,574,0.3419,0
18000.0,5,10500.0,3,709,0.5098,0
100561.14,2,50500.0,2,695,0.486,1
34830.64,2,10800.0,5,706,0.355,0
46604.84,2,22800.0,2,685,0.2678,0
27930.0,3,14600.0,2,702,0.2263,0
27570.91,6,17400.0,1,644,0.7113,1
54414.68,5,22200.0,1,708,0.3368,0
40084.0,3,29500.0,1,761,0.3065,0
73709.28,3,33400.0,4,638,0.4492,1
76795.1,6,28000.0,4,641,0.2542,0
71429.58,2,20500.0,2,722,0.3687,0
68270.32,1,16300.0,3,633,0.3419,1
142596.25,9,82100.0,1,621,0.2986,1
33283.71,3,16700.0,0,707,0.3249,0
58092.15,13,14600.0,3,643,0.7017,0
111633.83,3,9800.0,2,767,0.5443,0
120029.99,4,19300.0,2,640,0.3016,0
27392.65,2,5100.0,0,614,0.1213,0
50423.09,5,25900.0,3,675,0.246,0
126369.65,3,33700.0,1,708,0.3678,0
79177.19,3,9700.0,2,699,0.6375,0
66662.29,4,38600.0,4,715,0.353,0
53118.12,3,22500.0,2,634,0.3939,1
48480.14,5,5400.0,2,760,0.2674,0
70159.08,2,11700.0,2,551,0.4828,1
52114.28,4,8100.0,3,616,0.6361,1
58488.29,0,8600.0,4,678,0.4213,0
62519.22,1,24600.0,1,623,0.1184,0
41235.74,2,9900.0,2,652,0.2596,0
80231.47,1,18800.0,1,601,0.3196,0
297400.37,1,101200.0,2,659,0.2591,0
22531.22,5,11200.0,2,710,0.3823,0
71553.94,3,25000.0,2,635,0.1748,0
39414.75,3,12700.0,1,609,0.485,0
82254.34,5,24700.0,3,640,0.3524,0
61427.11,5,37500.0,3,758,0.2817,0
91036.89,2,26300.0,4,757,0.5377,0
114293.92,8,33500.0,2,639,0.4154,0
66558.17,3,27500.0,2,713,0.178,0
111594.69,6,20800.0,2,674,0.1771,0
18000.0,2,7400.0,2,771,0.4763,0
143594.52,4,87000.0,3,689,0.4212,1
73591.45,6,27200.0,2,660,0.207,0
108316.62,6,48000.0,0,795,0.4104,0
30609.58,5,15100.0,5,606,0.5841,1
37914.03,2,18300.0,3,699,0.1737,0
64878.14,1,35200.0,3,777,0.3264,0
59315.69,1,12400.0,4,725,0.451,0
69960.62,3,28500.0,5,618,0.3153,0
108714.81,2,24900.0,3,614,0.3476,0
22677.51,5,6100.0,3,569,0.4031,0
102293.41,4,34800.0,2,786,0.1885,0
60147.49,1,15800.0,1,590,0.2854,0
53525.85,7,21000.0,1,729,0.6758,0
26659.12,4,2200.0,1,568,0.14,0
78958.43,2,32700.0,2,850,0.3662,0
18000.0,2,10400.0,0,574,0.3575,1
85529.51,9,13100.0,3,678,0.3007,0
26353.12,1,8600.0,0,766,0.2578,0
61660.69,9,15800.0,2,622,0.2028,0
56075.66,3,11000.0,1,717,0.4869,0
113919.35,3,28300.0,4,654,0.2653,0
54270.69,5,25300.0,4,704,0.1064,0
40872.95,1,22400.0,1,756,0.3119,0
45313.87,4,29800.0,0,643,0.5421,1
120582.03,6,28800.0,1,787,0.3434,0
80415.59,2,19200.0,1,701,0.2228,0
48431.39,4,24200.0,1,821,0.2446,0
52572.82,13,28800.0,3,613,0.2888,1
25287.17,7,1400.0,4,627,0.2736,0
74136.32,2,27100.0,2,658,0.2538,0
22745.02,2,1000.0,2,584,0.3255,1
90534.66,3,39100.0,3,744,0.3765,0
64263.16,7,33200.0,3,669,0.4557,0
222531.4,2,77800.0,1,589,0.2251,0
32693.3,6,19000.0,3,613,0.4009,0
56587.07,6,11700.0,1,610,0.189,0
160983.67,4,87000.0,1,744,0.3479,0
115296.73,7,17800.0,3,709,0.2808,0
40826.37,2,20600.0,0,665,0.2213,0
67723.06,8,10300.0,3,648,0.112,0
59940.02,0,9100.0,4,657,0.2463,0
69917.81,2,18300.0,4,809,0.2222,0
40770.98,0,11300.0,2,657,0.4847,1
57003.83,2,9800.0,2,739,0.2272,0
24861.39,6,8400.0,1,650,0.5267,1
64493.38,5,22400.0,5,801,0.4094,0
76688.83,4,39300.0,1,584,0.3686,0
52834.48,2,26100.0,4,736,0.2666,0
24630.04,3,15000.0,0,618,0.3109,0
103124.53,8,62000.0,2,841,0.245,0
73166.19,2,33400.0,3,727,0.4532,0
40162.61,2,20100.0,3,547,0.3249,1
51311.48,2,23300.0,2,605,0.1822,0
26229.29,4,10400.0,2,726,0.3276,0
34064.96,5,8300.0,3,724,0.1893,0
44542.71,6,16900.0,3,719,0.5566,0
117669.07,3,61700.0,1,687,0.4011,1
42119.8,3,16500.0,0,651,0.195,0
85145.56,2,49200.0,2,757,0.1902,0
44530.34,5,17200.0,2,610,0.2675,1
68622.19,1,27900.0,1,679,0.2279,0
55394.33,3,7600.0,1,628,0.4992,0
96778.6,3,25400.0,2,623,0.1448,0
44616.27,6,30400.0,5,641,0.2514,0
25212.86,1,10300.0,0,620,0.2163,0
27999.11,6,9000.0,0,716,0.4797,0
44688.32,5,23200.0,2,564,0.4554,1
30122.18,11,3100.0,3,707,0.5311,0
75028.0,10,26000.0,1,627,0.4403,0
46343.09,8,30900.0,0,677,0.2105,0
221025.55,0,110500.0,1,662,0.168,0
23023.18,1,12700.0,1,638,0.5009,1
66969.88,7,35300.0,4,766,0.2921,0
32196.91,3,8500.0,0,647,0.4413,0
45644.08,10,15300.0,1,728,0.4762,0
64717.1,4,19100.0,0,729,0.2673,0
18000.0,6,11400.0,2,655,0.2979,0
68203.72,5,14600.0,3,581,0.3304,0
170518.51,4,71600.0,8,609,0.2907,0
46658.43,7,12700.0,0,771,0.0833,0
69071.28,6,33500.0,2,712,0.4375,0
105209.3,1,55700.0,4,685,0.3301,1
54711.3,14,3500.0,2,632,0.2345,0
43498.07,1,13900.0,2,805,0.3084,0
18000.0,2,1600.0,2,610,0.2764,0
85181.96,6,32100.0,2,685,0.4946,0
56261.03,5,22500.0,1,713,0.1885,0
34304.23,6,6700.0,4,577,0.2003,0
64191.64,3,24900.0,1,618,0.3234,0
43433.04,5,23800.0,1,641,0.4039,0
44773.23,2,29000.0,3,740,0.2302,0
83571.69,4,16100.0,2,642,0.3141,0
28678.12,9,12000.0,5,567,0.3863,1
106513.12,1,43000.0,1,560,0.2457,0
27757.81,7,11700.0,2,617,0.5924,1
41585.81,3,14200.0,2,563,0.5757,1
172408.24,2,64600.0,2,733,0.4252,0
111306.74,2,16700.0,2,736,0.2017,0
63176.15,3,35800.0,2,676,0.3951,0
35692.95,8,12000.0,1,655,0.3787,0
44752.39,5,19900.0,1,731,0.2248,0
62336.44,1,3300.0,2,728,0.1859,0
61122.65,7,27100.0,2,601,0.0941,0
56955.24,6,8800.0,3,611,0.5527,1
58867.36,0,34000.0,2,728,0.2168,0
53214.9,2,8300.0,2,695,0.5115,1
27089.78,8,13700.0,1,721,0.5314,0
45067.61,4,19900.0,2,608,0.2959,0
99016.64,7,20600.0,1,619,0.1362,0
28209.56,0,8900.0,3,710,0.2112,0
53946.3,0,32900.0,0,624,0.2886,1
38144.44,6,21600.0,2,561,0.5476,1
63655.61,2,12000.0,3,625,0.172,0
48351.46,6,24900.0,2,660,0.1913,0
134937.44,7,31300.0,1,803,0.5577,0
79112.07,2,42000.0,3,612,0.253,1
29100.43,3,12700.0,6,670,0.6187,1
86610.42,3,34600.0,0,828,0.3988,0
39102.49,2,6800.0,4,593,0.164,0
43593.01,4,19100.0,1,725,0.3014,0
71153.9,7,26100.0,3,622,0.4353,1
45685.62,2,6900.0,1,705,0.3269,0
97838.23,2,29900.0,1,850,0.3896,0
39105.54,2,10500.0,1,734,0.4231,0
42598.72,6,12000.0,0,686,0.1961,0
41730.85,7,6300.0,2,604,0.2531,0
43866.17,3,4000.0,1,662,0.3449,0
109595.91,0,46000.0,0,633,0.7507,1
84612.56,1,20100.0,2,566,0.1251,0
153348.62,3,57300.0,1,515,0.1802,0
208397.86,2,60100.0,0,613,0.5062,1
33965.67,1,19100.0,1,673,0.2767,0
62238.59,4,12900.0,2,759,0.2268,0
31353.77,16,2100.0,4,620,0.2892,0
39039.01,1,13200.0,1,689,0.1495,0
42338.61,4,22600.0,2,547,0.371,1
33475.36,5,8000.0,2,615,0.2094,0
33572.48,6,9600.0,2,491,0.1281,0
55306.38,4,33500.0,4,843,0.3788,0
30662.78,1,16100.0,1,690,0.4712,0
95146.19,7,16400.0,4,687,0.3774,0
36142.89,1,6300.0,3,715,0.3579,0
280762.09,3,143600.0,2,850,0.4025,0
46711.17,3,25400.0,4,642,0.1597,1
62293.33,1,32000.0,3,601,0.4625,1
29365.11,2,1000.0,0,825,0.4538,0
153024.06,6,25700.0,5,583,0.448,0
110826.96,3,54400.0,0,772,0.1908,0
70495.47,1,24400.0,0,669,0.2308,0
28545.61,6,1000.0,0,708,0.3063,0
67229.46,11,21100.0,0,567,0.1363,0
32312.61,1,17600.0,3,850,0.4901,0
133825.96,3,59400.0,0,646,0.1967,0
93438.35,4,15300.0,4,622,0.5864,0
63100.97,1,10300.0,0,716,0.3061,0
18000.0,8,1800.0,4,627,0.0899,0
34860.9,4,17500.0,3,707,0.0757,0
87401.58,7,35900.0,5,580,0.5074,1
116667.82,5,27300.0,2,686,0.3765,0
110199.03,8,56200.0,4,630,0.2338,0
24944.11,5,10300.0,2,616,0.2352,1
70675.47,3,28400.0,2,604,0.1662,0
104666.39,5,32500.0,1,741,0.3718,0
24050.61,2,5200.0,2,649,0.3041,0
59614.4,6,15000.0,1,661,0.2945,0
69606.51,1,21700.0,2,707,0.2187,0
50745.56,3,10800.0,3,761,0.1708,0
21618.64,3,1000.0,2,606,0.2187,0
50054.42,4,12900.0,2,692,0.2582,0
50010.19,9,13600.0,5,607,0.1149,0
55191.28,2,21000.0,3,659,0.1693,0
43918.49,6,24500.0,4,755,0.1997,0
46926.76,8,19400.0,3,499,0.2102,0
58580.76,6,13700.0,2,606,0.2973,0
76370.37,4,38100.0,4,658,0.437,1
50643.45,4,20500.0,3,704,0.3454,0
47795.8,2,16700.0,2,766,0.3135,0
62994.0,1,36700.0,0,548,0.3818,0
20816.4,4,10100.0,1,781,0.2595,0
77836.78,9,27300.0,0,714,0.2917,0
59855.6,9,22300.0,1,657,0.5746,0
61195.65,1,11500.0,2,565,0.3932,0
101559.88,9,29600.0,2,632,0.293,0
20454.36,5,11700.0,0,752,0.2716,0
20219.27,5,1000.0,2,677,0.2915,0
69605.03,9,13800.0,1,661,0.2313,0
59640.24,7,32400.0,2,602,0.4699,1
65748.84,1,20300.0,3,730,0.1659,0
46435.99,2,12600.0,2,664,0.1717,0
86283.57,1,43200.0,0,657,0.3197,0
100002.59,5,57700.0,1,668,0.3104,0
78134.76,2,31000.0,2,627,0.3597,0
51872.51,2,24400.0,1,614,0.2558,0
18784.19,8,9100.0,3,561,0.3186,0
91407.24,5,46400.0,4,629,0.1879,1
117236.76,5,58400.0,2,540,0.22,0
85349.27,13,21500.0,0,711,0.1923,0
36908.48,0,20000.0,0,625,0.1467,1
86732.76,2,37100.0,4,646,0.4876,1
96114.1,3,23100.0,1,672,0.3521,0
141117.61,2,16200.0,1,615,0.2803,0
36980.26,7,4200.0,3,587,0.3799,1
52862.53,3,15600.0,1,692,0.35,1
90309.65,1,22200.0,2,817,0.1617,0
61794.86,5,10100.0,4,743,0.502,0
32385.62,5,22000.0,1,771,0.366,0
75209.96,1,28100.0,2,578,0.2163,0
82311.32,3,50200.0,1,661,0.2239,0
62842.04,5,35500.0,1,660,0.4816,0
67560.02,8,10300.0,0,782,0.1352,0
51933.11,2,31800.0,3,744,0.2627,0
135003.15,6,25600.0,1,663,0.241,0
36483.64,2,10200.0,0,503,0.5141,1
43346.17,4,22200.0,3,588,0.338,0
60237.0,2,17800.0,1,722,0.2166,0
97093.01,5,47300.0,3,651,0.4984,0
26276.88,7,15000.0,2,667,0.1622,0
29124.55,3,6400.0,2,721,0.5042,0
19521.06,3,1000.0,2,760,0.3371,0
60960.56,3,37400.0,3,617,0.4361,1
32368.2,1,14800.0,2,719,0.2724,0
48460.17,6,7800.0,2,796,0.4128,0
86142.48,8,40700.0,2,782,0.2702,0
42072.58,2,26900.0,1,635,0.2587,1
67996.06,4,40100.0,4,697,0.1314,0
50785.4,5,20600.0,3,731,0.2709,0
86652.65,2,28200.0,4,677,0.4876,1
77755.18,9,5900.0,1,656,0.2582,0
40922.55,4,14400.0,3,545,0.2074,0
54570.11,1,6800.0,2,610,0.6082,0
106304.07,8,17300.0,3,623,0.3389,0
74336.49,3,29600.0,1,580,0.1223,0
27768.87,3,10800.0,1,683,0.4063,1
85870.01,6,22300.0,1,740,0.714,0
32973.65,2,11900.0,2,644,0.4257,0
130207.18,9,44700.0,3,510,0.3086,0
105161.69,8,14400.0,0,666,0.3214,0
70223.41,10,6100.0,1,696,0.356,0
65282.42,13,40800.0,4,690,0.5061,0
53371.5,5,5100.0,1,621,0.3871,0
86958.67,4,5200.0,6,585,0.1735,0
48828.63,2,19000.0,0,741,0.1873,0
68156.61,6,1100.0,1,701,0.4225,0
96718.88,13,34600.0,2,624,0.4234,0
43958.72,1,10000.0,3,562,0.3423,1
42663.28,5,10700.0,1,692,0.1776,0
31042.08,1,23200.0,4,608,0.5578,1
33340.89,1,1400.0,2,704,0.5562,0
21903.08,8,14900.0,1,687,0.1491,0
89447.38,7,41900.0,3,831,0.4007,0
161927.34,2,55000.0,1,669,0.1719,0
131128.22,1,57500.0,2,825,0.2369,0
24481.02,10,10600.0,1,681,0.3164,0
89203.01,1,14000.0,1,625,0.3516,0
130896.01,1,51700.0,4,596,0.2497,1
46571.99,2,30600.0,1,609,0.3251,0
63309.84,5,5400.0,2,707,0.3305,0
19844.04,14,3400.0,4,685,0.3249,0
69334.99,2,9600.0,0,537,0.2475,0
33357.64,8,22000.0,2,752,0.3379,0
66822.78,4,19800.0,2,786,0.3432,0
25370.4,0,3700.0,3,536,0.397,1
80706.31,2,16700.0,2,751,0.3622,0
105185.63,8,30200.0,1,801,0.4193,0
38919.52,7,13600.0,2,540,0.1047,0
32038.47,2,3000.0,1,640,0.4919,0
18291.42,6,8300.0,5,611,0.5515,1
51713.42,3,14400.0,2,748,0.2355,0
43482.91,5,12800.0,6,644,0.5372,1
25512.9,9,12300.0,1,641,0.192,0
76815.39,2,31700.0,0,707,0.1879,0
46747.51,3,25200.0,3,792,0.2288,0
33134.99,9,21300.0,0,670,0.3869,0
44133.98,13,14500.0,4,640,0.2701,0
107927.77,7,52400.0,1,654,0.4575,0
83417.66,5,10100.0,2,724,0.2776,0
55741.8,7,24600.0,2,575,0.1653,0
84162.75,2,24300.0,1,674,0.3252,0
31618.52,4,9000.0,2,605,0.5262,0
60949.66,1,31400.0,1,585,0.3689,1
64927.55,2,14200.0,1,529,0.2361,1
46239.51,5,22000.0,2,636,0.2054,0
76077.06,4,38800.0,3,756,0.1836,0
38978.35,0,10300.0,2,526,0.4995,0
79253.07,3,41100.0,3,716,0.3595,0
81106.82,4,22200.0,1,626,0.2267,0
18000.0,4,1000.0,0,595,0.2356,0
115228.01,1,47000.0,1,701,0.1339,0
18000.0,6,7400.0,1,773,0.3637,0
42666.66,12,12900.0,0,787,0.2822,0
105233.97,7,51000.0,0,696,0.4362,0
50286.52,4,11600.0,0,670,0.5007,0
26731.49,10,11900.0,1,704,0.5111,0
32808.56,2,1000.0,3,850,0.2195,0
105324.17,6,56500.0,0,653,0.2093,0
20809.66,4,10500.0,5,760,0.2824,0
111406.96,10,17600.0,5,631,0.4843,0
58086.81,2,12800.0,1,613,0.6592,1
31075.73,2,5300.0,4,808,0.2851,0
43446.55,9,28500.0,3,675,0.1462,0
34218.67,5,15400.0,1,692,0.3287,0
96415.65,9,15400.0,0,716,0.4543,0
89575.34,2,38900.0,1,608,0.4607,1
23259.32,2,7300.0,1,642,0.1635,0
47955.29,5,15200.0,1,627,0.4793,0
37244.07,1,7700.0,3,700,0.5505,0
121957.81,5,65300.0,2,702,0.1814,0
28493.91,3,8600.0,5,630,0.4492,0
144686.7,4,75600.0,4,827,0.1778,0
58787.7,6,27200.0,0,673,0.4726,0
31600.75,6,15700.0,3,683,0.5576,0
41253.83,12,4800.0,6,776,0.1978,0
38526.81,8,8900.0,4,609,0.1722,0
29701.71,0,19300.0,1,636,0.3731,0
63079.73,2,31300.0,3,696,0.4404,0
30474.53,2,13200.0,3,564,0.2856,0
18048.15,7,7400.0,2,657,0.3292,0
48590.24,11,24900.0,2,829,0.4239,0
22212.91,1,3300.0,1,812,0.26,0
39589.2,8,21300.0,2,742,0.5239,0
36315.26,4,17100.0,4,764,0.1761,0
37079.93,4,10500.0,5,712,0.4731,1
179967.17,2,100800.0,3,643,0.2662,0
61760.94,3,26500.0,3,798,0.3945,0
68525.01,5,44900.0,2,604,0.2269,0
22538.52,3,13500.0,1,748,0.3122,0
41786.15,5,8800.0,4,637,0.0733,0
67401.09,4,45400.0,2,641,0.347,0
34081.47,3,11300.0,1,715,0.2207,0
98659.97,6,57000.0,1,828,0.3827,0
30900.17,5,6800.0,0,782,0.6019,0
51149.02,0,22700.0,2,700,0.1686,0
43376.43,5,16900.0,2,680,0.2221,0
65537.41,5,13900.0,2,734,0.4318,0
42096.95,8,20400.0,5,777,0.2195,0
51586.15,5,9500.0,5,543,0.3966,1
52581.96,3,7500.0,3,665,0.307,0
39978.09,2,24400.0,4,596,0.0963,0
78182.54,1,27100.0,3,659,0.3711,0
68262.35,4,35000.0,1,581,0.3212,0
57025.99,2,21900.0,3,540,0.2721,0
47251.89,9,12200.0,3,576,0.3369,1
92790.47,4,26200.0,3,633,0.4133,0
52590.52,1,31000.0,1,719,0.1552,0
50580.25,0,21800.0,3,614,0.4495,0
63422.85,1,17100.0,4,610,0.2543,0
152226.17,5,81800.0,2,705,0.3022,0
28647.0,10,9400.0,5,697,0.3811,0
91438.44,6,27300.0,0,803,0.6553,0
21136.48,4,13100.0,5,745,0.1648,0
67474.18,13,13300.0,2,598,0.299,0
142385.8,7,37500.0,2,625,0.5227,1
78336.4,5,35700.0,1,731,0.075,0
65765.05,3,31900.0,2,609,0.2674,0
43991.55,10,12400.0,1,651,0.3401,0
60905.33,3,16600.0,3,547,0.2706,1
52123.2,2,4800.0,3,577,0.3226,1
38859.69,4,17100.0,2,769,0.4262,0
51050.39,4,12500.0,3,688,0.5141,0
66776.71,7,35600.0,2,628,0.3004,0
39262.71,2,23200.0,3,638,0.2368,1
38428.13,2,14800.0,1,804,0.1687,0
28335.37,2,20700.0,2,626,0.4169,0
74228.15,4,37500.0,2,711,0.4786,0
80815.8,1,49700.0,2,740,0.1443,0
68010.22,9,16900.0,1,783,0.2481,0
101807.98,1,23700.0,0,611,0.27,0
62838.75,10,28200.0,2,570,0.4528,1
74280.67,7,27600.0,1,592,0.3778,1
70764.35,2,32800.0,0,730,0.313,0
56934.29,3,14300.0,2,824,0.3695,0
44714.27,2,25600.0,4,732,0.244,0
202356.03,7,100600.0,6,626,0.2069,0
46696.62,10,19400.0,4,764,0.3536,0
41513.22,21,10900.0,3,640,0.5304,0
76016.48,6,12800.0,2,613,0.3537,0
68769.8,1,8900.0,3,650,0.4214,0
27649.55,2,4500.0,2,631,0.4346,1
111020.82,5,41900.0,0,622,0.3307,1
56851.22,3,25100.0,2,767,0.5234,0
32499.76,7,3900.0,2,636,0.4129,0
115131.62,5,13600.0,5,556,0.3526,0
84467.45,2,15500.0,2,719,0.3752,0
29866.77,3,4800.0,3,603,0.174,0
159125.83,7,63500.0,2,606,0.5484,1
86020.3,5,21500.0,4,728,0.2567,0
59539.32,7,9600.0,4,621,0.1744,0
143576.08,1,84100.0,5,641,0.591,1
65356.6,2,30200.0,4,678,0.196,0
58956.45,9,29700.0,3,654,0.3551,0
41640.77,1,19700.0,2,643,0.146,0
82455.81,6,45600.0,3,499,0.2252,1
77818.28,1,11800.0,2,662,0.3012,0
60359.53,4,29400.0,1,796,0.5756,0
38774.09,3,10900.0,3,722,0.3505,0
64309.42,2,31900.0,5,647,0.2894,1
57619.17,4,24300.0,1,710,0.5472,0
28755.64,8,2700.0,2,722,0.3678,0
26648.9,2,14500.0,3,612,0.1407,0
81702.05,0,12000.0,3,769,0.267,0
18000.0,4,1000.0,3,687,0.3698,0
67035.38,2,25900.0,3,652,0.5673,1
46030.26,7,15100.0,2,794,0.2,0
122950.32,3,73300.0,0,520,0.4922,1
45642.4,2,31200.0,2,587,0.5241,1
86052.8,3,26200.0,2,723,0.3457,0
48131.75,8,26000.0,2,726,0.4872,0
63739.61,5,35000.0,0,799,0.3127,0
89792.8,1,47000.0,0,506,0.5381,1
46425.05,1,10700.0,3,739,0.2922,0
103580.58,10,51500.0,1,582,0.1824,0
34664.32,2,18100.0,2,706,0.5045,0
70405.46,8,18900.0,1,670,0.4096,0
99454.13,3,25100.0,1,739,0.3673,0
86078.99,2,24700.0,1,657,0.5071,0
171792.85,2,43200.0,1,751,0.384,0
39344.38,4,1000.0,3,613,0.3003,0
28042.26,0,8200.0,3,669,0.3491,0
34652.17,2,5900.0,2,689,0.3035,0
86098.17,13,32200.0,3,801,0.299,0
78736.15,15,38500.0,2,737,0.5473,0
63338.03,2,17800.0,2,690,0.1739,0
32285.5,6,7800.0,1,723,0.3207,0
91288.22,5,28200.0,2,756,0.3654,0
30528.39,1,5600.0,2,703,0.4039,0
113257.84,6,57200.0,0,598,0.1719,0
288252.22,3,144300.0,0,722,0.5892,0
73243.74,4,20400.0,1,673,0.2777,0
82512.86,7,25600.0,2,649,0.5602,0
45657.68,3,24100.0,3,616,0.7457,1
22123.21,3,13300.0,2,718,0.104,0
42980.61,6,20200.0,1,713,0.2153,0
32823.75,9,9300.0,0,603,0.4363,0
27015.0,6,3000.0,3,592,0.1721,0
154399.39,3,41600.0,5,817,0.5869,0
69569.0,8,26600.0,2,740,0.1299,0
73778.91,5,17900.0,1,682,0.3531,0
50515.61,10,32800.0,2,720,0.5221,0
54443.62,12,8500.0,5,640,0.4801,0
101773.28,6,50700.0,4,662,0.299,0
58818.67,9,20800.0,1,677,0.1726,0
80168.16,10,32900.0,1,747,0.3236,0
53755.3,4,17800.0,2,569,0.2064,0
49603.46,10,26200.0,4,598,0.6829,1
27617.29,4,2500.0,1,583,0.5244,1
20175.78,7,4600.0,1,739,0.3731,0
51851.59,4,30300.0,1,667,0.3055,0
61763.83,1,13100.0,3,606,0.347,0
29514.25,14,2600.0,0,658,0.2855,0
58749.55,7,14000.0,1,628,0.2966,0
61670.68,7,12100.0,1,567,0.3479,0
18291.57,5,7300.0,3,770,0.32,0
36195.19,10,16600.0,2,664,0.3407,0
74906.44,4,25300.0,5,771,0.2957,0
74078.62,4,44200.0,3,566,0.3429,1
31744.63,2,20600.0,2,713,0.4771,1
65326.07,5,17400.0,0,567,0.1201,0
105063.9,9,43000.0,1,850,0.3421,0
91802.07,4,31200.0,1,545,0.1029,0
56817.11,1,9600.0,3,810,0.384,0
46286.84,8,7700.0,2,674,0.2031,0
42355.8,6,22300.0,1,661,0.5701,1
77443.26,13,47400.0,1,719,0.4263,0
66656.46,2,39600.0,2,605,0.4294,1
84640.84,7,21000.0,1,734,0.5714,0
64378.22,1,13400.0,5,739,0.2526,0
93931.42,4,22700.0,4,676,0.204,0
63071.6,5,31800.0,2,694,0.4306,0
92187.4,1,51600.0,1,820,0.2714,0
96659.77,9,24100.0,5,724,0.4797,0
38465.24,7,11700.0,4,616,0.2728,0
22148.41,6,1800.0,3,731,0.2877,0
139933.29,1,37600.0,3,635,0.504,1
68951.75,2,32700.0,2,620,0.3091,0
23319.21,8,5300.0,3,713,0.3732,0
40432.91,4,16900.0,2,599,0.2993,0
91539.96,3,42200.0,6,678,0.2266,0
51337.55,9,4800.0,8,726,0.128,0
45178.03,5,2700.0,1,818,0.4686,0
129376.89,1,15400.0,3,723,0.2868,0
33657.53,8,19700.0,1,565,0.4367,1
38600.31,1,18600.0,0,576,0.1782,0
67256.07,4,31600.0,3,804,0.4059,0
74217.13,5,39900.0,1,627,0.3825,1
78667.76,7,25500.0,1,561,0.2822,0
98832.42,1,41900.0,5,600,0.4306,1
66783.96,0,25800.0,2,735,0.1599,1
78367.23,0,18300.0,1,683,0.5978,0
51918.73,10,13900.0,3,724,0.2141,0
61974.86,1,13900.0,1,673,0.1625,0
63522.14,12,10700.0,5,592,0.4726,1
67393.51,8,10300.0,3,541,0.1752,0
91573.47,2,47100.0,0,612,0.6704,1
81253.58,0,49100.0,5,684,0.3836,1
61348.09,4,6700.0,3,586,0.4268,0
38368.06,3,17500.0,1,749,0.4874,0
62144.6,10,19800.0,1,600,0.3112,0
58958.57,5,28800.0,1,551,0.5895,1
66586.02,4,29700.0,2,675,0.2244,0
201508.92,3,93800.0,2,732,0.3528,1
44887.96,7,10900.0,2,787,0.22,0
75528.02,4,41400.0,3,554,0.4815,1
107759.17,13,17800.0,1,782,0.3511,0
63189.98,1,21300.0,2,689,0.3666,1
216601.56,3,88000.0,1,628,0.1303,0
48634.01,6,15000.0,2,726,0.4305,0
71556.96,5,9300.0,2,777,0.2437,0
38586.46,13,20300.0,3,549,0.2391,0
49348.44,2,23200.0,2,643,0.1575,0
68659.42,0,29200.0,4,634,0.2956,0
95365.03,8,28500.0,1,722,0.4503,0
71360.67,5,15800.0,3,785,0.3326,0
119672.39,8,11800.0,4,681,0.4653,0
56827.13,5,17200.0,1,653,0.4212,1
49876.6,0,7200.0,2,708,0.2729,0
264922.29,6,38600.0,0,657,0.1978,0
74371.7,2,24000.0,4,512,0.365,1
40307.19,3,16300.0,0,714,0.4432,0
40870.14,4,10600.0,1,749,0.3078,0
35650.77,1,12400.0,1,756,0.5042,0
100219.01,2,43200.0,4,588,0.2866,0
49000.83,7,22500.0,2,721,0.1764,0
64218.68,7,24700.0,3,790,0.3685,0
57818.86,1,33600.0,1,850,0.3163,0
89529.26,5,34400.0,1,711,0.63,0
37582.39,8,19900.0,6,749,0.2422,0
33137.98,4,15200.0,1,601,0.2172,0
67735.35,5,31700.0,2,591,0.2603,1
83326.98,1,46900.0,1,749,0.4724,0
71890.02,9,19400.0,4,522,0.4337,0
38361.15,1,10500.0,3,687,0.331,0
86908.98,3,40400.0,4,782,0.5782,0
39770.33,8,22900.0,2,728,0.4713,0
44943.15,11,7100.0,3,728,0.205,0
35625.81,3,9900.0,2,671,0.3245,1
122471.92,16,58700.0,2,644,0.2498,0
84828.08,5,12000.0,4,837,0.3852,0
83512.06,4,31600.0,2,768,0.6314,0
118891.46,2,54700.0,2,738,0.17,0
281238.15,3,71100.0,2,677,0.2273,0
23386.77,5,14700.0,2,631,0.459,1
39890.48,6,7400.0,2,756,0.3443,0
42663.7,6,21800.0,3,652,0.4564,0
37498.24,3,19300.0,3,681,0.3917,1
33101.35,10,13400.0,4,721,0.2451,0
50776.6,4,7800.0,1,691,0.1526,0
30664.72,4,5400.0,1,791,0.3262,0
71989.34,2,27700.0,1,576,0.3211,0
61601.04,7,18100.0,5,680,0.4449,0
78007.93,4,26000.0,2,835,0.2777,0
79161.92,3,30100.0,0,742,0.2515,0
83420.87,1,47900.0,2,660,0.3773,1
48758.03,1,19600.0,3,735,0.3256,0
192264.8,5,26500.0,2,671,0.4386,0
68113.94,11,16300.0,5,785,0.1594,0
21496.24,3,4400.0,2,737,0.1719,0
34499.27,3,7400.0,1,610,0.3215,0
22987.9,7,4900.0,5,693,0.1433,0
60447.71,9,21600.0,1,706,0.5281,0
55994.41,3,43200.0,1,710,0.3195,0
46275.4,2,10200.0,4,699,0.4364,0
180956.03,4,66800.0,2,717,0.2826,0
80978.63,6,38500.0,2,706,0.3575,0
89264.05,0,20000.0,2,621,0.2229,0
35879.08,3,1800.0,1,641,0.1451,0
34560.63,4,6900.0,5,656,0.2706,0
61098.53,3,7700.0,2,682,0.2747,0
65851.27,1,25900.0,1,656,0.3197,0
21569.35,3,6500.0,4,758,0.2313,0
54221.41,4,21900.0,2,603,0.2355,0
60339.34,2,11100.0,3,545,0.4114,0
53192.25,5,32400.0,1,823,0.2922,0
38278.18,7,2300.0,3,614,0.196,0
44500.5,7,11300.0,5,758,0.1709,0
54324.33,2,21100.0,1,721,0.2713,0
62940.18,6,17100.0,3,616,0.6963,1
83502.79,5,46400.0,3,665,0.2425,0
108496.25,13,39900.0,1,654,0.5022,0
50924.98,6,22700.0,5,702,0.2715,0
46588.74,6,23900.0,2,617,0.4007,1
76169.06,8,35200.0,4,662,0.4,0
83781.27,1,12100.0,0,672,0.2032,0
47154.74,4,5300.0,6,758,0.1919,0
92477.11,12,48400.0,4,644,0.2383,0
102618.34,12,60300.0,1,602,0.1793,0
121835.56,3,19900.0,2,634,0.4205,0
159225.47,11,53500.0,1,703,0.3818,0
37177.95,3,23500.0,1,542,0.1284,1
60333.57,5,22900.0,1,765,0.5462,0
60246.68,1,32300.0,2,676,0.4925,0
56730.06,10,17000.0,0,707,0.3958,0
41894.31,3,18700.0,4,691,0.6787,1
26448.13,1,4600.0,2,625,0.3467,0
63005.27,4,39100.0,1,594,0.237,0
39238.14,0,6300.0,4,622,0.4066,0
62774.01,6,32000.0,4,562,0.3449,0
38687.66,9,14400.0,0,701,0.3056,0
32701.88,2,7400.0,3,663,0.3124,0
68108.96,2,38500.0,1,560,0.4236,1
65056.2,6,8800.0,5,629,0.2036,0
82339.41,7,40100.0,1,724,0.3453,0
199231.96,2,96300.0,1,772,0.3015,0
69738.6,2,15500.0,3,579,0.508,0
78182.02,8,12100.0,1,837,0.3019,0
33101.74,1,4900.0,1,603,0.2464,0
29501.63,3,11000.0,3,547,0.3372,1
142993.75,2,32200.0,0,807,0.4249,0
36029.24,6,12400.0,1,597,0.2791,0
33719.47,2,6100.0,1,789,0.3865,0
58600.33,8,21200.0,1,625,0.4655,1
56976.5,3,18500.0,0,653,0.3855,0
36447.25,5,12400.0,2,577,0.6044,1
50628.24,2,29000.0,1,771,0.3419,0
117730.88,5,53500.0,3,761,0.2523,0
38434.22,2,14000.0,1,625,0.2658,0
27819.16,1,3500.0,2,669,0.2984,0
100551.62,7,20600.0,1,725,0.1821,0
78492.89,2,41300.0,1,640,0.2207,0
42561.9,2,16100.0,1,777,0.1318,0
25079.55,4,13500.0,1,667,0.2276,1
39753.66,5,26600.0,2,636,0.385,0
58099.51,1,7100.0,1,556,0.3189,1
113677.37,6,56400.0,3,578,0.3356,0
33856.28,2,23900.0,2,719,0.2912,0
57154.54,1,7100.0,4,693,0.3047,0
86797.19,3,26000.0,0,736,0.1273,0
18000.0,3,6000.0,0,633,0.2657,0
105723.49,5,57900.0,1,552,0.419,1
31246.17,13,16900.0,4,638,0.4765,1
71868.8,4,21000.0,2,828,0.6183,0
68574.48,6,25100.0,1,603,0.5216,0
108719.07,1,28100.0,2,672,0.4328,0
81065.15,9,29900.0,1,494,0.3375,0
18000.0,3,6800.0,3,636,0.4006,1
38885.29,1,3500.0,4,644,0.4114,0
64602.79,8,23400.0,0,700,0.1993,0
53785.6,4,6800.0,2,651,0.2503,0
77861.42,8,32100.0,1,561,0.3592,0
92424.89,14,26800.0,4,625,0.1319,0
83671.06,1,44500.0,1,660,0.5415,1
53217.83,2,27000.0,2,600,0.2781,0
21688.01,7,8100.0,0,611,0.2078,0
46606.03,4,20700.0,1,750,0.3916,0
75282.46,0,27200.0,2,628,0.3283,0
32867.97,3,6800.0,1,708,0.2683,0
84727.97,3,49000.0,2,662,0.2784,0
98677.9,4,18400.0,1,583,0.3948,0
64201.18,2,22200.0,2,650,0.4529,0
18000.0,10,7800.0,0,697,0.1696,0
29645.08,1,18100.0,1,805,0.6922,0
168957.76,5,93500.0,2,617,0.6636,1
44329.44,2,20400.0,2,669,0.334,0
20104.95,2,4400.0,0,743,0.2171,0
118111.7,9,49100.0,2,770,0.1808,0
60315.57,3,24300.0,1,626,0.4307,1
109942.99,5,20200.0,2,663,0.6216,1
69725.91,7,34600.0,4,758,0.3455,0
77049.82,4,20700.0,0,713,0.4131,0
73105.22,9,8300.0,2,753,0.2279,0
87870.43,1,38500.0,3,763,0.4811,0
209522.57,5,112300.0,2,717,0.6893,0
102135.28,13,15500.0,2,686,0.2256,0
25104.78,5,6000.0,4,625,0.3412,0
76547.28,0,10100.0,2,657,0.3799,0
112174.89,5,50200.0,3,662,0.292,0
116016.24,10,35600.0,1,765,0.4752,0
47352.14,3,20400.0,4,688,0.2474,0
113631.89,3,32800.0,1,689,0.3471,0
99733.64,6,35300.0,2,600,0.5401,1
246442.65,6,25800.0,3,765,0.4011,0
39636.24,4,9300.0,1,617,0.3941,0
45293.99,2,9800.0,3,654,0.3937,0
50596.34,3,13000.0,2,773,0.3894,0
45723.96,1,26100.0,0,741,0.265,0
36698.41,0,14000.0,4,611,0.1641,0
18000.0,9,1900.0,1,594,0.3048,0
47141.8,7,10400.0,1,660,0.344,0
73360.94,6,20900.0,0,632,0.4472,0
45648.59,6,27300.0,6,565,0.2578,0
173591.42,3,31200.0,4,619,0.191,0
60316.24,3,37500.0,3,469,0.3514,1
121791.52,1,76400.0,4,743,0.3164,1
69132.57,7,17900.0,2,738,0.287,0
94327.12,18,41100.0,3,781,0.5208,0
69813.51,5,26700.0,0,701,0.161,0
127112.98,8,55400.0,2,641,0.5168,1
61744.9,8,33900.0,3,752,0.1543,0
78658.14,11,27100.0,2,622,0.292,0
73238.98,2,7700.0,3,576,0.3602,1
51095.05,1,29200.0,5,664,0.1415,0
74812.5,5,46400.0,2,706,0.3646,0
204620.52,4,89700.0,2,614,0.1033,0
51600.24,17,6900.0,2,596,0.5529,0
75410.79,2,24400.0,3,644,0.3206,0
119584.49,13,68800.0,4,706,0.245,0
112099.18,4,50100.0,2,664,0.2965,0
60261.22,1,8800.0,4,850,0.1438,0
18000.0,11,9600.0,1,665,0.2442,0
79553.62,2,30700.0,2,731,0.3443,0
18000.0,8,7700.0,4,566,0.4043,1
134385.19,5,38000.0,2,719,0.3183,0
65723.42,13,16400.0,2,640,0.4445,0
103758.43,9,35200.0,3,674,0.1222,0
36455.18,3,20300.0,2,802,0.4411,0
25492.02,12,10200.0,4,647,0.2232,1
69107.25,6,17200.0,5,577,0.5159,1
58777.72,4,37400.0,1,589,0.2659,1
45690.81,5,27500.0,3,688,0.4663,0
62728.03,8,27000.0,4,684,0.3482,0
274330.74,3,141100.0,4,681,0.1446,0
94749.24,3,41500.0,0,579,0.4221,0
106641.1,2,27400.0,1,827,0.224,0
95240.95,5,43600.0,6,785,0.2845,0
135091.04,2,46700.0,1,685,0.2675,0
53930.99,8,23400.0,1,561,0.1829,0
19339.04,3,5400.0,3,794,0.4233,0
53975.07,6,28000.0,2,760,0.2366,0
93569.02,9,49700.0,3,683,0.2815,0
35122.94,11,16600.0,1,765,0.1741,0
54339.07,5,24300.0,2,638,0.2737,0
40926.24,0,13900.0,1,603,0.2102,0
136778.22,0,61600.0,0,687,0.0702,0
90418.25,8,24800.0,2,559,0.492,1
85677.66,2,33900.0,3,592,0.4207,0
84278.39,3,29300.0,3,716,0.2134,0
58659.97,9,32000.0,1,693,0.3584,0
66746.42,3,32000.0,4,571,0.5194,1
31199.22,1,9400.0,2,644,0.3468,0
18000.0,3,12600.0,2,575,0.4862,1
65026.14,7,31400.0,2,638,0.1632,0
71553.07,3,32700.0,1,630,0.1778,0
116435.82,6,18100.0,1,749,0.2362,0
142092.67,1,38900.0,5,663,0.2779,0
141988.19,2,58800.0,0,657,0.5361,1
34581.95,3,8600.0,2,646,0.2537,0
49328.35,10,22700.0,4,546,0.4729,1
77978.14,3,35300.0,3,668,0.3058,0
240998.88,3,123500.0,2,711,0.3408,0
135138.38,3,47600.0,1,692,0.2416,0
110820.65,6,36900.0,3,727,0.3361,0
48373.95,7,14900.0,1,731,0.5192,1
36836.34,9,14300.0,1,840,0.2533,0
92401.58,14,47400.0,1,590,0.3337,1
32683.85,5,8200.0,2,693,0.3043,0
52515.31,2,30900.0,0,701,0.1527,0
56211.25,4,17400.0,4,651,0.1462,0
143788.92,2,71200.0,5,628,0.2676,0
49262.4,5,11400.0,1,712,0.4034,0
18000.0,2,13200.0,2,705,0.1942,0
79019.07,9,21100.0,1,596,0.2586,0
40763.32,5,19900.0,2,540,0.456,1
61294.6,11,33100.0,1,638,0.2615,0
57085.9,7,17000.0,5,624,0.2205,0
51506.47,7,5500.0,0,720,0.4961,0
92474.42,1,38700.0,2,606,0.6361,1
25768.92,6,11000.0,0,662,0.2045,0
45055.13,14,12800.0,5,547,0.1804,0
87222.78,3,20100.0,1,559,0.6154,1
42712.78,8,13600.0,3,617,0.3776,1
24714.77,1,11400.0,2,656,0.4872,1
86483.2,2,6200.0,1,614,0.4548,0
111046.25,4,66700.0,1,686,0.4057,0
58410.6,3,25100.0,1,547,0.1405,0
20364.22,2,6700.0,2,659,0.1418,0
88281.28,3,37200.0,4,660,0.467,0
24030.08,6,14900.0,1,566,0.1466,0
70957.73,8,13800.0,1,692,0.5714,0
36750.05,6,11100.0,3,512,0.3301,1
31637.18,6,16500.0,2,624,0.4549,0
46955.21,4,11300.0,3,734,0.3256,0
54132.3,1,10500.0,3,508,0.2064,0
42010.95,4,12900.0,1,725,0.7021,0
82767.17,5,36200.0,2,588,0.2738,1
46847.92,9,16700.0,2,631,0.1066,0
102652.52,12,15900.0,1,780,0.3466,0
69887.72,5,20100.0,3,628,0.5147,1
40796.17,8,17400.0,0,796,0.2932,0
37187.69,0,16300.0,3,652,0.3344,0
24194.41,3,14400.0,2,669,0.3065,1
70256.16,4,20900.0,3,738,0.3518,0
49265.38,6,23400.0,1,716,0.3796,0
18000.0,13,7200.0,3,687,0.2303,0
44594.1,5,10900.0,2,640,0.2158,0
36476.78,1,7100.0,2,559,0.4641,1
142432.39,6,82200.0,1,562,0.4228,1
23469.85,3,8700.0,3,773,0.259,0
27099.13,6,13500.0,1,802,0.3174,0
110247.52,7,24900.0,4,685,0.4062,0
126275.3,1,40500.0,4,542,0.5085,1
39745.8,4,18400.0,2,617,0.5746,1
42291.98,4,26400.0,4,613,0.2524,0
84030.03,5,21000.0,1,633,0.2354,0
18000.0,2,15000.0,1,609,0.3793,1
21511.51,2,6900.0,0,714,0.4078,0
51307.73,12,25900.0,1,694,0.3221,0
140426.54,5,39700.0,1,794,0.2676,0
47115.08,2,25300.0,1,646,0.2307,0
63292.06,3,24000.0,3,690,0.5316,1
111701.35,13,58200.0,1,731,0.3966,0
190762.91,10,22300.0,3,752,0.2449,0
43596.55,2,17400.0,1,582,0.3827,1
59322.25,1,20700.0,3,705,0.5755,0
163101.89,2,68500.0,4,686,0.3597,0
25920.52,9,13400.0,2,698,0.2857,0
105363.29,3,19100.0,2,679,0.3495,0
34198.14,1,6600.0,1,803,0.5848,0
63345.54,3,32000.0,2,608,0.5318,1
52394.64,5,28300.0,1,604,0.2407,0
35351.41,4,21100.0,1,613,0.5006,1
34866.92,10,17000.0,4,653,0.2411,0
69705.04,5,7000.0,3,697,0.4777,0
103522.75,6,22700.0,4,641,0.1957,0
55750.69,8,27700.0,3,750,0.253,0
62228.12,7,32600.0,3,675,0.3104,0
81973.04,3,20900.0,2,668,0.6893,1
35087.83,2,16900.0,2,575,0.226,1
89933.96,5,13700.0,0,812,0.4595,0
93961.34,4,18100.0,3,671,0.1978,0
250695.53,5,127200.0,2,798,0.5999,0
48685.8,6,28600.0,3,628,0.2747,0
46539.42,12,26600.0,2,737,0.4597,0
91393.65,3,15700.0,1,633,0.072,0
93948.99,6,36000.0,4,811,0.2072,0
44609.5,2,14700.0,3,759,0.4076,0
47966.62,2,13400.0,2,739,0.5066,0
80629.67,4,36000.0,0,621,0.3379,0
37980.52,2,19400.0,3,818,0.4232,0
47772.54,7,28600.0,3,828,0.3379,0
62898.4,6,23100.0,0,647,0.3607,1
103545.49,2,41100.0,1,687,0.1624,0
42936.21,4,24400.0,2,745,0.243,0
21735.2,9,8200.0,4,527,0.3614,0
20865.9,5,11700.0,1,761,0.462,0
29951.14,16,4000.0,1,752,0.3823,0
29078.6,4,11800.0,9,633,0.2558,0
54993.16,4,25600.0,2,511,0.3319,1
31135.87,4,7600.0,3,700,0.613,0
40679.71,1,23700.0,4,590,0.1662,0
39114.67,4,1000.0,0,556,0.1972,0
46991.44,4,19300.0,0,703,0.2037,0
123918.25,7,39900.0,1,774,0.4465,0
86169.47,9,40300.0,1,659,0.4467,0
60407.66,3,14700.0,3,764,0.2645,0
46464.11,0,11000.0,1,725,0.2865,0
47179.84,5,15400.0,2,572,0.3273,0
71701.04,2,14700.0,0,633,0.1921,0
82561.02,5,12200.0,2,756,0.2266,0
36344.94,5,25000.0,2,633,0.1218,0
61087.61,2,15000.0,3,736,0.5097,0
19586.76,5,1000.0,1,644,0.3801,0
67268.18,1,39400.0,3,729,0.4177,0
91051.64,5,48300.0,5,707,0.2293,0
51326.49,7,14600.0,2,656,0.5064,0
162606.73,6,37400.0,1,727,0.2248,0
36876.1,3,16300.0,2,513,0.4636,1
67480.38,7,36700.0,1,594,0.303,0
58705.95,6,23900.0,1,640,0.3588,1
56660.71,7,16300.0,3,763,0.1392,0
56225.34,10,24900.0,0,567,0.1995,0
63507.15,6,15100.0,1,672,0.1061,0
95451.86,2,46700.0,3,699,0.3817,0
127740.35,2,66500.0,2,694,0.1423,0
59800.09,6,9100.0,1,668,0.4919,0
93753.46,1,26100.0,5,628,0.2672,0
40701.82,4,23400.0,2,656,0.0827,1
91242.45,3,11900.0,1,748,0.2361,0
39375.72,6,18400.0,1,623,0.7227,1
109082.85,1,41100.0,2,513,0.3016,1
201965.56,6,73200.0,2,710,0.1246,0
55985.83,3,14900.0,3,787,0.5311,0
18000.0,5,3400.0,5,596,0.3937,0
44292.02,1,17700.0,1,777,0.2983,0
117892.84,7,54400.0,1,714,0.5327,0
81161.17,8,16700.0,2,588,0.1659,0
68658.66,25,36400.0,6,622,0.5388,0
104272.99,5,17100.0,4,619,0.2068,0
78155.01,8,23100.0,1,688,0.2201,0
116978.9,2,36700.0,3,661,0.1943,0
99278.37,10,18300.0,4,758,0.3389,0
138266.08,1,43700.0,4,739,0.3971,0
72936.02,12,30700.0,1,559,0.1941,0
98507.96,5,59000.0,2,569,0.5816,1
50568.3,1,7200.0,3,721,0.4907,0
43010.37,3,15600.0,2,636,0.4388,0
153080.96,8,41400.0,0,662,0.3402,0
67434.54,4,36600.0,2,716,0.6617,1
93216.9,4,43200.0,2,739,0.2449,0
64090.86,8,24700.0,3,582,0.3336,1
43365.37,4,19100.0,1,508,0.2807,1
60236.91,9,31000.0,1,667,0.418,0
131899.65,3,74700.0,5,611,0.4227,1
81257.8,1,40900.0,2,680,0.2994,0
23357.88,4,5000.0,2,668,0.5052,0
53189.46,5,8700.0,3,602,0.3337,0
159573.77,3,21600.0,5,832,0.2887,0
53231.83,5,1900.0,2,676,0.3876,0
22241.98,1,4300.0,1,632,0.3262,0
169596.42,5,59100.0,2,683,0.4091,0
87143.88,1,14900.0,2,715,0.2172,0
57612.39,1,28100.0,2,628,0.3134,0
48811.45,4,16600.0,2,849,0.7421,0
108585.54,1,11400.0,2,561,0.1214,0
44440.62,0,16200.0,5,566,0.4066,1
112593.7,6,15500.0,1,555,0.1854,0
80676.89,2,23800.0,3,675,0.2535,0
68499.04,6,41600.0,1,710,0.2793,0
64863.03,3,23000.0,2,650,0.2671,0
54380.86,4,26900.0,2,710,0.3608,0
106415.03,8,37000.0,3,709,0.4088,0
37199.9,6,12600.0,2,648,0.4678,0
24537.09,6,1000.0,0,707,0.4447,0
83947.1,6,19500.0,2,660,0.3569,0
84726.28,2,10400.0,2,644,0.1985,0
77974.15,5,40300.0,3,638,0.318,0
74925.58,2,24100.0,1,692,0.2126,0
50196.61,5,14700.0,0,766,0.3361,0
92329.18,3,5900.0,3,585,0.4585,0
58392.52,4,21100.0,4,639,0.1452,0
45802.21,11,21900.0,2,687,0.4186,1
50435.96,6,4100.0,0,807,0.1669,0
181925.37,3,57300.0,1,707,0.4681,0
23057.89,1,7000.0,1,614,0.2604,0
78816.96,5,52800.0,1,606,0.2591,1
23777.36,1,16400.0,3,749,0.5062,1
56413.95,12,16800.0,2,651,0.5301,0
47169.6,4,5100.0,1,583,0.1179,0
19019.77,8,4000.0,1,751,0.4931,0
74159.29,1,21700.0,2,698,0.1504,0
48580.58,6,10900.0,3,585,0.3485,1
18872.04,9,5500.0,4,574,0.4302,0
95012.38,6,46600.0,1,512,0.5178,1
131828.01,7,32600.0,1,628,0.4394,0
135885.57,6,57500.0,0,698,0.46,0
72942.45,3,37500.0,1,747,0.2318,0
61410.25,2,27400.0,1,707,0.488,0
124304.09,2,26300.0,0,577,0.1352,0
151041.66,13,84200.0,2,654,0.3518,0
111687.8,5,48300.0,1,782,0.2788,0
35673.18,9,11100.0,2,637,0.5182,1
66885.65,3,34200.0,4,733,0.345,0
76247.04,7,16400.0,5,723,0.3201,0
22130.47,2,9100.0,4,732,0.3543,0
77508.92,3,36800.0,3,707,0.4805,0
209011.7,3,34500.0,0,732,0.3988,0
85132.56,12,10400.0,2,564,0.3922,0
134642.34,2,42200.0,0,789,0.474,0
66211.08,6,25700.0,3,540,0.4506,1
57510.91,6,33200.0,2,698,0.4746,0
73843.2,1,39300.0,4,671,0.3657,0
38226.92,9,16700.0,3,628,0.2887,0
35239.53,10,17500.0,3,602,0.2564,0
120146.55,5,39300.0,2,716,0.2784,0
127361.95,4,54400.0,2,735,0.2731,0
34713.76,1,18900.0,2,667,0.4258,1
101966.47,1,19800.0,3,653,0.1792,0
57077.88,3,12800.0,6,771,0.2672,0
72178.3,2,30400.0,0,643,0.4182,0
77120.18,8,45800.0,0,672,0.1687,0
103455.08,1,12400.0,1,660,0.4941,0
62661.03,1,6500.0,4,850,0.3479,0
130038.92,6,26800.0,1,612,0.1056,1
70981.68,5,37000.0,0,737,0.4673,0
84398.2,5,30000.0,1,548,0.2668,0
37862.09,7,6700.0,2,603,0.2702,0
196273.12,2,75300.0,1,652,0.1955,0
77528.72,3,12000.0,2,665,0.2062,0
88623.17,5,53300.0,3,654,0.1497,0
24723.21,5,12100.0,5,668,0.1359,0
38082.64,2,8900.0,1,623,0.4329,0
118283.08,8,62100.0,2,772,0.1355,0
70107.85,1,26100.0,1,600,0.3317,0
20898.26,3,1200.0,2,731,0.3194,0
105985.7,1,46200.0,3,726,0.2363,0
44396.66,16,23600.0,1,604,0.5112,0
130121.56,4,59700.0,4,647,0.2061,0
57050.4,2,10400.0,3,675,0.2522,0
67009.43,3,38700.0,0,801,0.2502,0
114510.87,5,36000.0,0,647,0.4317,1
36547.89,8,16300.0,5,850,0.2691,0
34680.55,2,19900.0,1,733,0.2691,0
53740.7,10,7300.0,1,701,0.2154,0
94366.84,4,23300.0,4,741,0.1888,0
28796.74,6,1100.0,2,546,0.1131,0
23922.65,3,12900.0,1,763,0.3922,0
94187.85,5,51100.0,3,576,0.2948,0
42974.49,3,19000.0,1,740,0.1952,0
48256.01,3,20600.0,2,631,0.3641,0
21563.43,8,2400.0,2,615,0.2499,0
41215.16,6,5100.0,1,808,0.4553,0
59625.46,3,22100.0,2,668,0.4407,1
99878.31,7,25800.0,4,560,0.2204,0
39176.15,5,11900.0,0,748,0.1786,0
148978.44,0,67900.0,2,583,0.4452,1
41088.94,4,14300.0,2,777,0.3845,0
41122.04,8,3500.0,2,674,0.2363,0
139461.89,12,67600.0,1,579,0.4135,1
67258.8,2,37800.0,0,737,0.3725,0
44195.86,7,6300.0,2,714,0.2192,0
54977.36,4,11500.0,5,516,0.5216,1
126019.31,1,59300.0,1,670,0.2962,0
134109.45,1,8400.0,0,697,0.2371,0
38206.61,2,3000.0,3,693,0.2491,0
58492.94,1,19600.0,2,661,0.3808,1
62917.92,1,13800.0,2,731,0.2728,0
34806.8,4,17000.0,4,718,0.4934,0
58068.19,0,22500.0,2,677,0.2356,1
60049.68,2,3300.0,1,657,0.3118,0
112096.48,3,38200.0,1,686,0.3517,0
116318.08,2,36100.0,3,630,0.2209,0
49957.85,1,25000.0,2,598,0.5329,1
53227.25,4,20100.0,1,591,0.4527,1
86280.66,2,30700.0,5,667,0.1751,0
43397.03,2,13300.0,2,611,0.4757,0
82764.3,4,23100.0,2,663,0.4909,0
57048.18,6,34800.0,1,775,0.2232,0
35130.7,2,7400.0,6,659,0.4875,0
35374.26,3,12300.0,3,685,0.2204,0
132704.79,1,81000.0,6,658,0.2468,0
54938.42,8,35600.0,1,773,0.1465,0
147590.19,4,16100.0,2,799,0.3892,0
45138.92,7,11500.0,0,640,0.3408,0
70274.4,8,40100.0,2,730,0.392,0
223233.19,2,94900.0,4,832,0.308,0
33471.09,14,18500.0,2,588,0.3323,0
21082.57,7,5500.0,1,749,0.5256,0
121494.54,5,49700.0,2,544,0.366,0
37996.72,3,4100.0,3,677,0.312,0
59196.13,2,17300.0,1,664,0.3341,0
43379.62,4,12500.0,3,547,0.4952,1
69389.41,5,9600.0,1,757,0.3986,0
35497.06,0,2400.0,1,686,0.2284,0
54232.35,3,27700.0,2,605,0.5629,1
76680.17,5,38000.0,4,700,0.3617,0
34386.87,6,16600.0,2,743,0.2246,0
40739.51,4,5900.0,6,542,0.534,1
49460.98,5,8800.0,2,439,0.2791,0
27286.61,2,2500.0,1,672,0.3263,0
47457.58,5,20800.0,0,617,0.1108,0
63916.84,5,14400.0,6,775,0.2247,0
48062.05,8,12500.0,2,647,0.2819,1
51572.45,11,6300.0,3,698,0.4127,0
59222.34,8,28200.0,4,661,0.3176,0
41745.26,3,12500.0,2,559,0.3406,0
87560.43,1,29000.0,2,677,0.2922,0
131898.5,2,80600.0,2,576,0.4637,1
46378.48,10,15600.0,1,572,0.4184,1
78187.03,4,42600.0,3,593,0.1098,0
52481.21,5,17500.0,3,586,0.5453,1
73204.93,7,20000.0,1,659,0.5303,0
141659.1,4,50600.0,4,646,0.2717,0
79202.47,9,36900.0,3,696,0.2617,0
22575.53,1,4600.0,2,557,0.3289,1
76856.67,6,45800.0,0,656,0.3517,0
117956.96,13,51600.0,1,639,0.3617,0
53003.97,9,22300.0,1,690,0.4194,0
103528.18,10,39700.0,1,694,0.3208,0
40963.49,1,15200.0,0,687,0.1743,0
26448.47,5,6400.0,5,601,0.1663,1
64708.18,4,13400.0,3,677,0.1878,0
22786.83,2,9500.0,2,637,0.3303,0
52476.77,5,26100.0,2,774,0.1991,0
121511.39,1,47700.0,3,683,0.369,0
20944.48,5,3500.0,1,681,0.346,0
29622.12,2,12100.0,2,579,0.2795,1
33941.11,5,2500.0,5,631,0.6166,0
57824.86,2,32300.0,4,694,0.2216,1
48964.74,3,28900.0,3,669,0.2866,0
129252.74,3,23200.0,4,668,0.5204,1
101203.8,4,29400.0,0,543,0.2272,0
78621.47,4,26700.0,3,614,0.3084,0
64867.15,3,15400.0,5,654,0.1729,0
74330.48,2,5100.0,6,765,0.1369,0
37268.72,8,11600.0,2,533,0.5755,1
95938.79,4,38800.0,4,597,0.4786,1
32479.87,5,22800.0,2,533,0.3218,1
94793.62,3,43700.0,1,699,0.2535,0
114964.47,16,21800.0,0,764,0.6173,0
67236.77,4,15400.0,4,702,0.4188,0
54343.64,9,18300.0,3,718,0.6128,1
74620.49,3,40500.0,1,598,0.1452,0
18000.0,6,6100.0,2,703,0.3074,0
70702.91,4,30200.0,2,617,0.101,0
56255.29,8,12200.0,1,679,0.2226,0
58229.92,3,7900.0,1,713,0.5831,0
88308.61,1,19300.0,0,653,0.2435,0
57461.88,5,10000.0,1,737,0.5415,0
31980.65,8,6500.0,0,663,0.1956,0
55394.11,4,13200.0,2,696,0.1318,0
62140.64,3,21000.0,5,817,0.318,0
63781.19,1,10500.0,1,712,0.4765,0
65450.91,8,21100.0,4,619,0.3534,0
106048.62,2,55300.0,1,639,0.2886,0
32947.84,3,13300.0,1,740,0.2776,0
65948.88,3,41700.0,1,753,0.3675,0
121717.9,4,21300.0,0,672,0.2612,0
23062.51,6,15900.0,4,560,0.5629,1
66092.18,13,10400.0,0,604,0.4614,0
43392.5,5,22900.0,3,689,0.4958,0
48830.45,1,12500.0,3,719,0.412,0
36401.16,4,15000.0,2,750,0.3598,0
54543.13,5,6200.0,2,523,0.2054,0
164833.41,9,29500.0,2,740,0.3638,0
29868.61,8,10400.0,2,782,0.39,0
31467.62,4,7100.0,0,495,0.1689,0
29258.81,4,18700.0,3,675,0.2094,0
154829.54,5,35300.0,0,732,0.3287,0
46430.56,4,20700.0,2,569,0.4984,1
59035.75,4,18600.0,1,638,0.3114,1
47976.63,11,29100.0,5,717,0.2583,0
35616.61,2,23100.0,1,636,0.2822,0
52610.3,7,9300.0,1,648,0.3697,0
231430.29,7,63200.0,3,692,0.2768,0
128751.44,4,49900.0,1,587,0.2407,0
37454.58,2,17600.0,0,595,0.1653,0
85490.95,4,42900.0,4,710,0.6833,0
37898.34,6,8000.0,1,746,0.4645,0
22538.9,0,6200.0,1,705,0.2501,0
104896.67,1,44000.0,5,777,0.2576,0
113329.08,0,48900.0,3,706,0.3394,0
106439.15,5,61800.0,2,814,0.3969,0
46238.78,5,18700.0,2,680,0.1641,0
54626.44,2,14000.0,4,694,0.115,0
90433.59,2,47800.0,2,705,0.2814,1
74259.64,5,6900.0,4,628,0.5149,1
48218.56,1,33000.0,2,617,0.5866,1
24575.63,6,7000.0,2,607,0.289,0
63744.06,3,35500.0,3,633,0.531,1
108386.12,4,49900.0,3,830,0.4694,0
30987.11,4,6900.0,1,812,0.5042,0
85077.48,1,40500.0,2,650,0.5348,0
71850.87,4,26600.0,2,643,0.4412,1
90452.63,6,10400.0,1,514,0.3337,0
96721.07,2,11100.0,3,600,0.436,1
40865.61,2,11600.0,1,614,0.3498,1
24604.2,13,7900.0,3,642,0.1809,0
44647.98,2,10200.0,0,632,0.5466,0
97637.8,3,55600.0,1,691,0.2742,0
44440.12,10,10600.0,3,733,0.2322,0
40875.09,1,14500.0,4,620,0.384,1
21988.11,4,9200.0,3,783,0.4497,0
156992.95,6,64800.0,2,701,0.5765,0
94291.14,4,8100.0,2,742,0.4797,0
91440.41,1,19800.0,0,642,0.399,0
101951.14,1,18400.0,1,716,0.3876,0
82222.94,0,45100.0,1,709,0.3323,1
52345.39,3,17100.0,2,785,0.3377,0
54717.0,5,22100.0,3,724,0.1716,0
47327.16,2,25200.0,3,739,0.2008,0
255022.59,3,40100.0,2,635,0.3607,0
81287.83,3,21800.0,2,765,0.1023,0
46393.27,9,3200.0,1,579,0.3567,0
77344.38,5,38700.0,2,632,0.3146,0
34338.49,4,9900.0,0,696,0.2714,0
136964.73,8,80000.0,4,589,0.2428,0
41623.16,1,11400.0,1,606,0.4294,0
78873.22,5,21500.0,2,606,0.3238,1
107612.03,2,52300.0,3,703,0.215,0
73985.37,9,9000.0,2,663,0.2063,0
63067.35,8,29800.0,0,747,0.2493,0
60230.92,2,17600.0,2,816,0.2077,0
58044.04,3,11200.0,5,695,0.6683,0
43600.15,2,19100.0,3,637,0.3725,0
46760.03,7,6100.0,0,703,0.3919,0
135100.56,6,21400.0,2,608,0.2685,0
56404.54,3,28300.0,2,670,0.4751,1
38863.55,3,24000.0,0,850,0.1882,0
45072.89,3,6000.0,3,660,0.2003,0
109667.01,9,43300.0,3,698,0.4115,0
86819.25,3,8700.0,1,663,0.308,0
81485.56,3,38100.0,4,644,0.3253,1
51966.96,6,33100.0,3,711,0.1892,0
82071.77,0,23400.0,3,580,0.3871,1
42025.9,3,20800.0,1,663,0.2029,0
51907.17,7,25200.0,4,573,0.3411,0
102067.79,10,44000.0,2,791,0.5059,0
96843.61,2,35100.0,1,749,0.4454,0
34889.79,5,6200.0,2,617,0.2855,0
37401.29,2,19600.0,2,536,0.6754,1
63562.96,14,32500.0,1,712,0.263,0
154720.08,4,73500.0,2,672,0.2387,0
20877.75,6,9700.0,2,843,0.3889,0
69778.63,0,45000.0,4,780,0.1945,0
28090.2,3,16300.0,3,723,0.4007,0
42239.79,7,21700.0,2,635,0.4735,0
48999.45,1,25700.0,0,655,0.4731,0
47511.18,4,12100.0,3,698,0.5614,0
44641.19,11,11500.0,0,702,0.2101,0
60111.95,7,14600.0,2,622,0.1892,0
44605.37,6,11700.0,3,573,0.076,0
26786.37,3,12400.0,3,820,0.3327,0
91943.39,1,23000.0,2,678,0.3331,0
90588.24,4,21900.0,3,707,0.3793,0
95201.01,6,34300.0,0,611,0.1379,0
25657.62,2,2300.0,2,777,0.3725,0
70573.15,7,29300.0,6,753,0.3604,0
86837.03,4,19700.0,2,680,0.3067,0
33956.61,2,13500.0,4,691,0.4606,0
60176.99,1,11400.0,3,696,0.1624,0
56165.24,1,16000.0,4,682,0.2021,0
164914.57,4,62900.0,2,717,0.2677,0
172555.26,8,30400.0,2,703,0.2379,0
23971.09,2,1000.0,0,662,0.2334,0
236017.17,9,76100.0,3,587,0.2548,0
36193.18,1,16200.0,2,673,0.5068,0
102679.76,4,34100.0,1,731,0.3241,0
102106.73,4,47300.0,4,725,0.5276,0
34626.35,5,9300.0,2,773,0.2217,0
78534.81,4,37500.0,2,781,0.5312,0
56435.66,3,20300.0,3,728,0.3349,0
81217.13,3,33100.0,2,689,0.2105,0
67973.27,7,31700.0,3,701,0.2378,0
115611.04,4,26200.0,2,632,0.1808,0
62409.31,0,16700.0,1,735,0.2884,0
54593.45,3,8600.0,1,774,0.2599,0
109407.57,3,36100.0,2,753,0.2638,0
82389.87,3,28600.0,1,717,0.3493,0
89545.07,7,46100.0,2,657,0.2324,0
41542.71,2,8500.0,2,648,0.2835,1
33695.02,5,6200.0,2,663,0.3365,0
43815.93,11,2200.0,2,620,0.396,1
42554.81,8,14200.0,1,696,0.2622,0
92264.03,2,53300.0,5,465,0.4773,1
102415.28,4,32800.0,1,635,0.5053,0
54977.45,0,17800.0,2,680,0.5043,1
131532.0,6,30200.0,2,850,0.2103,0
127090.94,1,10700.0,2,675,0.1753,0
68450.72,4,26900.0,5,678,0.2188,0
38099.62,3,12700.0,3,612,0.3788,1
142408.81,8,65600.0,0,804,0.4538,0
57898.14,5,17000.0,1,614,0.1291,0
64176.4,3,27200.0,5,827,0.1694,0
49673.02,6,25400.0,6,620,0.092,0
36703.06,9,7000.0,6,746,0.4182,0
26695.45,0,10900.0,2,671,0.1885,0
84802.27,2,35200.0,1,633,0.6095,1
38914.78,11,15100.0,2,751,0.5128,0
322140.21,14,150000.0,5,775,0.4709,0
32947.13,2,1000.0,0,661,0.2558,0
29984.61,7,18900.0,2,673,0.5652,1
79266.93,2,13900.0,2,644,0.2158,0
138846.24,1,14900.0,3,692,0.5281,0
62039.36,4,41300.0,2,593,0.7834,1
82021.22,8,27700.0,4,473,0.3699,1
21721.31,3,8400.0,3,535,0.1624,0
41248.44,8,17500.0,0,658,0.2542,0
33173.66,8,5300.0,1,595,0.225,0
21114.7,3,4000.0,1,666,0.1337,0
63853.02,3,34800.0,1,637,0.3186,1
18000.0,3,7600.0,1,622,0.3345,1
28934.57,4,13700.0,2,626,0.2288,0
44557.84,4,19500.0,1,748,0.3224,0
37903.27,4,23600.0,2,693,0.2531,0
74460.55,3,21000.0,2,792,0.4569,0
70832.21,1,20000.0,3,683,0.1252,0
97888.99,13,48500.0,3,532,0.3605,1
90563.91,2,36400.0,3,597,0.1572,0
112133.68,1,26700.0,2,684,0.3042,0
59811.0,6,22800.0,1,693,0.0866,0
70749.93,2,35100.0,0,631,0.5101,1
79326.9,6,30900.0,2,615,0.3507,0
64725.54,2,20700.0,5,629,0.4045,0
48124.33,14,27500.0,2,664,0.3069,0
49869.09,10,32400.0,3,671,0.412,1
38190.53,3,14400.0,1,593,0.2903,0
75500.1,6,7400.0,2,693,0.3252,0
56856.83,5,23700.0,4,693,0.1149,0
41575.01,2,11200.0,2,667,0.3383,0
41596.25,6,7700.0,3,623,0.2453,0
30769.55,4,18900.0,1,725,0.6186,0
102576.36,5,27500.0,2,774,0.2214,0
62519.87,6,24300.0,8,641,0.4932,1
37251.97,4,9800.0,3,628,0.2177,0
93405.1,2,52900.0,0,710,0.1948,0
43991.56,6,19300.0,2,587,0.2547,0
27623.57,7,12400.0,1,579,0.3967,1
104995.45,7,25200.0,0,626,0.1418,0
44560.21,7,22400.0,2,698,0.3522,0
47815.52,5,17600.0,1,609,0.4722,1
61245.71,1,23000.0,1,674,0.2482,0
112243.3,15,38700.0,1,524,0.4,0
60537.63,7,22100.0,3,721,0.2596,0
30961.06,3,15500.0,0,783,0.1738,0
80751.54,7,10200.0,3,607,0.5144,0
45855.74,1,21600.0,0,708,0.1793,0
169119.05,6,48300.0,1,659,0.2445,0
59837.28,3,11500.0,6,683,0.3313,1
18000.0,1,4100.0,3,657,0.2999,0
72878.63,1,27400.0,2,652,0.2277,0
174473.61,5,32100.0,1,613,0.2578,0
142451.4,6,36500.0,2,593,0.246,0
163902.15,2,57100.0,2,757,0.2795,0
34170.98,3,9900.0,3,549,0.3288,0
98882.13,5,39700.0,2,674,0.4837,0
40251.52,3,14700.0,3,670,0.4343,1
67735.06,13,17000.0,5,671,0.5392,1
29728.94,5,13600.0,3,725,0.5931,0
42005.23,4,8500.0,2,647,0.2088,0
41277.15,8,14500.0,5,724,0.2529,0
98145.41,6,11600.0,3,824,0.1589,0
93003.79,5,51700.0,4,664,0.2051,0
69720.58,6,25200.0,5,523,0.1444,0
28488.85,7,8900.0,3,664,0.3158,0
50442.95,2,29600.0,2,657,0.1388,0
39721.03,0,19400.0,2,705,0.3471,0
96598.81,9,50100.0,3,525,0.1875,1
114462.4,4,63200.0,2,699,0.3495,0
107045.8,3,63600.0,3,643,0.4758,0
39522.65,2,9100.0,1,735,0.3862,0
18000.0,2,10500.0,1,636,0.2635,1
22655.8,5,6600.0,4,740,0.1539,0
130861.51,4,24400.0,1,562,0.4749,1
48016.97,8,23100.0,1,676,0.2805,0
39620.48,6,8400.0,1,602,0.3913,1
147777.52,7,62700.0,3,638,0.3421,0
120070.93,8,39500.0,2,850,0.1964,0
60684.69,5,22300.0,3,604,0.6454,1
50951.44,11,25600.0,1,647,0.2253,0
55678.22,2,5800.0,0,589,0.178,0
67842.19,8,34300.0,4,652,0.2453,0
144354.3,0,68000.0,3,664,0.3213,1
75535.43,0,6300.0,1,620,0.4011,1
89260.65,1,9900.0,0,793,0.3216,0
113902.55,4,45000.0,1,762,0.2582,0
31466.48,0,5600.0,4,604,0.2634,0
90687.43,4,26000.0,3,736,0.5291,0
50918.78,3,21600.0,3,639,0.2562,0
18000.0,14,11700.0,4,583,0.4195,0
18573.79,1,1000.0,3,621,0.3497,0
34201.86,4,4400.0,1,581,0.1364,0
80191.5,6,32900.0,0,746,0.2931,0
63741.41,0,17900.0,2,609,0.1609,0
66263.98,10,33600.0,3,772,0.3623,0
175083.61,7,88900.0,3,686,0.219,0
29792.16,9,4700.0,3,645,0.1502,0
58977.52,5,34500.0,3,637,0.261,1
70787.63,2,13500.0,0,806,0.2469,0
39936.65,1,3500.0,4,676,0.5836,1
60814.27,7,16800.0,2,637,0.2943,0
24835.46,3,11800.0,3,739,0.6264,0
130020.63,0,63500.0,2,719,0.3572,1
41155.46,3,24700.0,4,601,0.1588,0
183005.24,4,92600.0,1,675,0.3201,0
58814.23,9,29200.0,4,539,0.3293,1
105390.68,3,23400.0,2,672,0.3722,0
58144.32,4,13300.0,1,699,0.3014,0
58870.23,4,19100.0,1,709,0.1416,0
43424.71,8,8300.0,0,600,0.6346,1
63928.35,2,8400.0,5,620,0.2758,0
71317.66,5,18700.0,0,694,0.479,0
38896.43,3,7600.0,2,769,0.5253,0
55894.74,9,15600.0,4,682,0.182,0
42806.52,11,11800.0,2,633,0.2296,0
212100.44,4,117600.0,0,748,0.2605,0
56990.97,5,14200.0,3,685,0.3726,0
140067.21,3,51900.0,0,688,0.4791,0
53766.6,0,26500.0,4,735,0.6106,0
69051.52,4,35300.0,1,668,0.378,0
28947.81,4,16700.0,1,605,0.5179,0
46822.08,3,10400.0,6,663,0.2838,0
67224.57,3,35600.0,2,758,0.4055,0
143243.62,5,72600.0,1,817,0.3177,0
67649.18,5,36900.0,1,584,0.4286,1
128161.47,3,35200.0,2,798,0.2154,0
85169.7,10,21600.0,2,647,0.2478,0
146542.5,0,40700.0,1,677,0.4156,1
57961.07,2,16600.0,2,802,0.3367,0
222932.09,7,88700.0,1,644,0.3205,0
45845.49,1,7500.0,4,654,0.4238,0
39279.03,0,6700.0,0,627,0.3024,0
30775.4,2,13700.0,4,678,0.2766,0
215790.56,4,20900.0,2,698,0.2475,0
93966.74,3,14400.0,0,623,0.0802,0
49823.08,5,13700.0,3,784,0.1349,0
119009.96,0,20100.0,1,619,0.2258,0
87398.26,2,30400.0,2,712,0.4975,0
176551.89,6,80100.0,2,677,0.2474,0
25557.65,5,9300.0,1,768,0.205,0
51743.39,2,25900.0,1,615,0.3152,1
46425.92,4,8300.0,2,718,0.3707,0
20220.95,4,14500.0,2,850,0.3558,0
107278.12,4,19900.0,2,567,0.5796,1
51600.26,5,23000.0,2,607,0.4465,1
89930.93,11,26600.0,2,831,0.2832,0
219229.53,11,119600.0,0,665,0.5322,0
49301.8,1,9700.0,2,684,0.2744,0
47494.34,3,11400.0,2,650,0.3144,0
63912.18,1,35400.0,5,799,0.4719,0
103051.7,5,18400.0,3,554,0.5396,1
43840.26,3,4000.0,3,768,0.5176,0
42318.14,8,26300.0,2,564,0.091,0
107093.13,4,35100.0,2,557,0.3459,0
73736.38,10,35400.0,4,593,0.3106,0
19446.05,12,9800.0,3,665,0.1675,0
30516.86,10,9100.0,1,621,0.1622,0
136718.55,0,46300.0,4,617,0.5729,1
74686.94,5,22300.0,2,605,0.2502,0
39371.29,3,18200.0,4,607,0.1571,0
54517.37,3,3600.0,2,605,0.4041,0
60311.63,7,20900.0,2,693,0.0798,0
89738.34,3,12600.0,6,627,0.1748,0
28366.24,4,8000.0,5,475,0.3674,0
37702.36,4,10000.0,1,672,0.2861,0
69572.57,0,16800.0,4,731,0.4296,0
56675.14,3,26400.0,0,654,0.269,0
82003.94,8,16800.0,2,580,0.2691,0
30447.86,0,20500.0,3,731,0.2713,0
72869.16,6,17500.0,0,572,0.4284,0
109138.28,2,16500.0,3,651,0.3743,1
78256.74,3,22200.0,4,673,0.4666,1
64635.01,7,21300.0,4,756,0.5078,0
56798.43,1,6900.0,3,718,0.1709,0
37829.02,3,11300.0,4,693,0.3191,0
57549.5,1,23900.0,2,745,0.2615,0
119711.29,5,45800.0,4,588,0.2585,0
56079.99,2,33600.0,2,793,0.4373,0
36702.78,1,19400.0,3,445,0.2786,1
45673.07,4,10800.0,3,782,0.2041,0
66867.46,1,35200.0,0,612,0.3393,1
48755.21,3,6300.0,3,704,0.6662,1
78191.55,2,41500.0,2,784,0.5631,0
79822.77,5,45200.0,1,717,0.1015,0
97630.06,5,49000.0,3,703,0.5383,1
131000.67,2,71700.0,1,740,0.689,0
103540.93,10,26500.0,3,564,0.2103,0
35816.66,8,5300.0,1,575,0.4193,0
36426.65,2,14600.0,0,695,0.1581,0
57430.21,16,35100.0,3,660,0.3462,0
46716.54,6,13500.0,0,652,0.3017,0
32013.73,5,10900.0,3,768,0.3344,0
46960.85,5,15300.0,3,761,0.703,0
46120.73,1,5300.0,1,606,0.2739,0
41377.14,9,24300.0,3,708,0.2018,0
50327.95,0,27700.0,2,558,0.4487,1
114479.15,5,60100.0,5,556,0.342,1
66808.19,8,21300.0,5,608,0.2536,0
233163.45,2,41600.0,3,671,0.3936,0
65760.82,7,33600.0,3,626,0.3004,0
51045.05,4,11100.0,0,709,0.3867,0
60010.4,7,15900.0,5,674,0.1732,0
68945.43,8,11400.0,6,759,0.6026,0
76068.51,11,21800.0,1,716,0.3522,0
187623.25,9,76800.0,2,597,0.2218,0
37611.82,0,5200.0,1,743,0.6136,0
96035.71,2,19700.0,5,610,0.2333,1
67121.71,6,14000.0,4,706,0.2081,0
25232.7,8,7700.0,1,638,0.4735,0
91480.79,1,7800.0,3,774,0.177,0
120233.74,6,33600.0,3,730,0.1757,0
37367.36,9,5500.0,3,623,0.4892,1
59580.66,8,13500.0,3,646,0.2552,0
23180.23,6,7600.0,0,850,0.2342,0
29961.14,4,18700.0,3,580,0.186,0
106554.97,4,42900.0,1,621,0.2084,0
46326.57,14,30500.0,1,625,0.155,0
32537.82,0,12900.0,0,588,0.4695,1
67927.97,3,32500.0,5,596,0.2952,1
44921.56,2,27600.0,0,667,0.4025,0
46214.46,1,8900.0,1,711,0.2816,0
89915.83,6,39300.0,4,556,0.29,0
31604.24,5,7000.0,1,637,0.5158,1
36389.99,4,7000.0,1,615,0.259,0
65169.31,5,8500.0,4,587,0.4782,1
102045.63,7,27800.0,1,750,0.3144,0
118301.08,3,33500.0,2,618,0.5883,1
41531.86,6,14000.0,1,572,0.2453,0
100263.53,3,32400.0,1,741,0.3333,0
38898.92,6,19500.0,1,769,0.2236,0
163474.97,10,64000.0,0,693,0.4282,0
32094.05,7,13400.0,2,604,0.5642,1
124326.11,12,71400.0,1,654,0.7073,0
41728.21,3,16200.0,2,626,0.4975,0
181187.11,2,54500.0,2,671,0.3011,0
82886.41,5,21100.0,4,729,0.4542,0
34241.41,3,14200.0,1,673,0.4619,0
44925.86,6,6900.0,0,675,0.4118,0
92009.73,5,27100.0,2,637,0.2779,0
106825.77,2,18500.0,4,725,0.6411,0
57590.13,6,21700.0,1,703,0.2366,0
61362.98,2,18500.0,1,537,0.2418,0
90861.73,10,31900.0,0,541,0.3326,0
64375.55,3,19200.0,1,650,0.5584,1
29394.78,2,7900.0,4,748,0.2592,0
38286.95,5,3400.0,1,762,0.3023,0
68139.75,5,30900.0,1,732,0.4422,0
116834.69,2,12700.0,2,664,0.2749,0
145625.03,2,83200.0,4,785,0.6188,0
91926.18,1,41400.0,3,621,0.2044,0
70123.27,7,11700.0,1,649,0.3109,0
90386.27,10,27200.0,1,568,0.224,0
41493.29,8,5600.0,0,649,0.7624,1
55034.91,2,33200.0,0,610,0.405,1
38052.73,5,18500.0,5,790,0.1442,0
30127.44,5,17500.0,2,776,0.5428,0
71930.23,1,31100.0,1,680,0.2738,0
66305.78,2,32600.0,2,710,0.5256,0
87396.36,5,11700.0,1,630,0.2808,0
80850.86,0,42400.0,1,485,0.3036,1
68422.32,1,31000.0,2,618,0.371,0
81319.34,7,7600.0,1,731,0.2213,0
58484.92,2,18300.0,7,708,0.4178,0
75138.64,1,14300.0,1,646,0.2717,0
40159.75,8,10600.0,2,730,0.1778,0
73374.98,2,43700.0,1,640,0.4831,1
86476.65,7,13300.0,3,589,0.3922,0
41426.47,12,2000.0,3,730,0.4607,0
61605.58,1,31900.0,2,629,0.2347,0
42489.77,3,13800.0,2,752,0.3825,0
44820.52,5,17900.0,1,525,0.2619,0
32250.5,8,5000.0,3,632,0.2318,0
120111.55,2,41700.0,0,720,0.4613,0
107594.72,0,33200.0,2,712,0.2935,0
80465.89,1,18400.0,2,658,0.1661,0
177142.15,3,71700.0,2,697,0.3248,1
53955.5,7,26700.0,1,686,0.1446,0
317257.6,3,62700.0,1,563,0.5644,1
52831.29,6,19500.0,2,648,0.2963,0
68896.2,3,25600.0,1,692,0.2692,0
48108.88,4,22400.0,2,713,0.3564,0
73480.77,7,20100.0,0,670,0.2067,0
94806.02,8,28800.0,4,634,0.1833,0
56237.89,13,15400.0,3,575,0.3177,0
159085.32,5,83900.0,4,731,0.34,0
68290.92,0,38000.0,3,723,0.3757,0
69478.11,6,10000.0,2,749,0.437,0
36317.36,0,3600.0,1,594,0.3817,1
75370.75,6,37200.0,3,684,0.3088,0
55619.27,4,10700.0,3,623,0.7265,1
42850.31,8,11400.0,2,678,0.3378,0
39063.32,3,13300.0,2,850,0.3835,0
260268.71,4,84100.0,3,743,0.2292,0
51797.0,6,26700.0,0,618,0.1102,0
26867.11,0,10100.0,1,656,0.3671,0
40781.27,5,15800.0,2,648,0.144,0
58199.83,0,13400.0,1,684,0.2479,0
80875.55,2,14600.0,7,561,0.1031,0
81237.97,5,30600.0,3,699,0.3031,0
86867.39,0,27100.0,3,516,0.1168,0
41995.88,6,8200.0,2,550,0.6078,1
72203.39,6,29700.0,4,825,0.2308,0
36981.29,8,9300.0,5,648,0.1251,0
42582.4,1,12000.0,2,782,0.4638,0
36143.78,13,15600.0,3,614,0.4427,1
31144.29,1,3600.0,3,517,0.5009,1
107507.43,4,26000.0,3,596,0.4625,0
87442.48,3,20600.0,0,850,0.2163,0
102453.67,4,53400.0,2,569,0.3837,1
61182.85,12,7300.0,3,808,0.1613,0
91788.68,1,36000.0,4,701,0.2483,0
22726.59,11,12900.0,3,684,0.1032,0
96249.41,7,17500.0,3,619,0.1038,0
66000.39,4,31500.0,3,607,0.3692,1
84534.1,4,34600.0,0,717,0.2767,0
73792.53,6,38500.0,0,774,0.506,0
34791.2,3,23600.0,3,690,0.4499,1
26267.25,3,3400.0,5,730,0.3547,0
40472.18,4,4500.0,2,643,0.4884,0
81691.44,10,29100.0,4,838,0.5889,0
87513.67,4,32400.0,2,693,0.6293,0
28215.64,0,18300.0,4,827,0.3003,0
34905.35,5,4200.0,4,603,0.407,0
40224.05,4,21700.0,4,672,0.4053,1
49191.8,2,2600.0,1,755,0.1233,0
28307.22,5,8800.0,3,686,0.5347,0
27388.31,2,5900.0,3,714,0.4718,0
38100.8,3,18200.0,1,602,0.4546,1
62783.0,4,8600.0,3,645,0.2981,0
31278.09,5,1000.0,3,609,0.3065,0
56179.55,5,18400.0,3,669,0.1623,0
107173.47,6,27300.0,2,661,0.1667,0
29261.3,4,14100.0,2,635,0.3693,1
53447.48,1,21500.0,2,722,0.2529,0
105199.75,5,61700.0,5,595,0.3012,0
47569.75,8,9600.0,1,514,0.4278,1
43672.84,0,27200.0,3,632,0.3657,1
113541.39,1,60200.0,1,836,0.2659,0
50594.03,2,8100.0,3,713,0.2666,0
109916.06,7,52300.0,2,612,0.1645,0
75805.87,2,44100.0,3,708,0.1811,0
49584.59,7,31200.0,1,665,0.304,0
77950.54,5,7800.0,3,704,0.1744,0
71413.86,2,10500.0,0,741,0.2304,0
104975.84,20,42900.0,2,690,0.216,0
44285.38,1,5300.0,0,684,0.2125,0
61246.58,4,26800.0,2,786,0.3571,0
57882.27,2,20700.0,3,715,0.121,0
88192.88,5,15500.0,1,690,0.4977,1
34069.28,2,5500.0,3,678,0.5699,1
104750.58,3,19300.0,0,633,0.3506,0
77379.78,2,19200.0,2,582,0.2605,0
29018.57,3,6800.0,3,725,0.1702,0
116371.69,8,36200.0,4,771,0.2283,0
204587.53,1,97400.0,5,707,0.207,0
103881.77,2,36900.0,5,717,0.6072,0
131247.7,3,71800.0,0,608,0.2104,0
62752.54,3,10200.0,2,630,0.517,1
24008.72,9,4500.0,2,579,0.2809,0
21714.46,2,9200.0,2,656,0.3098,0
68891.99,7,36200.0,5,749,0.211,0
43235.26,10,18300.0,1,623,0.3928,0
36206.11,3,20800.0,5,669,0.2999,0
57843.09,2,4500.0,0,728,0.1879,0
83999.99,9,34500.0,5,766,0.2434,0
26929.65,7,3500.0,5,551,0.2078,0
46775.62,1,5200.0,3,639,0.1616,0
137369.39,11,81300.0,1,620,0.5413,1
33143.15,2,17400.0,4,609,0.3575,1
96603.35,3,15900.0,1,646,0.2674,0
45862.27,6,12700.0,2,529,0.2713,0
80836.72,10,16800.0,3,647,0.5837,0
109483.61,5,14400.0,3,678,0.2864,0
90012.6,3,51800.0,3,597,0.1275,0
98719.5,3,15300.0,4,639,0.2772,0
31780.99,3,5800.0,0,676,0.4755,0
110471.5,15,32200.0,2,684,0.2773,0
37459.62,5,15400.0,1,552,0.3761,1
69061.17,4,31500.0,6,728,0.3197,0
69011.98,7,11000.0,2,729,0.332,0
78183.77,3,24500.0,2,619,0.4121,1
72065.17,10,32500.0,2,801,0.5787,0
37643.08,6,20000.0,2,709,0.3437,0
28497.54,3,13100.0,1,698,0.6519,0
96740.92,3,11300.0,0,726,0.5041,0
66317.49,1,15500.0,2,598,0.2278,0
112663.1,8,65700.0,1,648,0.5266,1
58419.02,1,20400.0,3,721,0.3391,0
27643.88,10,1700.0,3,615,0.4106,0
101861.7,2,32700.0,4,649,0.5203,1
48839.57,2,24300.0,3,720,0.4828,0
72265.48,13,25200.0,4,698,0.3461,0
41935.89,7,22500.0,1,677,0.5433,0
147910.99,4,80700.0,2,680,0.4254,0
36971.01,12,8200.0,1,662,0.6499,0
49732.49,4,26600.0,4,739,0.2534,0
63519.15,3,38900.0,0,832,0.3784,0
32836.62,5,14300.0,3,697,0.2315,0
71810.48,8,28800.0,2,771,0.3728,0
145299.26,1,74100.0,2,642,0.5117,1
45717.93,2,1200.0,0,624,0.4531,0
74408.73,2,27500.0,5,616,0.2257,1
18000.0,1,7500.0,3,606,0.4302,1
58605.8,3,29200.0,6,653,0.2688,1
50404.05,1,26000.0,1,741,0.2446,0
38170.81,0,13400.0,4,750,0.1524,0
108531.72,2,31300.0,1,637,0.5054,0
50039.4,2,24900.0,1,651,0.209,0
54305.86,5,13800.0,0,675,0.5217,1
48656.66,7,17700.0,2,693,0.3287,0
20863.39,2,11700.0,3,719,0.0978,0
32125.57,2,20900.0,2,645,0.267,0
101579.95,13,31100.0,5,660,0.4489,0
18760.84,7,3400.0,1,777,0.4298,0
39282.19,5,23100.0,3,654,0.1193,0
48057.52,3,17500.0,2,632,0.6057,0
156215.54,7,67700.0,2,669,0.5616,1
91375.45,1,39700.0,2,681,0.2777,1
44070.95,7,2400.0,1,559,0.5674,1
122698.15,6,15300.0,3,642,0.4861,0
39843.57,6,16500.0,1,706,0.2306,0
104297.73,4,17800.0,4,825,0.258,0
28356.67,1,12700.0,3,635,0.5333,1
108043.78,1,48600.0,3,732,0.3918,1
47888.3,6,16700.0,1,688,0.3979,0
34007.03,5,15000.0,3,762,0.2162,0
53133.93,3,8600.0,0,629,0.2143,0
69740.7,2,26300.0,2,758,0.3565,0
45610.28,9,4300.0,1,780,0.1472,0
81200.32,4,25400.0,3,783,0.3485,0
43449.45,2,13500.0,2,782,0.3,0
84221.44,10,26800.0,4,689,0.3548,0
76360.6,9,15900.0,1,719,0.2436,0
57901.14,4,30200.0,5,644,0.2121,1
46968.84,5,22800.0,4,508,0.3516,1
65078.36,7,25500.0,3,694,0.0965,0
81035.25,6,34000.0,3,663,0.3265,0
186090.71,1,94300.0,0,747,0.0958,0
100376.28,10,40100.0,1,740,0.3051,0
102415.62,1,17900.0,2,595,0.438,0
327316.12,5,150000.0,0,850,0.2179,0
79521.06,1,12300.0,3,704,0.1899,0
78163.18,6,32200.0,0,579,0.2429,0
88186.42,2,39100.0,0,589,0.2916,0
34374.45,2,7400.0,1,512,0.4153,1
46903.81,7,20600.0,3,732,0.198,0
45324.68,1,19300.0,1,635,0.4227,1
85492.82,3,16500.0,2,612,0.2374,0
54404.6,1,28300.0,2,627,0.262,0
64603.44,4,2700.0,4,652,0.582,1
108890.71,1,63100.0,2,718,0.3274,0
96252.76,5,34700.0,0,552,0.1904,0
54778.52,9,29400.0,0,595,0.2498,0
41419.32,0,8000.0,2,710,0.2982,0
111792.65,2,56200.0,2,630,0.1052,0
91641.56,1,18400.0,2,719,0.5831,0
24749.46,1,22500.0,3,638,0.2843,1
50400.95,5,9000.0,2,793,0.3191,0
65580.49,5,21200.0,4,691,0.1186,0
91890.81,10,42700.0,3,767,0.3559,0
98770.65,7,16500.0,3,714,0.5587,0
69992.84,4,31200.0,1,718,0.4894,0
82610.01,5,9800.0,6,619,0.5231,1
62023.91,3,13700.0,2,763,0.2477,0
41331.56,5,25900.0,2,691,0.1557,0
51860.08,1,21900.0,0,603,0.3157,0
60502.81,4,18200.0,1,517,0.5549,1
58742.95,6,7100.0,1,685,0.4734,0
21225.0,3,14000.0,2,788,0.2581,0
48116.68,2,26800.0,2,607,0.2672,1
61753.94,4,10500.0,4,604,0.1672,0
51289.77,2,22200.0,2,651,0.1221,0
52273.61,3,16100.0,3,758,0.2464,0
78307.23,7,39200.0,6,537,0.2919,1
33076.34,7,6200.0,2,626,0.3033,0
24454.68,5,3100.0,4,600,0.3262,0
49439.58,2,28600.0,2,717,0.4848,1
91150.1,3,38200.0,2,664,0.4916,0
151471.71,4,23900.0,2,649,0.3218,0
92057.67,2,27900.0,5,661,0.1484,0
26700.96,12,9100.0,6,734,0.3358,0
52690.9,2,12200.0,4,759,0.21,0
68950.83,4,22300.0,0,752,0.5501,0
66017.5,0,9600.0,1,718,0.279,0
80548.72,8,42200.0,3,779,0.2339,0
36156.9,10,15300.0,2,605,0.5269,1
62051.42,2,42700.0,2,704,0.2583,0
75446.39,1,10400.0,1,850,0.3383,0
94288.93,5,33900.0,2,537,0.3077,0
38440.04,13,21700.0,2,635,0.5142,1
49521.58,1,16300.0,3,597,0.2429,1
18000.0,3,8200.0,1,697,0.3607,0
42539.82,5,14200.0,1,783,0.2395,0
44872.11,4,3900.0,2,715,0.2581,0
34174.28,5,8500.0,1,659,0.3224,0
65583.98,10,20200.0,5,716,0.2788,0
58059.87,8,33500.0,1,653,0.1863,0
18000.0,3,4500.0,0,690,0.3808,0
67408.7,1,30400.0,2,721,0.3206,0
35933.37,8,23200.0,3,806,0.4498,0
78208.13,3,48800.0,0,709,0.4274,1
29583.79,4,16000.0,1,691,0.2695,0
60870.48,7,10400.0,2,828,0.3144,0
51239.2,8,24700.0,4,528,0.2319,1
70735.73,7,15700.0,0,668,0.2574,0
64124.61,11,41000.0,3,619,0.2797,1
52034.37,4,19600.0,1,657,0.6373,0
25720.67,2,4300.0,4,720,0.4689,0
26569.94,2,4300.0,4,749,0.2154,0
43428.11,2,24800.0,1,636,0.3507,1
59602.1,2,24100.0,3,725,0.4159,1
42850.12,5,14100.0,5,608,0.1788,0
84445.92,6,32500.0,1,579,0.4925,1
51350.43,1,17500.0,4,680,0.647,1
35215.55,7,17700.0,2,659,0.3139,0
51382.2,8,19800.0,2,787,0.1415,0
67793.59,6,25700.0,1,835,0.2953,0
71588.28,3,45300.0,2,629,0.4878,1
168233.56,9,81000.0,2,539,0.2293,1
41444.06,4,14500.0,5,572,0.1521,0
57502.67,2,15500.0,2,612,0.3338,0
75687.49,1,34200.0,0,691,0.4201,1
59107.75,4,9900.0,2,655,0.2561,0
45463.27,3,7100.0,4,581,0.2144,1
25537.64,1,7200.0,0,809,0.5131,0
45208.53,1,19500.0,1,725,0.5385,0
33172.07,5,14700.0,2,807,0.4582,0
23164.27,1,8500.0,6,540,0.253,1
38652.88,0,10700.0,3,770,0.3787,0
33661.15,8,12400.0,2,664,0.2298,0
82543.66,2,15900.0,4,646,0.3052,0
83333.05,5,37400.0,2,677,0.3247,0
36419.75,4,10100.0,2,623,0.217,0
51889.63,2,22100.0,3,664,0.2177,0
21546.45,10,6700.0,2,746,0.3278,0
45620.53,6,16600.0,4,528,0.4423,1
74566.01,4,29600.0,2,787,0.5196,0
94250.92,2,35600.0,3,704,0.2547,0
40450.09,6,20600.0,3,667,0.2463,0
106779.39,6,45800.0,3,745,0.3289,0
26013.46,4,1000.0,3,702,0.4611,0
30145.92,4,16100.0,0,639,0.2422,0
88460.73,6,45700.0,2,617,0.3703,1
150108.95,4,68200.0,2,787,0.4083,0
78541.91,2,16900.0,6,564,0.4077,1
58560.27,1,4700.0,1,660,0.1525,0
18000.0,4,9400.0,2,569,0.2624,1
19685.83,1,8600.0,2,712,0.4838,0
64291.02,6,17100.0,2,668,0.3371,0
49171.31,4,10300.0,3,581,0.3828,1
32590.97,7,6200.0,0,610,0.4241,0
62071.54,5,37600.0,0,678,0.3939,0
63788.12,5,12900.0,2,696,0.3795,0
100652.45,2,56300.0,0,530,0.343,1
64545.86,3,8700.0,4,622,0.2996,0
117667.36,5,23800.0,6,687,0.3764,0
60137.97,4,21300.0,2,766,0.333,0
56194.03,4,13000.0,2,738,0.6029,0
107513.5,1,50600.0,2,641,0.3886,1
34956.42,0,10400.0,0,750,0.478,0
281516.43,1,99100.0,3,651,0.2133,0
73599.36,0,32400.0,2,441,0.2387,1
73825.25,1,22400.0,3,783,0.0878,0
79921.71,5,21300.0,1,709,0.4067,0
168118.62,3,87600.0,2,689,0.2744,0
92584.69,2,31700.0,3,676,0.2427,0
24765.81,3,3500.0,3,698,0.2143,0
129561.21,0,16800.0,0,676,0.1705,0
49637.75,4,4700.0,1,653,0.3845,0
63508.9,1,21600.0,0,626,0.4496,0
29626.08,8,11300.0,4,681,0.4545,0
79970.34,6,27700.0,1,609,0.338,0
41845.69,5,11500.0,2,589,0.4718,1
63265.36,4,15900.0,3,695,0.115,0
51212.84,6,30800.0,1,748,0.4298,0
172604.31,4,21700.0,3,615,0.6649,1
178125.42,2,73800.0,0,628,0.6494,1
61425.62,5,8300.0,0,548,0.3175,0
62018.48,7,21600.0,1,576,0.3128,0
48757.11,2,25000.0,3,579,0.2806,1
110007.46,1,15800.0,1,748,0.199,0
49965.8,12,29200.0,2,545,0.2923,0
47489.53,9,14400.0,3,709,0.3084,0
102562.34,4,21400.0,2,655,0.1549,0
44530.76,0,9100.0,1,720,0.3382,0
58643.66,5,23800.0,3,762,0.288,0
25091.37,16,14200.0,2,673,0.3199,0
88194.92,6,21200.0,3,760,0.2067,0
174115.96,6,46000.0,1,791,0.2965,0
89025.13,4,29200.0,3,776,0.3255,0
133785.03,5,68000.0,4,625,0.4069,1
37595.66,6,19500.0,2,527,0.434,1
68184.9,4,38900.0,3,666,0.5401,1
35641.36,3,9300.0,3,688,0.4732,0
52824.42,4,35600.0,2,528,0.6628,1
91556.94,4,17600.0,4,680,0.225,0
63322.84,0,15100.0,2,482,0.4254,1
27530.44,14,1700.0,1,791,0.5565,0
29048.84,6,9100.0,1,711,0.2384,0
28011.2,8,10900.0,1,614,0.3087,1
78456.45,5,18900.0,1,685,0.2291,0
186305.3,2,92700.0,3,694,0.4545,1
126671.45,7,19600.0,3,711,0.5158,0
21103.79,1,10100.0,3,680,0.3082,0
130821.85,6,68100.0,2,746,0.5386,0
100209.7,7,32300.0,4,580,0.63,1
25593.28,4,4100.0,1,665,0.3899,0
50677.59,5,29300.0,0,809,0.2707,0
109374.97,0,55400.0,1,649,0.4463,1
81043.27,6,17000.0,1,693,0.1216,0
29143.81,3,4700.0,1,600,0.3504,1
83776.53,5,10700.0,3,837,0.2151,0
18478.71,4,11500.0,2,696,0.2251,0
52968.24,4,7800.0,1,581,0.3065,0
111957.68,6,64100.0,2,757,0.2551,0
60482.95,3,8400.0,2,595,0.2548,0
45505.31,4,10300.0,2,726,0.2224,0
97649.56,12,45400.0,2,752,0.3807,0
102345.9,9,62400.0,1,827,0.4407,0
123071.63,3,57900.0,1,692,0.3545,0
96847.06,4,25500.0,2,679,0.5717,1
108527.2,2,57100.0,0,523,0.2303,0
89599.02,3,46400.0,3,641,0.4904,0
69288.95,3,24100.0,2,621,0.334,1
62895.5,4,42200.0,0,661,0.2973,0
52549.31,0,29200.0,3,636,0.2185,0
30736.23,3,11200.0,2,734,0.312,0
35403.95,2,18100.0,2,633,0.4789,1
51271.59,9,6700.0,4,711,0.2987,0
68377.47,4,33600.0,4,666,0.3578,1
132249.68,5,45800.0,6,628,0.212,0
58513.43,3,13800.0,6,621,0.2537,0
103975.64,4,52000.0,3,692,0.518,1
108404.36,3,35300.0,3,778,0.5558,0
52717.58,4,12200.0,1,620,0.2765,0
83040.16,5,30100.0,1,679,0.1876,0
52368.45,1,8700.0,1,711,0.2586,0
123893.15,6,40800.0,1,674,0.2968,0
84941.14,2,24600.0,2,543,0.174,0
31108.42,12,19700.0,1,711,0.3413,0
65436.7,4,33300.0,2,562,0.3356,1
148221.3,4,52000.0,0,563,0.2574,0
54193.86,5,20900.0,4,577,0.2261,0
76591.64,4,37800.0,1,663,0.4507,0
80840.5,2,14300.0,3,603,0.5007,1
33855.52,5,10800.0,2,567,0.3442,0
79291.75,4,43200.0,7,703,0.4527,1
27816.67,2,5600.0,2,673,0.504,0
42442.55,1,10600.0,1,732,0.2574,0
108190.37,7,49200.0,5,620,0.2932,0
72854.24,3,30500.0,2,670,0.3135,0
50642.03,3,22000.0,1,735,0.3912,0
76538.84,4,40100.0,1,576,0.3119,0
57927.6,2,25500.0,2,625,0.5187,1
60289.8,5,34000.0,2,749,0.2568,0
85926.73,3,12200.0,2,676,0.133,0
40132.74,4,22000.0,3,664,0.1195,0
61217.29,8,38100.0,0,672,0.4255,0
50425.51,4,1000.0,1,767,0.2097,0
25032.2,3,1000.0,1,673,0.3224,0
36089.21,2,7400.0,2,678,0.3177,0
141848.31,5,50800.0,4,674,0.3556,0
73983.53,7,35400.0,1,554,0.4852,1
28912.42,3,1000.0,2,713,0.3312,0
25662.99,7,7900.0,0,613,0.1682,0
56292.12,5,19700.0,0,580,0.3628,0
141301.7,4,58100.0,0,544,0.3494,0
54029.37,5,25300.0,0,560,0.5242,1
122866.02,1,24500.0,3,505,0.1614,0
72661.13,3,19600.0,4,598,0.4684,1
77589.53,3,25000.0,2,642,0.2729,0
28720.13,3,7800.0,3,755,0.1033,0
100271.58,11,15400.0,2,680,0.2975,0
49800.85,4,7400.0,4,694,0.5554,1
96249.67,1,41300.0,4,771,0.4304,0
38261.77,2,19100.0,3,461,0.2494,0
65997.83,4,31200.0,2,704,0.3877,0
72664.02,4,35100.0,2,699,0.377,0
55010.63,0,21700.0,2,737,0.3583,0
74794.52,5,40900.0,4,540,0.4203,1
51713.89,6,26500.0,2,632,0.4215,0
41899.0,1,14500.0,0,605,0.2334,0
144786.55,7,62700.0,1,578,0.2786,0
106609.09,3,37200.0,1,848,0.52,0
39400.13,2,6300.0,3,633,0.2052,0
81850.06,1,34600.0,1,745,0.5581,0
39796.2,5,10400.0,1,728,0.2758,0
31207.8,2,1000.0,3,567,0.2906,0
105724.84,5,62600.0,0,636,0.3609,1
23452.8,1,4100.0,1,680,0.4817,0
99685.03,3,38900.0,3,705,0.28,0
52104.3,5,12700.0,4,700,0.5669,0
53297.75,8,26300.0,1,806,0.3073,0
75008.98,8,13400.0,1,743,0.3355,0
82426.26,8,28000.0,1,724,0.1359,0
38006.45,16,9100.0,0,748,0.5335,0
88853.93,5,46200.0,2,776,0.5195,0
63726.37,1,7500.0,3,628,0.4357,1
30006.52,2,17700.0,5,557,0.336,0
54533.42,8,36800.0,3,630,0.6128,1
127989.49,2,55900.0,6,572,0.1921,0
150561.53,0,72600.0,2,601,0.4824,1
88835.5,3,26100.0,3,682,0.2542,0
31110.82,7,11400.0,2,633,0.2179,0
78419.96,2,7500.0,1,724,0.3349,0
95604.34,8,40500.0,3,698,0.6423,0
89244.89,12,24400.0,1,702,0.2861,0
92200.87,5,44200.0,3,580,0.5454,1
73115.43,13,38700.0,6,609,0.3373,1
57536.41,10,13500.0,3,532,0.2495,0
42847.3,7,1000.0,1,718,0.5107,0
21081.17,5,1500.0,5,819,0.346,0
72171.68,5,15200.0,1,688,0.2344,0
66325.46,4,13900.0,3,695,0.2408,0
81362.25,6,17900.0,1,635,0.3245,0
28691.35,0,1000.0,1,659,0.1842,0
85370.78,10,44900.0,1,771,0.265,0
185349.74,13,62300.0,1,682,0.1774,0
62514.11,0,31500.0,2,723,0.2294,0
57877.51,7,16100.0,2,773,0.3101,0
70965.65,10,40800.0,2,758,0.6171,0
183099.57,4,28500.0,1,677,0.1659,0
34097.99,3,4200.0,3,683,0.4084,0
66954.18,3,24000.0,1,646,0.4152,0
38568.39,2,9800.0,2,712,0.222,0
44318.05,5,9400.0,3,644,0.3364,0
58263.16,8,25800.0,4,701,0.4184,1
125621.39,0,63700.0,3,753,0.2921,0
161223.17,2,19700.0,1,549,0.2914,0
76609.64,2,27100.0,0,536,0.2728,1
48672.67,1,9700.0,1,672,0.3078,0
235862.99,6,108100.0,3,725,0.1137,0
47327.42,5,21000.0,3,697,0.3975,0
43733.74,7,29000.0,2,584,0.2076,1
22556.56,0,16200.0,1,742,0.2501,0
129036.47,7,20300.0,2,818,0.1462,0
101980.31,8,21500.0,3,610,0.1189,0
226339.88,6,91600.0,3,621,0.2809,1
27882.71,4,6800.0,2,677,0.2335,0
133518.32,4,41100.0,2,666,0.2332,0
62228.88,5,29700.0,3,765,0.47,0
93279.45,5,30900.0,4,696,0.5367,0
24190.68,2,13800.0,6,653,0.2725,1
134248.12,0,21000.0,5,631,0.1637,1
92280.14,3,48100.0,1,560,0.5464,1
58606.42,12,16100.0,0,778,0.196,0
85375.29,0,48200.0,2,722,0.4072,1
39299.91,5,18200.0,4,668,0.1964,0
43534.45,11,16400.0,3,683,0.1496,0
46402.35,7,9500.0,2,667,0.288,0
21611.91,8,10500.0,2,543,0.2118,0
96179.08,7,55900.0,2,568,0.3887,0
115309.66,1,48900.0,1,660,0.1893,0
40711.29,9,8100.0,1,658,0.4326,0
72512.31,10,21900.0,3,674,0.3452,0
51738.26,1,7900.0,1,802,0.4466,0
71721.85,3,14300.0,2,654,0.2911,0
42396.98,4,12300.0,2,618,0.2285,0
36831.77,3,8800.0,5,679,0.3734,0
106792.31,2,30900.0,2,570,0.3768,0
57807.35,2,8700.0,2,687,0.2428,0
182072.44,6,25600.0,2,621,0.3412,1
61418.75,8,22100.0,2,692,0.3698,0
35977.79,2,7000.0,1,661,0.1302,0
117573.33,8,39200.0,2,664,0.2803,0
84705.86,3,35700.0,3,722,0.3871,0
89302.08,1,40200.0,2,730,0.1978,0
115246.71,5,25100.0,3,827,0.4208,0
41812.98,4,11700.0,0,727,0.6745,0
55826.88,5,12300.0,1,657,0.3798,0
54486.19,5,13100.0,5,628,0.4204,1
29439.41,5,15600.0,4,701,0.3773,0
51793.78,4,24700.0,5,785,0.598,0
124867.53,8,21600.0,0,739,0.1565,0
68222.93,6,17500.0,2,622,0.5324,1
28557.25,3,8500.0,1,709,0.2826,0
25445.35,3,6200.0,3,692,0.1773,0
149586.01,1,74300.0,5,754,0.3043,0
56972.53,1,19400.0,3,698,0.4542,0
41937.03,4,10300.0,3,695,0.445,0
51498.32,7,10700.0,0,586,0.2435,0
26568.48,2,9500.0,4,734,0.2617,0
130967.22,6,43900.0,4,571,0.3854,0
48234.07,5,24500.0,1,682,0.3862,1
127016.32,2,52900.0,1,634,0.3097,0
61599.46,4,17600.0,3,629,0.5134,1
131431.7,4,67900.0,1,719,0.3643,0
68953.11,2,14000.0,2,675,0.2411,0
95729.13,6,18000.0,2,495,0.4197,1
88920.78,7,19500.0,2,660,0.4094,0
84356.75,3,41800.0,2,646,0.1616,0
72501.6,1,11700.0,3,769,0.2538,0
52676.89,8,26800.0,4,582,0.3886,1
171697.43,1,65300.0,3,819,0.4616,0
36358.55,5,20300.0,3,739,0.2605,0
60016.16,2,23200.0,3,654,0.1622,0
60366.36,1,16100.0,0,644,0.3028,0
74708.0,3,16700.0,2,627,0.1329,0
47277.51,4,15700.0,1,699,0.3497,0
71190.2,2,10800.0,1,616,0.3305,0
54564.38,1,5900.0,3,666,0.2902,0
25082.51,0,12900.0,1,594,0.3374,0
60189.53,11,34200.0,0,728,0.3549,0
32685.57,5,10000.0,2,688,0.1541,0
23065.37,2,9400.0,2,640,0.3021,0
64555.48,5,25200.0,1,657,0.359,0
78302.58,4,34000.0,1,623,0.2799,1
79992.16,7,29200.0,3,698,0.2837,0
81792.75,3,50200.0,2,581,0.4972,1
20683.18,7,10000.0,1,743,0.5097,0
28323.32,2,6300.0,3,688,0.273,0
177271.33,5,106100.0,4,641,0.351,1
33658.98,7,11900.0,0,719,0.2605,0
83781.09,5,45800.0,2,704,0.4983,0
41035.15,13,6600.0,4,597,0.1599,0
62556.16,6,36300.0,1,773,0.4712,0
42264.81,5,21300.0,2,488,0.3357,1
81539.89,3,46900.0,4,757,0.1632,0
64551.96,5,24300.0,0,663,0.5185,1
46790.74,9,31500.0,3,749,0.5682,0
33604.17,3,11100.0,0,783,0.3809,0
69374.58,2,28300.0,2,643,0.264,0
30730.31,3,16200.0,3,646,0.2128,1
75744.0,3,37800.0,4,699,0.2715,0
253867.23,6,108700.0,0,590,0.3485,1
125818.23,12,67300.0,0,650,0.5837,1
88884.35,1,34600.0,1,644,0.2416,0
57120.36,0,15200.0,1,586,0.3013,0
20613.18,4,9100.0,1,640,0.3746,0
28933.13,2,3000.0,0,731,0.1946,0
121241.06,5,8500.0,2,726,0.6207,0
38779.0,5,18500.0,4,662,0.2812,0
40758.16,3,15800.0,1,680,0.1624,0
54660.26,6,14100.0,4,652,0.3234,0
33385.42,2,9900.0,1,543,0.2225,0
30493.76,2,4200.0,1,599,0.4697,0
58234.85,2,6900.0,4,747,0.2519,0
36667.97,3,20000.0,3,765,0.2025,0
39832.55,4,9300.0,3,611,0.3823,0
38962.11,4,14400.0,4,759,0.3739,0
79801.54,4,21100.0,2,585,0.2246,0
52697.9,6,11100.0,4,636,0.3687,0
54273.18,4,23300.0,1,666,0.225,1
83143.25,10,30600.0,3,655,0.3655,0
55374.71,4,28700.0,1,623,0.2993,0
51377.75,7,5200.0,2,685,0.1466,0
77555.39,1,33000.0,2,733,0.3559,0
86466.2,4,32500.0,2,566,0.1116,0
55221.61,3,19300.0,1,684,0.1757,0
62588.34,3,16700.0,3,747,0.2298,0
38949.27,9,9900.0,0,644,0.1013,0
37295.36,13,2400.0,0,634,0.3864,0
91402.78,6,34900.0,1,611,0.2923,0
76474.92,0,32900.0,3,825,0.4395,0
76911.77,2,12500.0,5,787,0.1536,0
69875.47,1,22900.0,1,653,0.6281,1
61415.15,4,27600.0,2,764,0.3579,1
87818.42,5,19600.0,2,636,0.4466,0
100138.53,1,11600.0,1,663,0.1909,0
98831.87,10,18300.0,3,596,0.3981,0
56645.74,1,20500.0,1,537,0.2519,0
128392.34,5,29700.0,4,631,0.1293,0
67890.63,9,40400.0,2,643,0.2794,0
84779.32,4,26400.0,2,707,0.2093,0
69922.89,2,12600.0,4,724,0.3035,0
68586.68,2,39400.0,5,666,0.2381,0
39948.1,4,20900.0,3,601,0.3043,0
88057.29,7,12100.0,1,626,0.244,0
286333.33,5,83300.0,2,794,0.3356,0
48720.87,2,25500.0,2,722,0.3202,0
62258.3,3,13200.0,2,782,0.1875,0
46844.42,2,20400.0,0,808,0.2707,0
45779.38,2,26800.0,4,626,0.4165,0
140006.93,2,59400.0,1,737,0.352,0
41351.58,3,6100.0,2,607,0.3044,0
46131.71,4,12900.0,3,752,0.1903,0
25006.2,4,17100.0,2,737,0.2489,0
39470.69,5,7900.0,3,516,0.2179,0
23397.4,2,13000.0,3,705,0.2621,0
84752.67,4,42900.0,3,611,0.4038,1
279241.83,4,136000.0,2,649,0.2933,0
48938.84,8,11100.0,1,626,0.1869,0
23939.45,1,18300.0,4,743,0.4142,0
98223.41,1,57000.0,2,624,0.407,0
40142.51,6,18800.0,1,579,0.524,1
122349.97,6,27700.0,0,614,0.2285,0
51271.18,6,8200.0,5,659,0.1169,0
42298.27,6,19000.0,3,706,0.2721,0
54291.52,1,19800.0,0,765,0.2831,0
90832.93,12,6700.0,3,714,0.261,0
52834.45,7,4800.0,4,719,0.5049,0
45560.73,1,11900.0,1,730,0.2759,0
53671.78,3,20700.0,1,736,0.4257,0
29746.88,3,17300.0,4,753,0.2431,0
74486.07,4,32500.0,4,850,0.2811,0
22410.85,3,11800.0,3,735,0.155,0
46898.14,1,9200.0,4,696,0.1293,0
90913.33,4,56900.0,1,640,0.1308,0
70733.64,8,41200.0,2,698,0.5716,0
82840.83,3,30200.0,1,762,0.2751,0
57770.0,5,1700.0,1,584,0.4278,1
113932.38,4,31400.0,3,769,0.2038,0
99566.85,6,15400.0,3,643,0.276,0
76525.37,3,25600.0,2,658,0.2104,0
99722.86,2,36300.0,1,714,0.5735,0
90466.32,3,7100.0,3,635,0.235,0
47018.44,8,12100.0,0,709,0.1862,0
28591.24,4,8400.0,3,589,0.4963,1
75448.02,4,31400.0,2,741,0.1312,0
80849.86,8,27500.0,4,690,0.187,0
109071.57,9,53300.0,2,675,0.2725,0
35775.67,0,24300.0,2,696,0.3144,1
36368.67,1,12100.0,2,673,0.3372,0
77106.68,7,19600.0,4,708,0.2418,0
57575.83,4,27500.0,4,659,0.4697,1
21222.79,9,2500.0,0,653,0.3719,0
73593.32,1,31700.0,4,542,0.3509,1
21615.53,5,13600.0,2,777,0.6509,0
35600.28,6,22400.0,1,588,0.2906,0
125922.86,3,48000.0,2,796,0.4187,0
163355.4,6,30100.0,4,657,0.1746,0
30680.7,7,2700.0,0,766,0.4225,0
49952.84,4,11300.0,1,753,0.3832,0
61294.32,3,20300.0,1,747,0.258,0
159480.16,7,95500.0,3,678,0.2425,0
45657.45,4,24900.0,7,585,0.6321,1
46060.63,5,30500.0,3,661,0.3369,0
140336.59,4,52800.0,2,651,0.3119,0
48721.03,4,19900.0,3,667,0.4132,0
89072.95,3,47200.0,0,583,0.2138,0
26570.89,6,5200.0,4,654,0.4057,0
54492.7,2,6400.0,3,456,0.3294,0
24033.93,1,2200.0,1,652,0.2439,0
33507.06,4,11000.0,2,684,0.0748,0
94993.21,9,33900.0,2,616,0.2939,0
58253.07,4,12800.0,1,655,0.2418,0
50236.23,3,18300.0,2,687,0.614,0
39663.54,3,19900.0,2,751,0.3011,0
53031.38,3,8400.0,0,754,0.5233,0
70658.4,0,29800.0,2,698,0.2353,0
102806.51,8,40100.0,3,673,0.2862,0
18000.0,2,11800.0,6,702,0.2508,0
37893.37,4,16600.0,1,810,0.5174,0
65349.36,3,23100.0,2,713,0.4584,0
56705.43,2,8200.0,1,695,0.1356,0
74746.45,9,39600.0,1,755,0.4701,0
69365.66,1,18300.0,0,679,0.6232,1
50631.17,6,26700.0,3,611,0.2703,0
44811.98,1,24200.0,2,709,0.2156,0
52311.64,3,20100.0,0,688,0.242,0
112623.79,8,28400.0,1,659,0.4296,0
40030.45,3,10700.0,3,716,0.3754,0
57841.18,6,15500.0,0,539,0.5805,1
66226.65,3,34600.0,1,634,0.2268,1
141236.77,3,31300.0,4,609,0.5221,1
50758.3,6,8800.0,0,617,0.5248,1
101452.26,6,15700.0,2,663,0.3323,0
117899.6,9,34800.0,1,607,0.2872,0
57811.05,3,9500.0,1,801,0.2795,0
53322.01,5,31800.0,3,709,0.1387,0
49962.12,4,24900.0,5,615,0.4292,1
52015.51,5,23500.0,2,544,0.2854,0
95782.18,7,31700.0,1,631,0.6044,1
67985.89,2,17500.0,0,650,0.4109,0
68146.11,5,34500.0,1,627,0.2268,0
32245.28,9,10100.0,4,850,0.355,0
35167.6,4,12500.0,2,551,0.2239,0
194637.82,6,20500.0,5,679,0.4475,0
54295.46,0,21100.0,5,665,0.2943,0
39099.91,4,21800.0,1,656,0.4887,1
131545.03,3,66600.0,1,530,0.2867,1
69912.15,6,19700.0,2,672,0.249,0
82288.38,5,12600.0,0,689,0.2415,0
55496.44,2,12700.0,3,728,0.4395,0
50248.19,1,19700.0,2,711,0.3601,0
54542.06,12,19700.0,1,766,0.3367,0
27986.96,5,6100.0,2,522,0.4609,1
57047.52,5,17700.0,1,657,0.3644,0
70461.25,2,20300.0,2,850,0.5201,0
165670.27,3,78000.0,1,755,0.3371,0
62774.2,9,23300.0,3,566,0.1441,0
18000.0,4,6200.0,1,682,0.4955,0
56857.76,9,20900.0,2,596,0.4876,0
270148.55,5,135100.0,4,643,0.2757,0
96423.13,8,26500.0,3,825,0.3165,0
38330.88,0,24900.0,2,747,0.1797,0
82876.65,2,41700.0,1,561,0.2839,0
39810.76,4,20300.0,1,618,0.2019,0
28435.85,3,19600.0,1,675,0.3583,1
49434.15,6,14900.0,2,655,0.2341,0
62965.33,1,34900.0,3,698,0.1412,1
21382.21,1,1900.0,1,617,0.3965,0
31823.57,5,14500.0,4,648,0.3844,0
60215.47,7,29900.0,3,616,0.2915,0
47834.61,3,10800.0,1,647,0.2815,0
74395.16,9,19100.0,2,728,0.1439,0
30697.37,11,6000.0,1,697,0.2995,0
88677.6,4,31100.0,3,622,0.3756,1
31223.69,3,18200.0,2,760,0.4289,1
147783.53,2,25500.0,2,755,0.2534,0
23302.9,2,9700.0,1,675,0.2627,0
32829.91,6,9100.0,4,656,0.2628,0
75323.99,2,26300.0,1,807,0.1622,0
149541.36,2,78300.0,3,796,0.215,0
71201.82,2,31300.0,0,561,0.368,1
81598.96,4,42100.0,3,765,0.2063,0
60454.44,4,16000.0,4,804,0.2164,0
34046.44,6,11800.0,4,724,0.1512,0
45726.07,4,20100.0,3,640,0.2443,0
30743.99,1,11100.0,1,649,0.4963,1
29634.94,3,11100.0,6,803,0.5413,0
74679.57,4,27500.0,2,738,0.2104,0
32281.58,2,5000.0,3,716,0.1966,0
71378.69,5,27000.0,3,850,0.1994,0
29260.61,0,9900.0,3,599,0.3712,0
70474.81,4,38000.0,1,668,0.1983,0
45762.7,8,10700.0,0,689,0.2262,0
129785.52,7,18400.0,3,659,0.2971,0
71542.39,4,9900.0,4,537,0.3069,0
118146.49,4,26000.0,0,750,0.1897,0
39513.37,5,4400.0,3,619,0.3692,1
61751.83,2,32400.0,1,617,0.1998,0
34905.58,7,18000.0,0,648,0.1449,0
47691.91,9,17800.0,2,658,0.2821,0
51836.13,3,23000.0,2,666,0.5324,1
40166.07,4,3600.0,1,747,0.3501,0
30683.29,6,8600.0,4,763,0.2963,0
27517.17,2,18200.0,3,656,0.4405,1
18000.0,9,8500.0,2,630,0.1562,0
33490.24,12,11000.0,0,665,0.2487,0
84551.97,6,45600.0,2,608,0.1306,0
24855.29,10,5400.0,2,673,0.4706,0
28212.84,1,5200.0,0,604,0.1927,0
160330.76,5,29500.0,2,835,0.293,0
42189.52,0,9400.0,5,685,0.3662,0
71437.29,3,38200.0,2,635,0.4031,1
85244.12,3,43700.0,0,728,0.3662,0
86196.89,2,40800.0,3,583,0.3608,1
25918.89,1,7800.0,3,622,0.3726,1
52728.81,6,8100.0,1,707,0.5224,0
24587.05,2,10100.0,1,685,0.2473,0
229917.27,6,78600.0,0,754,0.1456,0
24904.87,4,9000.0,4,470,0.2073,0
33647.29,5,6800.0,0,736,0.4787,0
33781.53,3,17400.0,5,634,0.3073,0
26287.18,4,11000.0,0,587,0.2782,1
125986.07,13,18800.0,2,546,0.3061,0
226918.53,5,86400.0,0,633,0.1869,0
46089.39,9,25200.0,3,794,0.2031,0
28962.79,9,5100.0,2,748,0.2211,0
18000.0,1,10300.0,3,798,0.2989,0
52351.73,9,21500.0,6,666,0.28,1
50312.01,4,11800.0,1,683,0.2275,0
41847.49,3,23800.0,3,557,0.1639,0
67626.58,2,42800.0,4,557,0.1552,0
74409.97,1,36100.0,4,664,0.2251,0
71517.38,5,15400.0,3,572,0.1692,0
50318.66,1,6000.0,2,611,0.3149,1
32666.59,6,10900.0,2,678,0.404,0
86353.81,0,23400.0,3,770,0.2423,0
60287.65,2,6300.0,2,676,0.3402,0
97596.47,3,44800.0,1,573,0.3142,1
92460.94,4,45900.0,3,538,0.3077,1
27392.67,2,12200.0,4,684,0.408,1
27205.59,1,7900.0,2,628,0.3135,0
39515.67,3,10900.0,2,684,0.1459,0
33491.74,2,7500.0,1,660,0.3414,0
90706.88,3,16400.0,4,670,0.4556,1
72636.32,6,17200.0,2,765,0.1574,0
109595.46,8,55400.0,1,754,0.2553,0
74463.75,3,16600.0,3,703,0.2896,0
67154.91,6,33500.0,0,608,0.2292,0
115826.81,2,38300.0,4,634,0.3777,0
77524.56,2,27700.0,2,732,0.3189,0
62159.29,3,34900.0,4,773,0.4502,0
135164.68,7,57700.0,0,579,0.4101,0
63789.86,1,28100.0,4,790,0.5372,1
50645.85,1,26500.0,1,617,0.2549,0
37767.24,11,18800.0,0,725,0.2769,0
88138.44,2,21000.0,4,850,0.2959,0
118228.89,3,23500.0,2,556,0.4072,1
58231.22,3,31100.0,0,713,0.4077,0
122927.94,9,28300.0,3,651,0.3252,0
20261.78,7,3200.0,3,709,0.264,0
58075.59,1,7200.0,1,629,0.1501,0
58568.24,4,16400.0,2,489,0.2328,1
40140.98,5,21500.0,2,618,0.2556,0
222153.44,6,93100.0,1,701,0.349,0
57733.57,0,21200.0,4,776,0.3416,0
47846.25,1,16400.0,0,705,0.4112,0
60735.23,6,23700.0,5,785,0.3022,0
19899.55,1,6900.0,1,638,0.3501,0
39421.74,5,18800.0,1,632,0.4786,1
102824.81,1,35200.0,1,701,0.4558,0
42365.09,1,16900.0,0,647,0.5081,1
37953.56,2,21200.0,2,759,0.3414,0
123036.84,4,32400.0,1,570,0.4586,1
125133.93,5,50500.0,1,740,0.2377,0
79566.21,5,20700.0,2,766,0.4921,0
46615.36,6,7400.0,2,702,0.3444,0
52485.43,2,24300.0,2,743,0.2615,0
38473.21,6,21300.0,3,626,0.4066,1
34643.83,4,1000.0,3,613,0.5072,1
33710.71,4,13400.0,4,701,0.3972,0
42619.62,14,9700.0,2,621,0.5971,1
33890.96,5,7800.0,1,698,0.1599,0
25335.51,3,8400.0,2,698,0.4535,0
67553.25,3,36900.0,6,670,0.6354,1
68120.1,4,16100.0,2,696,0.4119,0
152578.73,1,88300.0,1,723,0.1416,0
41457.08,5,16200.0,3,667,0.1538,0
70463.87,4,28600.0,2,639,0.6406,1
71110.62,4,10000.0,3,737,0.4778,0
52072.35,4,22100.0,5,695,0.3247,0
90163.82,1,47500.0,2,709,0.5041,0
91709.02,6,25600.0,3,719,0.1648,0
71687.82,2,10100.0,2,686,0.4521,0
52020.76,7,30000.0,2,649,0.5439,1
49185.71,6,11800.0,2,629,0.3419,0
28218.56,10,4200.0,2,668,0.3634,0
38435.82,4,12800.0,2,711,0.2953,0
42527.06,6,3100.0,1,715,0.1791,0
32267.49,11,17600.0,0,686,0.4528,0
76264.14,2,12700.0,3,701,0.2822,0
115629.38,7,55800.0,4,592,0.5696,0
36336.05,5,11000.0,0,640,0.1203,0
69974.96,2,6600.0,3,725,0.2371,0
33902.32,3,4000.0,2,612,0.3525,0
50629.66,15,17600.0,1,686,0.4392,0
40958.67,7,16400.0,0,679,0.2613,0
83369.9,5,40200.0,5,666,0.7948,1
41219.49,2,18500.0,3,726,0.3318,1
104444.72,0,12800.0,2,692,0.203,0
52305.33,1,11700.0,3,585,0.4246,1
41886.46,4,3500.0,3,714,0.2716,0
30051.93,4,18500.0,1,637,0.1907,0
68820.88,8,15500.0,2,573,0.2618,0
97965.45,2,42900.0,0,731,0.5683,0
69586.56,2,14100.0,1,586,0.3892,1
205121.43,5,69400.0,5,648,0.422,1
131450.17,3,38100.0,3,697,0.2223,0
50557.15,3,19600.0,1,670,0.2563,0
50266.04,8,23200.0,4,628,0.4054,0
77523.25,1,14400.0,2,600,0.2034,0
37763.17,7,10200.0,3,618,0.2607,0
113715.91,5,23300.0,0,594,0.2457,1
73048.6,3,18700.0,1,666,0.2027,0
68944.18,4,36200.0,1,634,0.3991,0
87362.77,2,19200.0,1,572,0.2324,0
154439.3,3,75300.0,2,653,0.3643,0
65777.0,11,13700.0,1,627,0.3792,0
56264.99,2,20300.0,3,695,0.2955,0
137282.45,1,24000.0,3,702,0.0656,0
101941.33,4,46700.0,1,776,0.6271,0
50184.48,9,13300.0,3,724,0.2629,0
60045.18,4,20900.0,4,593,0.3345,1
66666.61,3,13400.0,0,512,0.3606,1
73057.14,3,33800.0,2,561,0.1544,0
28392.21,7,16900.0,0,637,0.2016,0
25632.94,5,9500.0,3,554,0.4629,1
36751.54,5,7100.0,1,629,0.4253,0
35220.86,4,11500.0,2,677,0.1318,0
42019.82,7,17100.0,2,633,0.6899,1
84888.24,11,18700.0,2,696,0.3076,0
54561.78,11,7600.0,1,629,0.2559,0
66703.79,4,30700.0,2,618,0.1422,0
30535.13,5,3900.0,0,803,0.1494,0
46448.38,10,20300.0,1,673,0.3096,0
82701.39,4,45400.0,4,683,0.1458,0
83052.14,7,31000.0,3,738,0.4568,0
40194.46,2,8400.0,2,741,0.3227,0
65441.66,2,4900.0,3,648,0.2861,0
200659.82,12,99200.0,2,753,0.3708,0
59297.42,6,6600.0,3,641,0.1886,0
40894.35,3,15000.0,0,751,0.4579,0
54416.93,2,18200.0,4,582,0.392,0
62987.87,3,35200.0,3,652,0.1718,0
55097.38,1,15900.0,0,692,0.169,0
58850.46,6,33100.0,0,702,0.3388,0
27067.91,5,6800.0,2,612,0.1638,0
35261.72,5,7100.0,4,551,0.204,0
55152.96,9,20600.0,5,710,0.5833,0
54671.76,4,22200.0,2,659,0.2988,0
43852.89,5,15500.0,1,646,0.3266,0
54319.72,1,24900.0,2,799,0.3928,0
61917.5,6,8400.0,2,653,0.3043,0
97653.17,6,29700.0,1,636,0.2707,0
56694.56,1,33300.0,2,540,0.4387,1
74570.98,3,32900.0,0,594,0.5535,1
44449.98,8,15700.0,3,741,0.1623,0
82014.61,5,44600.0,5,621,0.507,1
73618.5,2,3600.0,2,722,0.4794,0
96394.01,6,14200.0,2,578,0.259,1
88645.74,11,29600.0,3,610,0.4563,1
82768.65,1,8700.0,0,608,0.3535,0
56719.33,6,22200.0,2,711,0.2657,0
68508.74,5,29300.0,1,659,0.3101,0
107466.01,1,19300.0,2,592,0.4235,0
41829.58,5,11400.0,2,729,0.2199,0
42377.62,2,13200.0,2,712,0.1749,0
66157.09,3,14300.0,2,701,0.5091,1
75237.41,6,12400.0,2,697,0.0946,0
38053.24,5,15700.0,5,611,0.2618,0
57462.08,5,12200.0,2,769,0.3913,0
56857.34,15,32300.0,3,667,0.1747,0
18000.0,3,10700.0,3,695,0.1695,0
53062.37,1,19800.0,2,704,0.2399,0
54911.34,6,6900.0,1,604,0.0783,0
54821.56,5,28500.0,2,817,0.1374,0
130450.99,3,51000.0,2,673,0.5444,1
30678.3,2,5400.0,0,678,0.3666,0
38042.44,9,21100.0,2,644,0.3667,0
18000.0,0,2100.0,3,761,0.1858,0
45958.58,5,19700.0,0,764,0.4926,0
48165.39,2,28900.0,2,687,0.2482,1
45229.85,5,27500.0,0,565,0.3639,1
110108.61,2,32000.0,1,663,0.0924,0
96118.75,5,51100.0,1,670,0.3855,0
62493.71,8,8600.0,4,641,0.2464,0
48833.06,3,8800.0,0,601,0.5772,1
105282.69,3,28800.0,7,558,0.3007,1
59227.02,5,9100.0,1,785,0.4634,0
38175.59,6,20000.0,2,731,0.1793,0
23296.61,13,5800.0,1,678,0.5609,0
46970.59,3,17600.0,3,626,0.2424,0
90676.54,3,40100.0,2,702,0.4535,1
209419.83,2,110700.0,1,690,0.4782,0
61937.78,0,31900.0,3,645,0.3596,0
39302.93,8,20800.0,1,704,0.3732,0
31202.99,4,15900.0,5,713,0.2874,0
81111.11,2,20100.0,0,727,0.0877,0
22685.04,7,15000.0,2,608,0.2328,0
81039.32,7,21200.0,4,707,0.2366,0
93877.06,6,22000.0,2,763,0.179,0
76111.43,3,25200.0,1,697,0.461,0
53060.4,5,12600.0,2,841,0.1944,0
81692.49,2,43900.0,0,661,0.2728,0
65776.38,6,39500.0,0,546,0.1812,0
39027.89,2,21500.0,0,611,0.3874,0
165665.63,8,38500.0,1,625,0.3928,0
49344.24,6,22800.0,2,717,0.3726,0
91735.41,1,10100.0,2,737,0.174,0
18000.0,8,1000.0,3,685,0.3503,0
120820.23,7,62700.0,1,697,0.3052,0
134298.48,7,73700.0,3,819,0.2307,0
60864.7,7,28700.0,2,613,0.3557,0
81415.75,4,45900.0,1,670,0.2577,0
81404.3,5,17200.0,5,641,0.3432,1
42043.88,3,13000.0,2,587,0.1922,0
80895.81,1,48400.0,5,523,0.2478,1
38378.52,6,6200.0,2,772,0.2615,0
42838.12,1,3700.0,2,618,0.4798,0
111281.55,2,55200.0,5,656,0.2451,0
102340.6,2,43300.0,3,707,0.5627,0
40598.79,4,21300.0,0,586,0.3045,0
39995.93,12,2400.0,2,612,0.3062,1
41978.88,2,5500.0,3,673,0.3233,0
89585.77,12,28100.0,2,642,0.3702,0
34544.66,7,19800.0,2,579,0.1768,0
72852.49,5,15300.0,1,721,0.3186,0
90288.53,2,44200.0,6,640,0.3836,0
57037.54,4,16600.0,3,685,0.239,0
104353.04,4,53600.0,3,679,0.3747,0
50646.7,6,19300.0,1,748,0.3335,0
53230.11,2,22200.0,3,701,0.1084,0
34979.4,7,11900.0,2,610,0.4412,0
104762.12,4,34400.0,2,762,0.4244,0
39277.76,6,17500.0,3,640,0.3056,0
72574.91,4,33400.0,1,614,0.2304,1
57571.11,9,18200.0,0,603,0.0789,0
33555.94,2,23600.0,2,499,0.2948,0
42829.97,5,14500.0,4,629,0.1987,0
128101.7,1,49300.0,3,705,0.1775,0
66897.15,6,11800.0,2,573,0.4184,0
34370.96,2,17600.0,0,803,0.4493,0
70822.4,3,21900.0,3,507,0.2107,1
55250.75,3,28200.0,5,616,0.3999,0
400000.0,14,104200.0,4,563,0.2046,0
70039.74,2,19100.0,0,744,0.5124,0
48564.9,7,28800.0,5,724,0.3048,0
130746.47,0,64400.0,1,655,0.4524,1
21751.33,4,3800.0,1,568,0.3346,1
63062.15,9,7000.0,4,585,0.2088,0
179321.52,1,16400.0,1,694,0.3438,0
56167.32,7,28500.0,3,624,0.2515,0
23079.14,4,14200.0,0,633,0.3047,0
48158.12,0,18400.0,3,669,0.4006,1
133250.34,8,79600.0,3,644,0.1582,0
73632.24,6,38600.0,2,544,0.2754,0
37745.79,2,7500.0,0,575,0.3486,0
41073.42,6,21800.0,4,577,0.2476,1
44009.68,1,21500.0,2,620,0.4765,1
73032.43,2,24900.0,2,682,0.5028,0
124992.36,4,65900.0,0,679,0.1387,0
106812.76,4,57100.0,1,764,0.4711,0
76941.96,5,10300.0,2,569,0.182,0
28784.59,14,6900.0,2,698,0.3818,0
28843.42,1,12400.0,3,616,0.5304,1
80281.03,5,31800.0,3,823,0.4867,0
28566.53,5,13400.0,3,667,0.1658,0
52888.34,8,11100.0,0,633,0.1998,0
70776.53,4,12000.0,1,696,0.4922,0
32026.64,0,19000.0,2,690,0.1927,1
34086.47,4,18200.0,2,647,0.3144,0
56853.52,0,8200.0,1,720,0.3143,0
78984.56,8,27400.0,3,788,0.3512,0
107348.45,4,42000.0,1,744,0.3079,0
83606.74,5,16700.0,2,664,0.4245,0
62349.51,2,11600.0,2,808,0.3944,0
39719.32,2,28900.0,2,711,0.5174,0
33223.12,6,8500.0,3,593,0.2591,0
45207.47,3,22800.0,1,679,0.283,0
75016.59,2,46200.0,3,659,0.2562,1
72051.98,9,18700.0,2,634,0.3505,0
18864.82,4,1700.0,3,699,0.1637,0
38866.1,2,19100.0,2,534,0.246,0
116131.58,5,14800.0,3,795,0.6516,0
62540.42,3,31000.0,1,721,0.114,1
27464.38,6,6600.0,1,537,0.4251,1
218753.69,2,71000.0,5,720,0.3181,0
58928.61,8,12200.0,2,708,0.2321,0
73967.69,3,18100.0,0,785,0.2917,0
74588.28,1,20100.0,2,804,0.222,0
48914.17,1,27000.0,2,817,0.4962,0
40128.19,3,16200.0,6,654,0.283,0
192321.02,2,59500.0,2,716,0.4264,0
103960.18,1,51400.0,6,639,0.4052,1
94095.5,1,12500.0,4,748,0.1146,0
82203.98,4,51300.0,1,513,0.2405,1
34481.4,5,11600.0,3,579,0.5612,1
120890.64,4,48300.0,2,642,0.113,0
37657.11,9,14500.0,1,670,0.2301,0
69969.01,5,22700.0,2,687,0.4144,0
24302.53,2,3900.0,5,771,0.3482,0
19487.48,20,5900.0,3,626,0.3175,0
71329.14,2,42700.0,3,578,0.3742,1
38368.63,1,6600.0,2,646,0.0888,0
20049.47,6,4800.0,0,630,0.1329,0
80606.55,12,40400.0,1,716,0.2241,0
192152.46,7,61600.0,3,789,0.1404,0
128573.77,3,52400.0,3,783,0.3978,0
51972.77,2,9600.0,1,757,0.4105,0
60166.13,6,32100.0,1,632,0.4603,0
97561.52,3,29000.0,2,663,0.1445,0
110987.23,3,10700.0,1,707,0.5715,0
49565.75,10,22300.0,4,617,0.5633,1
61010.29,1,5300.0,2,624,0.444,0
70639.03,5,7800.0,3,703,0.2586,0
81196.87,2,47100.0,1,573,0.2281,1
55648.36,4,22400.0,3,757,0.3132,0
56047.4,2,29700.0,1,645,0.4472,1
127887.7,3,71500.0,2,716,0.1253,0
116452.23,16,13700.0,1,691,0.2724,0
77852.85,7,17600.0,4,769,0.5277,0
154123.57,6,41200.0,4,515,0.3365,0
48409.67,4,9800.0,3,770,0.34,0
146186.05,4,28300.0,4,768,0.3008,0
80691.09,4,41500.0,1,696,0.3383,0
361878.71,5,88600.0,3,714,0.4995,0
31074.25,7,14100.0,5,720,0.2594,0
40980.85,13,19700.0,1,607,0.3302,0
75383.13,3,35900.0,2,679,0.2087,0
74494.36,9,17200.0,2,742,0.2954,0
175006.16,13,25500.0,1,541,0.4511,0
41456.25,7,14600.0,1,710,0.2418,0
98489.5,4,31600.0,1,682,0.1746,0
113476.91,7,32900.0,2,722,0.4277,0
88217.12,1,33600.0,1,580,0.2383,1
35293.43,12,15000.0,1,619,0.263,0
129867.16,8,62300.0,5,570,0.1125,0
117727.59,4,14400.0,3,569,0.2636,0
83263.99,3,9500.0,2,737,0.1897,0
66996.2,1,29000.0,4,631,0.4155,1
67802.84,8,11600.0,0,625,0.624,0
57336.65,3,32100.0,3,757,0.2776,0
85172.32,12,41100.0,2,649,0.1712,0
60908.27,1,38000.0,8,747,0.5667,0
37545.59,2,11500.0,2,596,0.3839,0
33633.39,2,14700.0,2,649,0.6656,1
39591.91,0,7900.0,4,607,0.2212,0
67654.74,6,26600.0,2,716,0.4203,0
58993.01,1,35300.0,2,659,0.1827,1
67402.61,2,11300.0,1,730,0.2288,0
78861.4,1,22400.0,2,686,0.1356,0
42402.96,3,12100.0,1,529,0.3564,0
134069.43,11,15700.0,3,655,0.4274,0
51676.53,5,3100.0,2,560,0.2586,0
47174.8,5,9900.0,3,701,0.4323,0
78066.2,4,24500.0,2,717,0.3155,0
21805.54,3,6300.0,1,724,0.1188,0
38762.4,3,8300.0,1,666,0.2136,0
102702.33,4,14200.0,1,553,0.2384,1
23026.89,10,8000.0,1,691,0.4347,0
110709.6,2,69200.0,5,706,0.1895,0
137465.07,8,62300.0,2,661,0.2725,0
48864.16,2,25600.0,6,681,0.4088,1
70297.89,6,21700.0,2,533,0.3365,0
110801.76,10,59700.0,2,680,0.458,0
46317.07,4,19700.0,1,667,0.5227,0
96497.9,3,30300.0,3,584,0.2073,0
41393.05,6,18000.0,4,715,0.4534,0
46042.43,11,20000.0,3,638,0.3545,0
38575.2,7,20200.0,2,692,0.5639,0
72291.08,12,37800.0,2,712,0.1939,0
113196.78,4,45800.0,1,700,0.3131,0
54108.03,4,7700.0,4,574,0.2473,1
29756.8,1,17700.0,1,646,0.1986,0
33008.2,2,1900.0,1,835,0.3481,0
74386.49,4,39500.0,1,780,0.2333,0
165092.97,4,96900.0,1,738,0.229,0
74350.73,6,37700.0,0,696,0.3697,0
48397.67,3,14200.0,2,601,0.5196,1
91253.92,3,51800.0,2,663,0.4948,0
52484.64,14,19500.0,3,643,0.2497,0
48627.43,0,16000.0,5,669,0.239,0
35342.71,0,13000.0,2,567,0.3503,0
129916.45,2,50100.0,3,747,0.3756,0
18000.0,0,1000.0,0,474,0.2361,1
92857.61,0,44300.0,1,739,0.3233,0
46394.69,3,13100.0,2,741,0.4918,0
47777.62,5,19000.0,0,850,0.3386,0
151868.96,3,28800.0,2,656,0.2996,0
40425.98,5,12400.0,4,636,0.6088,1
41190.46,7,16600.0,2,684,0.4108,0
55730.52,5,7900.0,2,717,0.3838,0
75178.16,5,29600.0,1,668,0.1898,0
46956.61,3,15800.0,1,586,0.2925,1
25194.41,3,13100.0,1,717,0.4963,0
37192.63,0,13000.0,2,675,0.0762,0
121143.81,7,23500.0,3,599,0.3608,0
62387.94,4,27400.0,0,553,0.4122,0
76733.83,5,24500.0,4,850,0.3742,0
51855.61,1,19200.0,3,737,0.2761,0
41659.15,2,10100.0,2,717,0.3786,0
150642.26,3,44000.0,6,666,0.4693,1
53986.78,1,23800.0,4,727,0.2288,0
46917.53,5,18800.0,2,596,0.4025,1
109412.27,4,12800.0,2,690,0.4892,0
40243.42,4,16700.0,0,693,0.3826,0
43169.95,7,20500.0,2,598,0.3879,1
60212.53,5,14400.0,5,667,0.2247,0
59883.04,9,20100.0,2,644,0.6317,0
69063.82,5,31500.0,2,618,0.2926,0
189173.15,2,25100.0,2,635,0.1378,0
72037.1,4,31200.0,4,547,0.4959,1
18000.0,0,6200.0,4,755,0.1226,0
71643.98,5,34000.0,1,792,0.2441,0
61134.64,2,35900.0,2,606,0.5917,1
61322.22,4,15900.0,2,758,0.2718,0
68546.73,2,20500.0,1,673,0.3381,0
58937.15,1,33100.0,3,674,0.3562,1
58166.41,11,27500.0,3,578,0.455,1
83882.67,2,17000.0,2,633,0.3139,0
44438.24,2,12100.0,3,715,0.3293,0
35552.74,6,15800.0,4,602,0.1584,0
315868.04,3,128200.0,4,619,0.5973,1
40387.61,2,22900.0,5,637,0.5439,1
63264.43,6,19700.0,2,419,0.2374,0
26301.65,4,9700.0,7,700,0.1843,0
63835.05,7,36400.0,2,723,0.4146,0
35836.63,9,17000.0,0,702,0.4769,0
46940.68,3,28200.0,2,746,0.4269,0
106381.35,6,9800.0,1,642,0.41,0
77621.93,10,31900.0,1,811,0.2322,0
81848.5,11,30100.0,1,612,0.2548,0
22602.99,2,8800.0,4,658,0.3024,0
164438.57,8,89600.0,2,651,0.3521,0
31084.52,0,5900.0,1,689,0.21,0
138788.77,5,60900.0,1,657,0.2184,0
105014.02,1,44900.0,5,667,0.4218,0
82251.18,3,44900.0,2,624,0.2907,0
37412.43,14,15200.0,0,642,0.4046,0
65080.12,7,34200.0,2,507,0.4457,1
46211.93,1,16600.0,4,735,0.3365,0
60838.12,1,15300.0,3,598,0.2343,0
52186.04,8,23000.0,3,638,0.3702,0
19511.6,8,7400.0,1,596,0.3073,0
110966.24,8,63500.0,2,718,0.2158,0
57261.92,5,14400.0,1,634,0.4963,0
45860.51,7,17600.0,1,492,0.4214,1
43994.51,3,15800.0,2,696,0.3733,1
72922.52,3,30200.0,3,619,0.3258,1
36623.08,4,18500.0,4,673,0.3161,0
18000.0,2,12400.0,0,737,0.4639,0
74900.92,2,11400.0,1,601,0.1377,0
79658.71,6,25000.0,4,671,0.3594,0
53648.16,6,19000.0,2,617,0.3751,0
31845.57,2,7900.0,1,749,0.4691,0
62875.67,2,8700.0,3,681,0.1811,0
26755.82,5,15900.0,2,673,0.0849,0
34030.86,5,4100.0,0,582,0.5869,1
39621.06,5,16300.0,1,731,0.3316,0
95241.07,2,57200.0,5,741,0.4088,0
49048.46,16,28900.0,2,618,0.2474,0
46801.64,3,14100.0,2,687,0.4242,0
175445.0,5,99700.0,3,719,0.2415,0
72682.39,1,14400.0,0,841,0.3661,0
72145.99,4,24000.0,2,704,0.4755,0
48857.57,2,8900.0,2,675,0.3102,0
43130.93,3,8800.0,0,663,0.2737,0
18000.0,5,7700.0,3,668,0.4879,1
102008.08,9,50600.0,1,733,0.3137,0
76616.7,2,28300.0,1,609,0.3865,1
54255.45,5,9100.0,2,745,0.0695,0
55521.48,5,13400.0,1,559,0.4439,1
89758.62,6,49300.0,2,725,0.3065,0
25461.16,0,10400.0,1,746,0.2039,0
43285.17,7,12800.0,0,735,0.2252,0
32049.39,5,6300.0,0,695,0.2207,0
158630.06,5,88900.0,3,705,0.1864,1
96917.03,15,32100.0,2,645,0.2689,0
18000.0,2,9200.0,3,591,0.1941,0
26041.09,5,6200.0,4,694,0.1265,0
55670.73,13,23100.0,1,680,0.3158,0
46173.34,8,13000.0,2,744,0.175,0
28899.8,3,7700.0,1,664,0.4074,0
174489.39,5,50000.0,6,687,0.1874,0
71103.86,5,22600.0,3,697,0.3302,0
77741.85,3,38400.0,1,718,0.2934,0
40920.72,1,1000.0,3,746,0.5544,0
89076.5,3,49700.0,2,603,0.3479,1
48570.03,6,17500.0,2,728,0.2733,0
51234.13,3,21200.0,2,661,0.5737,1
83788.5,4,10400.0,0,723,0.2832,0
24441.83,9,7500.0,1,786,0.3754,0
144114.78,4,50800.0,2,517,0.0884,0
66191.95,4,34200.0,2,766,0.1842,0
121117.85,4,39400.0,1,666,0.1408,0
33140.76,3,13300.0,2,611,0.3973,1
36035.48,7,18400.0,1,642,0.3423,1
31601.34,1,12700.0,1,598,0.5654,1
68710.94,3,37700.0,4,713,0.1894,0
62086.93,5,9200.0,0,597,0.3505,1
46377.68,3,27700.0,6,765,0.146,0
34278.1,11,7600.0,3,727,0.0908,0
29833.05,4,17400.0,2,692,0.225,0
58298.63,4,9600.0,1,522,0.3374,0
46347.72,2,15300.0,2,576,0.2719,0
41065.19,3,8600.0,3,669,0.4147,1
140210.37,7,73000.0,5,673,0.5736,0
57223.55,2,1900.0,2,745,0.408,0
120393.84,1,17900.0,1,457,0.3427,1
44654.54,3,24200.0,4,618,0.1492,0
68502.6,4,11800.0,3,738,0.1842,0
58074.86,3,20700.0,1,650,0.3583,1
23536.5,9,12800.0,3,640,0.1828,0
131345.44,14,28200.0,4,554,0.3606,1
55584.83,5,14000.0,1,754,0.2652,0
90267.25,3,22300.0,2,639,0.4758,1
39592.07,6,17900.0,0,757,0.2788,0
54684.5,9,10100.0,0,785,0.5757,0
37169.03,2,11500.0,2,774,0.1691,0
118160.5,7,40500.0,3,673,0.2227,0
71059.66,3,17100.0,6,639,0.2737,1
73268.02,8,16600.0,3,634,0.2222,0
126374.03,2,53500.0,3,823,0.3359,0
113095.48,10,20400.0,2,659,0.563,0
91211.69,5,30500.0,1,754,0.1872,0
27393.2,6,4300.0,2,711,0.3005,0
40838.33,1,5200.0,2,644,0.3559,0
34470.58,1,22000.0,3,656,0.3813,1
89334.54,5,47100.0,2,764,0.4023,0
65766.02,6,15900.0,4,677,0.5036,1
27867.55,3,9700.0,1,641,0.1241,0
53970.38,6,12700.0,4,614,0.1301,0
26324.05,1,3500.0,2,699,0.6671,0
58149.0,1,30800.0,3,636,0.387,1
24089.83,4,1000.0,2,720,0.2346,0
80085.9,1,29600.0,2,850,0.1356,0
73708.95,1,4300.0,2,714,0.4979,0
170991.94,2,54100.0,2,810,0.4082,0
95447.37,6,18900.0,1,621,0.3208,0
47448.36,5,11200.0,1,726,0.4516,0
93895.58,9,36000.0,3,769,0.4099,0
27758.15,5,6600.0,2,778,0.585,0
35264.78,2,10500.0,3,771,0.1763,0
71914.15,6,35200.0,1,676,0.3737,0
18269.03,2,10100.0,2,742,0.4428,0
58662.83,3,33400.0,6,599,0.3135,1
34161.52,2,16400.0,0,796,0.3579,0
63304.95,1,16700.0,1,604,0.4588,0
33098.56,19,17600.0,3,769,0.1891,0
75609.44,2,10700.0,5,753,0.7208,0
60514.0,1,14000.0,4,753,0.3445,0
129340.18,6,19000.0,3,830,0.3769,0
60096.33,0,26100.0,1,754,0.3654,0
39231.94,3,10000.0,5,576,0.6657,1
52271.82,7,29200.0,1,719,0.493,0
28585.93,1,9700.0,2,533,0.319,0
74860.04,4,32100.0,2,668,0.2328,0
82819.4,3,24600.0,4,643,0.4069,0
232828.6,2,50000.0,3,723,0.286,0
42531.07,9,10800.0,4,613,0.2434,0
51674.15,3,8100.0,1,616,0.3426,0
43622.69,6,23900.0,2,713,0.4782,0
67282.98,7,38100.0,2,763,0.1068,0
73860.23,3,19600.0,1,675,0.2622,0
58142.02,2,31700.0,2,849,0.3249,0
108823.14,8,36600.0,3,649,0.2279,0
42644.83,3,24100.0,1,726,0.3743,0
102990.88,4,41500.0,1,701,0.1878,0
80512.99,3,23300.0,0,649,0.3987,0
59479.29,7,10800.0,1,773,0.4344,0
50351.56,1,10400.0,1,608,0.5785,1
227445.8,4,61100.0,1,519,0.2627,0
38202.08,2,3700.0,2,666,0.2203,0
70534.92,3,25000.0,5,656,0.2636,0
39631.5,8,16100.0,4,755,0.5613,0
159866.03,8,49600.0,3,581,0.4203,1
97514.32,3,34600.0,0,714,0.4023,0
41229.43,5,12700.0,2,705,0.1199,0
79374.09,5,17100.0,3,699,0.4314,0
68991.09,2,11300.0,1,753,0.4625,0
45064.78,6,23300.0,1,673,0.339,0
90852.29,2,48100.0,3,679,0.5986,1
74170.22,3,43900.0,0,709,0.3464,0
67415.77,1,35800.0,3,667,0.3181,1
58509.49,6,27700.0,4,574,0.282,0
75893.02,7,25600.0,4,644,0.3542,0
67925.26,5,37000.0,0,656,0.3341,0
61852.1,4,9700.0,0,633,0.2964,0
42084.77,3,22500.0,2,651,0.5605,1
151990.22,7,38000.0,0,688,0.5114,0
33599.59,11,6400.0,0,654,0.5516,0
75750.47,2,29400.0,4,739,0.3548,0
50204.88,3,14600.0,1,740,0.1557,0
157589.84,2,58600.0,0,497,0.5634,1
36427.69,4,23200.0,4,568,0.1635,0
39958.84,3,23100.0,3,495,0.4538,1
35122.6,4,10100.0,2,654,0.1899,0
71532.4,7,40400.0,3,650,0.5391,0
28136.48,8,13000.0,0,686,0.349,1
46018.99,1,8200.0,3,738,0.2991,0
18328.25,5,2700.0,1,672,0.2025,0
68338.72,9,26800.0,2,630,0.3501,0
45473.35,5,23400.0,3,675,0.3515,0
26411.87,2,2700.0,4,638,0.2055,0
108780.26,8,58400.0,4,564,0.4007,0
29166.71,6,4400.0,5,747,0.3678,0
92810.87,5,36800.0,0,707,0.4394,0
40718.08,3,18100.0,2,784,0.3256,0
144475.36,5,51900.0,2,582,0.3696,1
90422.9,18,32600.0,0,554,0.3917,1
34391.81,0,9600.0,1,605,0.1977,0
36156.23,3,6500.0,4,705,0.3817,0
83536.49,3,38600.0,3,739,0.4297,0
51828.32,0,31000.0,1,696,0.4844,1
54549.38,13,23300.0,1,686,0.2831,0
120539.33,2,64600.0,1,739,0.4204,0
39664.87,1,11700.0,1,641,0.568,1
62957.27,1,17000.0,1,754,0.1558,0
101219.36,3,25100.0,2,824,0.3165,0
93434.38,5,50300.0,2,595,0.3217,1
54842.08,4,16000.0,2,656,0.2157,0
51077.62,2,29000.0,0,571,0.3301,1
23009.25,5,5000.0,2,603,0.4317,0
33492.11,4,5800.0,1,704,0.257,0
71331.8,9,37200.0,1,549,0.4216,1
55501.47,2,27600.0,1,617,0.43,0
62393.1,2,25300.0,0,754,0.5225,0
106041.89,7,19500.0,3,692,0.3234,0
31162.55,1,7000.0,1,733,0.6145,0
52580.51,1,13900.0,0,578,0.1702,0
66422.49,4,21400.0,1,680,0.3399,0
40648.29,5,11800.0,1,817,0.2527,0
131572.38,1,53100.0,2,625,0.4835,1
98688.4,7,11100.0,1,638,0.1108,0
70232.98,1,9100.0,2,719,0.5014,1
160624.96,2,65800.0,3,608,0.2667,0
26254.89,4,4200.0,5,729,0.2369,0
59620.25,9,14400.0,3,540,0.5949,1
73239.15,10,17200.0,1,493,0.5294,1
36206.53,4,14100.0,1,699,0.2239,0
70642.91,3,42000.0,2,602,0.4259,1
32577.58,3,18500.0,5,633,0.2213,0
87536.1,13,29400.0,8,741,0.3179,0
107131.16,8,36500.0,1,722,0.3366,0
69548.76,5,16300.0,3,583,0.3057,0
21611.08,4,14100.0,4,714,0.2517,1
35181.07,4,10100.0,3,652,0.5902,0
81682.13,0,47100.0,2,706,0.3449,0
60576.31,0,20900.0,5,673,0.3393,0
18000.0,3,12600.0,3,562,0.3228,1
118605.33,1,31200.0,2,622,0.2096,0
64547.78,4,25400.0,1,494,0.3536,1
38158.7,4,12000.0,3,689,0.1858,0
103489.51,1,39300.0,3,705,0.4623,0
41247.8,5,11100.0,2,622,0.2521,0
41000.98,5,15100.0,4,666,0.574,1
72918.23,5,33100.0,1,602,0.3242,0
159463.63,2,32900.0,4,769,0.2865,1
146235.4,5,26700.0,3,579,0.1948,0
72972.75,6,39900.0,0,652,0.3734,1
77212.15,5,13600.0,1,578,0.5168,1
92533.35,3,7300.0,2,693,0.2923,0
29991.19,10,12500.0,1,753,0.7191,0
85330.02,9,8800.0,7,519,0.2132,0
39985.0,4,7300.0,1,724,0.1319,0
71336.47,2,29000.0,1,797,0.1634,0
52833.08,2,21100.0,1,685,0.562,0
78878.55,6,20700.0,1,624,0.6532,1
63892.48,1,22900.0,1,672,0.3338,0
18000.0,6,12600.0,2,634,0.5271,1
66064.74,1,38800.0,3,822,0.3612,0
85236.42,3,42900.0,1,738,0.6055,1
76516.42,6,27100.0,1,743,0.5889,0
56589.44,2,25500.0,0,837,0.3538,0
147737.0,7,33800.0,2,776,0.2164,0
71058.25,3,11200.0,3,666,0.6644,0
76169.8,4,47000.0,4,677,0.369,0
106347.84,0,13600.0,3,850,0.4722,0
73088.49,1,20400.0,4,620,0.1275,0
36537.35,0,23200.0,0,662,0.2309,0
18000.0,6,5200.0,0,599,0.2033,0
46054.63,3,18200.0,1,539,0.1014,0
90991.38,8,44000.0,0,609,0.2422,0
49305.8,0,22300.0,0,610,0.171,0
93027.28,5,10000.0,4,628,0.3001,1
64977.77,0,11600.0,2,721,0.5865,1
121593.2,2,51500.0,1,674,0.1818,0
50900.64,3,7200.0,3,751,0.256,0
77434.54,3,37500.0,0,686,0.1895,0
79081.7,5,14300.0,2,688,0.2192,0
136746.08,2,23100.0,3,653,0.1372,0
23420.09,3,4500.0,2,821,0.4916,0
46531.07,1,11300.0,4,643,0.2932,0
95481.12,6,9400.0,3,744,0.1773,0
140118.4,4,76700.0,2,586,0.3164,0
68325.57,5,13900.0,4,657,0.312,0
50971.03,4,24200.0,2,826,0.4226,0
90800.05,7,39500.0,2,726,0.4495,0
96547.12,2,45400.0,1,570,0.3107,1
49128.08,4,24400.0,1,598,0.6092,1
71802.1,20,14700.0,1,795,0.5641,0
114609.96,1,44300.0,0,682,0.499,0
169355.01,8,17900.0,2,654,0.4316,0
90078.13,15,6600.0,1,617,0.1145,0
61345.46,5,31000.0,1,651,0.4903,1
58119.62,0,34300.0,2,781,0.533,0
81354.23,1,36200.0,0,622,0.362,0
56183.59,5,16300.0,1,630,0.4476,0
66456.46,4,22800.0,4,720,0.1899,0
33462.08,10,17800.0,3,597,0.1732,0
122195.98,11,16300.0,3,605,0.4428,0
31981.04,3,1000.0,0,675,0.1777,0
47208.94,4,2900.0,2,677,0.266,0
63175.78,2,8500.0,2,614,0.2073,0
178982.41,5,93600.0,2,710,0.6027,0
47454.39,2,25700.0,2,691,0.2134,0
41510.07,3,3000.0,1,527,0.3559,0
44225.23,2,9600.0,1,734,0.7427,0
149103.12,4,31700.0,4,632,0.2524,0
18000.0,8,12200.0,2,735,0.3249,0
34492.39,1,5900.0,2,831,0.3188,0
268930.64,3,144700.0,4,670,0.2325,0
82866.42,9,9900.0,1,627,0.4301,0
32588.29,11,8700.0,2,778,0.2844,0
58509.54,2,11900.0,3,612,0.6511,1
62137.19,2,14400.0,5,817,0.3328,0
95355.65,0,38300.0,1,640,0.2148,0
164674.5,8,43600.0,5,628,0.3427,0
74139.48,8,39000.0,3,850,0.1426,0
44494.3,4,18800.0,3,702,0.513,0
92308.96,16,44200.0,1,797,0.2585,0
40780.57,4,18500.0,3,673,0.3049,1
33916.75,8,9600.0,0,668,0.451,0
22743.85,3,6100.0,4,456,0.3596,1
25315.68,3,7600.0,8,751,0.3241,0
36568.96,5,8700.0,1,704,0.3308,0
31326.37,2,13300.0,2,667,0.1943,0
71131.11,7,15900.0,1,719,0.6316,0
30956.21,4,12800.0,0,678,0.3861,0
18000.0,0,1000.0,2,604,0.2062,0
33720.07,8,1000.0,4,702,0.2709,0
46188.09,2,20300.0,2,661,0.5694,0
42916.12,2,26100.0,5,731,0.4856,0
138100.72,3,55700.0,4,654,0.1811,0
42725.52,5,8500.0,2,640,0.2145,0
97198.24,5,27100.0,2,634,0.2111,0
59252.28,10,8600.0,3,609,0.3482,0
58497.1,5,7800.0,0,636,0.2135,0
37818.01,1,11100.0,3,707,0.4105,0
57969.34,1,21500.0,5,619,0.2217,0
39308.54,1,19200.0,3,587,0.2264,0
65743.32,1,41700.0,2,734,0.3591,0
52578.51,3,19900.0,2,665,0.3583,0
35612.59,8,18400.0,3,733,0.2618,0
103315.42,4,29500.0,2,658,0.3269,0
75717.32,6,19600.0,2,632,0.1693,0
46796.58,7,24100.0,2,544,0.189,0
64862.26,8,22800.0,1,590,0.3521,1
57176.46,2,32600.0,4,610,0.3957,1
37153.94,8,15800.0,0,696,0.2815,0
62241.23,7,15500.0,4,667,0.3582,0
42550.36,3,12200.0,2,598,0.6658,1
35606.6,2,4900.0,3,466,0.4106,1
24525.73,3,11900.0,1,710,0.2068,0
49156.58,10,7800.0,3,741,0.1915,0
81783.75,8,13100.0,3,747,0.3502,0
40861.25,3,4900.0,2,603,0.4519,1
239519.42,8,114700.0,1,752,0.2598,0
97453.16,6,30900.0,0,717,0.4619,0
122685.76,5,39300.0,1,717,0.4097,0
92724.1,10,13100.0,1,629,0.6648,1
165889.26,5,57600.0,2,665,0.208,0
38837.79,4,19900.0,1,812,0.1898,0
18000.0,0,1000.0,6,801,0.3537,0
46846.47,7,17400.0,3,671,0.5837,0
81391.02,2,34100.0,4,689,0.3091,0
65077.51,1,29700.0,2,510,0.305,1
69668.94,4,41600.0,2,765,0.2389,0
123809.64,1,23400.0,3,731,0.4956,0
73875.14,5,19400.0,1,701,0.2493,0
92911.44,4,18300.0,2,630,0.4288,1
35711.94,4,1000.0,2,680,0.5205,0
32778.68,3,12900.0,1,785,0.3957,0
145475.46,7,55800.0,0,702,0.2817,0
63290.84,5,16700.0,3,850,0.5124,0
42498.5,5,18500.0,1,736,0.4711,0
42541.4,2,15700.0,4,606,0.2952,0
41897.54,4,17600.0,1,644,0.1483,0
40541.14,2,25600.0,1,622,0.3418,0
29562.7,4,14400.0,1,739,0.2598,0
26232.88,2,5500.0,6,762,0.3734,0
53784.88,3,12300.0,1,804,0.3274,0
43212.75,4,6300.0,3,650,0.4489,0
110077.24,3,56000.0,2,710,0.2314,0
70346.77,7,41700.0,3,771,0.2352,0
69280.91,6,18100.0,4,791,0.3327,0
39786.53,1,10100.0,1,583,0.29,1
56018.34,3,3000.0,3,722,0.3679,0
73024.52,4,41500.0,2,586,0.3042,1
88779.2,2,32600.0,4,630,0.5016,1
56860.69,5,26700.0,1,577,0.1462,0
108392.92,2,67400.0,1,628,0.4019,1
60137.81,4,14300.0,1,566,0.3921,1
92601.99,2,34800.0,2,586,0.4046,1
45733.27,3,30900.0,3,607,0.3108,0
22094.33,6,9600.0,2,698,0.3827,0
69396.9,6,40300.0,0,678,0.4565,1
89226.04,4,32800.0,0,552,0.2217,1
82161.41,13,34200.0,4,850,0.3968,0
75523.77,5,17600.0,0,638,0.2859,0
49428.24,6,6300.0,1,575,0.4075,0
38418.31,9,6500.0,3,719,0.4623,0
81101.0,2,47500.0,6,675,0.3834,1
75700.96,6,24200.0,3,614,0.3489,1
43980.67,4,20300.0,3,704,0.3047,0
110214.45,6,48100.0,2,625,0.2287,0
36843.11,7,11300.0,3,653,0.5385,0
43436.79,2,18900.0,3,785,0.6117,0
147271.61,13,44200.0,1,684,0.1595,0
96540.71,4,36800.0,1,721,0.2157,0
49172.75,3,23200.0,3,636,0.4123,0
70126.74,0,19200.0,3,686,0.2382,1
65194.85,8,11700.0,1,617,0.3914,0
18000.0,7,8200.0,4,614,0.4566,1
36367.81,3,18000.0,1,644,0.1512,0
58222.92,0,33800.0,3,623,0.6623,1
49210.57,4,18200.0,0,753,0.3892,0
68590.3,1,7800.0,3,718,0.1946,0
111437.07,8,45100.0,2,503,0.2592,0
50169.14,3,26900.0,5,804,0.2228,0
33466.15,2,6200.0,4,723,0.1986,0
71586.97,5,19900.0,2,761,0.3869,0
50028.95,5,17100.0,3,662,0.3564,0
54949.24,5,13700.0,3,563,0.2563,1
50997.12,2,11400.0,2,576,0.3461,0
205460.85,7,119500.0,3,803,0.3689,0
18000.0,3,8700.0,0,553,0.349,1
48359.42,0,17800.0,4,567,0.2559,0
59752.78,4,30100.0,4,643,0.2605,0
38963.15,4,12500.0,4,571,0.3322,0
98214.02,3,21900.0,1,715,0.1965,0
93647.38,5,21100.0,5,721,0.2286,0
58322.02,11,20400.0,3,706,0.145,0
51592.39,4,15000.0,1,629,0.5052,1
56298.53,4,20500.0,2,697,0.3125,0
56520.99,2,26700.0,1,809,0.5015,0
57348.09,4,31300.0,3,567,0.1667,0
53992.5,6,28200.0,6,759,0.2914,0
68792.3,6,30800.0,6,736,0.3759,0
90605.18,9,35900.0,2,667,0.4326,0
30435.25,0,9000.0,3,687,0.3874,0
33595.08,7,17100.0,2,702,0.274,0
22886.79,6,11300.0,4,602,0.2804,0
96424.79,1,41500.0,1,553,0.5233,1
68711.91,9,7900.0,1,743,0.3209,0
79054.85,1,46200.0,1,582,0.5893,1
27276.37,6,4800.0,3,593,0.3235,0
159806.9,0,62200.0,2,636,0.2559,0
42835.91,2,8400.0,0,696,0.3488,0
65677.6,6,15300.0,2,638,0.363,0
95789.81,6,53900.0,2,621,0.0886,0
34792.64,3,7500.0,3,746,0.2504,0
44334.64,10,19300.0,1,650,0.2141,0
66074.92,6,16100.0,2,615,0.2479,0
288257.71,7,55400.0,2,705,0.176,0
70658.85,3,15600.0,2,679,0.4299,0
144856.46,1,38500.0,3,677,0.3088,0
116206.05,1,37900.0,3,708,0.2223,0
73306.57,3,41900.0,3,665,0.3448,0
34750.26,2,6900.0,5,738,0.1999,0
107244.28,2,38800.0,2,568,0.5941,1
26266.23,1,9300.0,1,768,0.195,0
144420.05,3,46700.0,0,607,0.0791,0
66836.39,1,26100.0,4,552,0.2094,0
18000.0,3,11100.0,0,616,0.2211,0
49648.41,0,7500.0,3,649,0.0892,0
85791.16,3,45700.0,0,620,0.498,1
52556.12,6,20500.0,3,603,0.5067,1
88721.12,2,42200.0,4,751,0.4541,1
37514.65,5,15200.0,1,610,0.3589,1
29193.74,4,8000.0,3,506,0.1583,0
57567.02,2,32300.0,2,649,0.3068,0
60922.7,1,31800.0,3,828,0.3394,0
49433.75,10,5200.0,3,595,0.3657,0
117595.98,7,51300.0,1,608,0.4969,1
37510.87,2,14700.0,1,645,0.2425,0
71128.34,10,21400.0,3,791,0.4764,0
62154.81,7,19100.0,2,648,0.4433,0
25433.09,6,4100.0,1,598,0.1884,0
28984.99,1,9300.0,4,702,0.3406,0
60267.67,6,31500.0,4,697,0.2755,0
178021.57,8,77800.0,1,711,0.3682,0
82338.86,4,20400.0,3,595,0.6114,1
23176.66,5,7200.0,3,633,0.2039,0
18000.0,6,4800.0,6,759,0.3172,0
89606.17,9,52100.0,4,706,0.1597,0
56788.13,5,13800.0,3,736,0.307,0
112161.64,5,14500.0,8,671,0.4205,0
36886.66,5,11600.0,2,754,0.3709,0
72592.5,11,9900.0,0,697,0.4866,0
95358.18,4,43100.0,4,636,0.2861,0
46812.01,5,2700.0,1,731,0.1945,0
47365.67,9,28400.0,4,609,0.3467,1
60711.87,3,20500.0,2,791,0.4271,0
80698.24,12,11100.0,7,751,0.2124,0
59403.97,2,18100.0,1,653,0.3822,0
102303.38,2,54200.0,2,661,0.3384,0
46440.89,6,18500.0,3,685,0.4072,0
28836.08,2,7000.0,1,662,0.3413,0
177608.41,10,79900.0,3,774,0.08,0
42935.38,14,34200.0,5,635,0.3237,1
43798.59,2,1000.0,0,562,0.373,0
57745.93,2,14100.0,4,656,0.5561,0
62127.85,1,10400.0,4,731,0.5849,0
48403.34,0,7900.0,0,751,0.4833,0
59302.77,2,12300.0,8,684,0.2605,0
58578.95,8,10900.0,1,627,0.3908,0
65916.93,6,16800.0,1,672,0.4063,0
18000.0,3,11500.0,1,626,0.3766,0
168464.78,5,64300.0,3,502,0.4476,1
55215.08,1,15700.0,3,611,0.2382,1
82400.14,4,41200.0,1,713,0.3624,0
28058.43,5,1300.0,0,655,0.2087,0
46209.92,4,8100.0,2,652,0.3614,1
41366.48,2,23500.0,2,758,0.5045,0
134369.41,2,44100.0,0,603,0.4661,0
43382.11,6,12900.0,0,610,0.3049,1
90848.08,6,51300.0,1,700,0.0883,0
41867.65,0,16900.0,7,622,0.4098,1
46679.46,0,15900.0,0,621,0.2688,0
52310.24,13,29800.0,3,791,0.6702,0
121311.25,5,25400.0,2,595,0.6185,1
21175.1,4,11400.0,4,620,0.1348,0
29038.71,2,14400.0,3,708,0.4551,0
20516.45,3,3500.0,4,671,0.4235,0
32921.26,2,1000.0,2,572,0.4103,1
38315.89,8,6100.0,2,809,0.1781,0
24637.76,8,11600.0,5,615,0.2288,0
39983.36,5,24700.0,2,657,0.1695,0
19769.73,4,10500.0,0,708,0.2774,0
34204.28,5,13300.0,1,837,0.1588,0
115870.82,4,49800.0,1,644,0.2307,0
74755.15,6,40900.0,0,606,0.3687,0
66377.09,9,17000.0,0,712,0.4906,0
34491.62,4,8200.0,5,832,0.1302,0
25723.32,2,13700.0,5,685,0.3645,1
31999.14,4,19000.0,4,654,0.2008,0
58467.98,2,13700.0,1,704,0.1496,0
96519.2,1,19300.0,2,519,0.5459,1
98351.4,1,49500.0,3,629,0.2323,0
84697.11,9,36700.0,0,538,0.2552,0
39908.46,4,21600.0,1,648,0.3901,1
60688.07,3,14200.0,2,637,0.238,1
50174.47,5,30600.0,1,477,0.1441,0
53602.21,3,27700.0,1,688,0.3735,0
183582.67,9,92800.0,3,721,0.3351,0
22717.71,13,4100.0,3,660,0.1768,0
52624.01,3,31000.0,1,560,0.4039,1
116595.03,4,43700.0,1,770,0.2965,0
26735.82,5,2200.0,1,817,0.3062,0
42021.59,1,17900.0,2,705,0.1929,0
44758.15,0,14200.0,0,648,0.4633,0
52954.62,8,9500.0,1,649,0.5137,1
24890.05,3,12900.0,3,708,0.2572,0
83067.38,3,25100.0,0,682,0.4183,0
86375.38,5,51500.0,3,708,0.4264,0
79190.09,2,41400.0,1,709,0.5348,0
37097.11,3,15400.0,2,620,0.2933,0
62791.87,1,33700.0,2,613,0.5305,1
36508.77,1,9000.0,0,654,0.2081,0
49864.86,3,21600.0,2,710,0.4338,0
195713.54,2,86600.0,1,558,0.3672,1
63109.87,2,22400.0,3,658,0.2566,0
31159.06,4,17100.0,1,672,0.2283,0
66117.22,7,21800.0,2,638,0.1786,0
28467.33,7,3400.0,3,780,0.2352,0
30962.88,7,1500.0,2,767,0.2284,0
33771.83,2,4500.0,1,706,0.2866,0
46893.29,4,23000.0,3,808,0.1926,0
100241.04,2,24300.0,2,741,0.1994,0
82299.39,2,43800.0,3,685,0.3533,0
79829.42,2,13400.0,4,639,0.2556,0
32715.08,1,12000.0,4,645,0.1842,0
44456.97,5,12600.0,0,704,0.1531,0
69536.05,8,28400.0,1,647,0.6049,1
42379.67,2,22400.0,2,561,0.3238,1
51374.56,2,9500.0,0,646,0.1673,0
76324.35,0,43700.0,1,752,0.2473,0
49423.19,6,16600.0,4,482,0.2558,0
67801.04,0,40100.0,0,780,0.2101,0
143774.4,4,76800.0,2,718,0.4965,0
54473.94,2,18900.0,1,657,0.5987,1
114535.01,3,22500.0,3,697,0.316,0
81442.58,4,23000.0,1,747,0.483,0
26715.97,4,4900.0,2,678,0.6607,0
32657.33,7,17400.0,2,746,0.2545,0
37855.15,0,3700.0,2,739,0.2287,0
37415.52,7,11200.0,4,688,0.4359,0
56973.45,4,24200.0,1,592,0.3258,0
83956.51,8,10500.0,4,668,0.2289,0
119412.26,4,13300.0,0,522,0.3391,0
70933.37,1,41600.0,7,708,0.1893,0
46857.96,3,5900.0,0,644,0.3259,0
19048.95,6,6100.0,2,629,0.3686,1
62244.43,6,16700.0,0,724,0.2516,1
60728.82,4,32100.0,1,580,0.2064,0
66211.59,3,36300.0,1,683,0.3617,0
190695.3,4,36800.0,1,650,0.3577,0
118459.7,7,56800.0,1,661,0.3053,0
92206.28,3,29200.0,3,696,0.3523,0
35272.45,5,18400.0,2,812,0.2216,0
45154.85,11,11500.0,2,705,0.2238,0
56830.9,16,9000.0,1,777,0.383,0
39086.25,7,15900.0,1,780,0.3744,0
78846.29,3,17300.0,0,733,0.1386,0
72860.35,1,13600.0,1,537,0.2616,1
32906.67,5,3900.0,5,657,0.3697,1
115641.39,10,69300.0,0,593,0.2238,0
63339.9,4,32700.0,4,850,0.3071,0
23132.89,8,8500.0,1,600,0.2102,0
58207.03,7,10600.0,1,563,0.395,0
69889.0,4,38100.0,3,467,0.3798,1
102235.66,7,10000.0,5,597,0.1325,0
49731.21,1,23500.0,4,684,0.3077,1
94406.58,3,33000.0,0,757,0.3177,0
66365.2,5,11000.0,2,595,0.3085,0
29048.44,4,10900.0,3,763,0.423,0
27492.22,2,10300.0,2,670,0.2128,0
111013.59,7,25700.0,3,639,0.2745,0
115588.45,5,26500.0,2,688,0.3319,0
71510.54,4,4800.0,1,781,0.2501,0
136303.42,9,28300.0,3,679,0.3008,0
107059.01,7,14400.0,0,592,0.4007,0
87203.16,0,22400.0,2,707,0.1351,0
36271.18,4,5300.0,6,706,0.3254,0
155171.43,4,18800.0,1,661,0.1733,0
80415.79,3,22100.0,3,752,0.3163,0
48425.83,0,18800.0,0,503,0.4163,1
41458.64,2,25200.0,4,702,0.2436,0
68956.5,0,28400.0,1,734,0.4045,0
23882.89,14,15300.0,3,566,0.1371,0
87976.09,4,33000.0,1,564,0.2036,0
35437.86,5,8900.0,2,750,0.2298,0
73411.4,1,24000.0,3,763,0.1713,0
44941.14,0,4700.0,2,777,0.3332,0
51770.19,3,10100.0,1,623,0.3822,1
39485.93,2,23500.0,2,690,0.6386,0
54793.33,5,7100.0,1,700,0.2993,0
169254.5,3,15400.0,1,547,0.4432,1
128255.9,15,18600.0,1,687,0.2231,0
72763.04,8,5100.0,2,685,0.1868,0
59046.95,10,38500.0,5,731,0.4544,0
95254.8,4,40900.0,1,632,0.321,0
111466.98,5,24500.0,5,769,0.5457,0
37933.88,10,9800.0,2,681,0.5765,0
57377.56,3,9900.0,2,803,0.1536,0
21980.76,5,4800.0,3,731,0.4107,0
111046.71,3,29300.0,1,696,0.4268,0
186421.09,6,73200.0,3,586,0.2115,0
62570.26,1,33700.0,3,576,0.4229,1
18606.09,2,1000.0,2,795,0.1659,0
83691.26,5,25300.0,0,741,0.4455,0
36415.54,5,9600.0,1,654,0.2213,0
41570.99,6,11300.0,2,644,0.1944,0
84509.31,1,22400.0,1,692,0.2117,0
68871.98,4,42200.0,3,574,0.3812,1
45777.14,1,18700.0,2,640,0.2266,0
41886.42,3,22900.0,1,721,0.2604,0
64164.79,4,18500.0,2,731,0.5192,0
47800.62,4,12700.0,3,647,0.3124,0
32530.05,11,8000.0,2,795,0.1085,0
49865.78,4,23600.0,2,753,0.4513,0
72169.73,6,40700.0,1,617,0.1355,0
54287.16,5,4500.0,2,579,0.2455,0
27517.3,4,7300.0,2,720,0.2221,0
103154.75,6,45500.0,2,641,0.5161,1
18000.0,4,7000.0,1,627,0.3846,0
46840.3,4,17600.0,3,692,0.6106,0
42569.4,3,7200.0,0,729,0.2782,0
64958.14,3,35900.0,1,734,0.4089,0
81545.3,2,14000.0,1,679,0.4669,0
111270.63,4,44400.0,2,503,0.4106,1
40464.38,4,8100.0,1,747,0.1704,0
82670.68,9,19700.0,2,615,0.1836,0
66682.65,1,39200.0,2,698,0.1527,0
23357.03,12,2100.0,1,666,0.3202,0
170296.64,1,77300.0,3,843,0.6363,0
27137.55,4,4300.0,1,829,0.4341,0
75412.14,5,42500.0,4,641,0.4946,1
74196.92,2,38900.0,1,574,0.1621,0
69675.24,1,12400.0,3,580,0.479,0
45614.58,3,17200.0,3,695,0.3118,0
94370.99,6,9600.0,1,635,0.309,0
25382.06,7,10400.0,3,592,0.3686,1
57745.12,1,23000.0,3,636,0.3262,0
43908.75,3,13000.0,7,709,0.1756,0
41253.29,1,11000.0,1,669,0.3192,0
75796.79,2,2600.0,5,639,0.2251,0
108294.88,8,33600.0,2,648,0.178,0
49573.38,5,27300.0,3,663,0.5649,1
91984.43,2,24300.0,1,692,0.363,0
61534.75,8,7600.0,3,696,0.3921,0
36643.72,2,9500.0,1,551,0.6067,1
51954.64,4,12400.0,2,688,0.1686,0
50781.26,0,10100.0,1,648,0.5108,0
40816.31,2,9200.0,3,599,0.2826,0
75785.75,5,26000.0,0,647,0.4029,1
68121.99,4,39600.0,0,762,0.2546,0
24962.82,3,14500.0,1,736,0.6623,0
24140.85,3,12800.0,6,682,0.3508,1
75627.59,6,38800.0,1,608,0.4742,1
38238.28,3,8200.0,1,573,0.7209,1
70694.47,5,11000.0,3,604,0.4212,1
91997.1,2,39700.0,1,676,0.1482,0
29761.65,4,14400.0,4,677,0.4908,1
27547.15,0,17200.0,2,626,0.53,1
150382.51,2,63100.0,3,741,0.3349,0
72646.75,4,39700.0,0,704,0.1319,0
47544.32,3,20500.0,3,476,0.1967,0
35822.55,2,16500.0,2,683,0.1851,0
45218.32,1,24700.0,1,732,0.6621,1
31106.91,4,2100.0,1,690,0.2646,0
97331.38,3,58100.0,3,719,0.4329,0
39057.37,5,22300.0,3,655,0.4912,1
109255.45,2,53500.0,5,670,0.4647,1
48033.51,6,15600.0,0,672,0.5789,1
33730.49,1,9400.0,0,689,0.1985,0
47360.04,1,9300.0,4,632,0.1957,0
18000.0,8,8000.0,0,757,0.191,0
56026.34,1,35100.0,3,782,0.0822,0
54526.08,4,25800.0,0,635,0.3586,1
94240.8,3,46300.0,3,587,0.2597,0
21216.45,8,8900.0,0,574,0.2391,0
113439.68,6,17100.0,4,705,0.3047,0
94026.28,1,23900.0,2,719,0.3602,0
119207.86,10,49600.0,1,706,0.4946,0
58162.92,7,14900.0,3,712,0.193,0
104573.27,3,18800.0,4,632,0.2208,0
26657.23,1,10400.0,3,526,0.3984,1
88625.61,4,40000.0,2,638,0.2525,1
39177.6,4,16600.0,1,799,0.6386,0
24142.5,0,12900.0,3,695,0.5298,1
32264.5,4,6900.0,2,707,0.3281,0
60056.56,7,17400.0,5,743,0.4275,0
38049.2,4,5400.0,0,612,0.2484,0
73632.4,3,36000.0,3,692,0.3577,1
22147.27,3,1000.0,2,713,0.4469,0
18584.74,2,4600.0,1,605,0.2366,1
127365.11,8,19300.0,1,702,0.3508,0
98428.93,3,13400.0,3,772,0.5424,0
33620.35,4,11800.0,3,645,0.4097,0
59775.44,1,14600.0,0,546,0.2444,0
104896.44,3,15700.0,2,688,0.4255,0
75399.83,5,36000.0,2,626,0.1189,0
64959.72,3,31000.0,3,689,0.5818,1
109352.81,3,30300.0,5,612,0.54,1
40058.98,4,20200.0,1,680,0.3853,0
60909.73,5,34700.0,2,767,0.5135,0
59289.25,4,9800.0,1,673,0.193,0
51533.17,12,10700.0,4,551,0.3657,0
48320.3,8,24800.0,1,703,0.6627,0
62322.48,2,15400.0,2,676,0.3651,0
61018.0,7,13300.0,2,691,0.1638,0
33636.42,0,6300.0,1,748,0.7254,0
93058.89,3,44400.0,4,636,0.3465,1
34995.97,1,8700.0,4,653,0.5915,0
53102.09,5,10400.0,3,598,0.3531,0
50898.86,3,10000.0,0,690,0.3699,0
72908.24,1,34200.0,1,688,0.4648,0
18666.63,6,14400.0,1,656,0.4808,1
97733.57,1,39300.0,3,731,0.3302,0
41260.27,6,22300.0,2,597,0.1805,0
117122.98,4,47200.0,5,685,0.2884,0
46028.19,3,14400.0,2,720,0.3475,0
58287.1,7,29100.0,2,634,0.3709,0
171541.81,2,87900.0,4,572,0.0847,0
51403.63,1,18700.0,3,548,0.3974,1
118345.96,1,43200.0,3,687,0.3051,0
61173.83,12,22600.0,1,802,0.4549,0
75243.17,2,29700.0,4,629,0.1218,1
62222.83,3,30500.0,0,709,0.4472,0
95446.24,10,29500.0,5,493,0.3083,1
41066.9,3,21800.0,3,703,0.2383,0
34848.78,6,4900.0,3,593,0.3814,0
42141.28,10,19200.0,5,646,0.1708,0
63249.39,5,21300.0,4,681,0.6355,0
53026.64,4,21300.0,2,550,0.3125,0
88490.56,6,20600.0,3,850,0.2603,0
122712.86,0,79900.0,6,630,0.2224,0
35006.5,3,2800.0,1,721,0.3502,0
39987.74,8,24600.0,4,787,0.2339,0
27175.42,2,2400.0,4,697,0.2644,0
182901.89,0,22600.0,1,583,0.3505,0
70796.74,4,19300.0,1,683,0.2152,0
77955.33,6,15900.0,1,537,0.2081,0
28649.33,3,6400.0,4,650,0.3234,0
59835.63,6,12000.0,3,801,0.4192,0
79228.11,4,11800.0,1,569,0.1593,0
52103.28,19,19600.0,2,613,0.1898,0
108189.34,6,56700.0,2,814,0.2533,0
213524.56,4,36400.0,1,662,0.2521,0
35564.93,0,6900.0,1,608,0.3893,1
34127.27,2,5600.0,3,704,0.3565,0
36946.79,1,17100.0,2,640,0.5576,1
144843.56,9,80200.0,0,471,0.5955,1
106222.95,1,56500.0,2,573,0.1412,1
55573.39,3,24400.0,2,829,0.2488,0
61090.27,5,10000.0,3,700,0.4074,0
38211.85,2,19700.0,2,785,0.3232,0
97686.14,3,60800.0,2,598,0.2536,0
48584.22,4,18700.0,5,671,0.4679,1
51893.97,2,26400.0,2,662,0.4434,0
83686.62,4,37600.0,2,634,0.1432,0
53992.63,6,19500.0,1,691,0.284,0
52615.64,2,33300.0,2,591,0.2685,1
60223.41,1,35200.0,3,766,0.2501,0
92729.83,11,48900.0,0,710,0.2951,0
148089.37,11,85200.0,3,662,0.3815,0
82620.86,3,14300.0,1,685,0.3085,0
93136.63,4,32900.0,2,652,0.5959,1
53641.61,4,10000.0,4,546,0.4855,1
40567.04,3,21000.0,2,601,0.2731,0
85792.98,3,16400.0,2,661,0.6993,1
65787.32,0,15500.0,3,649,0.2562,1
27379.62,1,9000.0,2,724,0.5545,0
49989.17,3,4900.0,4,717,0.3659,0
57205.57,2,25900.0,0,633,0.1781,0
45217.89,1,12100.0,0,603,0.5332,1
135260.06,3,62600.0,4,732,0.3318,0
77956.91,6,18900.0,0,689,0.5781,0
127420.28,2,78900.0,2,628,0.3686,1
69208.84,0,16400.0,5,589,0.518,1
62615.2,4,10800.0,2,624,0.4427,0
35770.23,3,11700.0,2,704,0.2723,0
60268.28,6,34300.0,2,802,0.1915,0
60305.56,1,24600.0,1,659,0.1907,0
28228.5,1,7600.0,2,613,0.4238,1
44500.69,3,5200.0,0,837,0.6459,0
50120.96,2,27300.0,2,647,0.2857,0
75162.95,8,42800.0,0,615,0.1782,0
77168.19,1,11900.0,4,644,0.3951,0
43489.5,3,8800.0,3,641,0.32,0
77487.99,12,21800.0,1,770,0.5036,0
54168.59,1,23200.0,1,549,0.5991,1
18000.0,4,7300.0,3,720,0.5307,0
45863.0,3,22600.0,3,674,0.4058,0
108384.87,5,68300.0,2,633,0.1633,0
23742.14,5,2200.0,5,650,0.1914,0
63702.57,4,4000.0,2,656,0.3242,0
143185.13,7,44100.0,2,682,0.2902,0
39405.59,7,23000.0,5,641,0.3291,0
59944.95,2,28100.0,2,670,0.5172,1
29225.33,2,3400.0,1,617,0.1011,0
146528.78,6,32700.0,0,839,0.6186,0
57191.87,4,23000.0,4,751,0.2133,0
61429.46,5,34300.0,1,712,0.3081,0
126104.38,4,39500.0,4,642,0.3606,0
86147.23,2,49100.0,3,737,0.3131,0
36990.05,5,16300.0,3,697,0.6316,1
41940.08,2,13200.0,6,684,0.5144,0
78606.7,12,27700.0,1,635,0.354,0
42477.65,12,19000.0,3,696,0.2259,0
18685.74,14,10600.0,3,801,0.4788,0
58146.3,4,23400.0,2,681,0.6258,0
26526.06,3,8500.0,2,655,0.4734,0
145649.01,9,37600.0,1,682,0.4114,0
65988.33,4,28600.0,4,678,0.1466,0
36393.8,6,7200.0,3,634,0.4236,0
40772.05,6,4200.0,3,619,0.2958,0
21180.4,2,5800.0,4,734,0.3436,0
32705.42,5,4900.0,0,765,0.4063,0
104712.92,6,13200.0,3,845,0.4051,0
204328.11,3,52000.0,3,709,0.2002,0
89278.69,1,8600.0,3,684,0.2957,0
56918.55,9,25400.0,2,743,0.2217,0
47212.9,12,19300.0,3,607,0.4016,1
35380.9,4,14100.0,5,723,0.4636,0
185882.73,3,84600.0,3,753,0.0749,0
53970.25,1,27100.0,1,752,0.4928,0
191682.65,4,64100.0,4,800,0.1175,0
128854.06,3,47100.0,0,630,0.311,1
22984.19,1,10600.0,1,638,0.1227,0
41511.52,7,21000.0,3,659,0.1221,0
41440.97,6,24900.0,1,591,0.244,1
57301.64,2,6200.0,1,715,0.4191,0
57920.53,11,10300.0,0,726,0.4148,0
311119.23,4,150000.0,2,717,0.3675,0
33107.82,4,16400.0,1,686,0.5156,0
67909.65,3,31100.0,3,750,0.4998,0
84042.61,7,28600.0,2,718,0.2898,0
59822.4,5,23600.0,3,630,0.4927,1
63614.67,0,11500.0,1,454,0.3566,1
33703.44,4,10300.0,6,650,0.178,0
63485.54,6,16700.0,1,678,0.6035,1
79321.89,1,38400.0,3,679,0.2545,0
71695.29,6,13300.0,3,662,0.1531,0
81929.18,5,10400.0,1,635,0.3217,0
130213.98,2,64400.0,1,611,0.421,0
100240.9,3,52800.0,2,598,0.2516,0
62268.57,1,14900.0,2,708,0.4559,1
31430.46,2,2100.0,2,757,0.4882,0
43044.82,3,22100.0,1,581,0.2617,0
53061.29,6,7800.0,2,670,0.2669,0
68788.39,7,17600.0,3,734,0.1862,0
46023.94,4,10400.0,4,661,0.2115,0
35787.24,3,16700.0,0,729,0.3651,0
31147.55,6,3000.0,0,756,0.1736,0
24145.47,4,5700.0,7,705,0.481,0
52616.08,5,23300.0,0,638,0.1681,0
26680.39,7,5300.0,4,774,0.449,0
34534.39,6,10200.0,2,655,0.4024,1
48211.55,5,19700.0,2,655,0.1851,0
28717.03,5,14400.0,5,714,0.1757,0
73781.53,2,5200.0,2,652,0.4273,0
89960.21,2,37700.0,1,658,0.1655,0
44259.05,12,5000.0,2,647,0.3338,0
47081.48,2,11500.0,2,661,0.2265,0
80465.71,7,17200.0,1,690,0.4367,0
40429.0,3,5200.0,1,527,0.1193,0
38929.06,6,10900.0,1,668,0.1683,0
115621.15,0,59100.0,0,543,0.239,0
97372.9,1,25400.0,1,645,0.4268,0
83354.05,7,31600.0,4,700,0.3261,0
99618.64,1,47000.0,6,650,0.4402,1
20181.0,2,4100.0,3,728,0.6885,1
126072.14,9,34700.0,1,701,0.306,0
74282.76,7,28900.0,4,513,0.2847,0
104394.24,3,60600.0,2,765,0.6207,0
74082.82,2,39500.0,0,694,0.5083,1
61507.15,10,33000.0,1,632,0.1577,1
51461.02,2,10400.0,3,640,0.4342,0
73271.68,5,23000.0,4,519,0.4032,1
50439.94,9,25300.0,3,691,0.4349,0
96503.24,5,52200.0,2,724,0.1106,0
25020.45,9,3500.0,1,624,0.4246,0
44450.58,3,12900.0,0,607,0.4112,1
184361.32,1,20000.0,3,686,0.3089,0
42431.9,6,2900.0,4,765,0.1703,0
52508.16,8,27700.0,3,757,0.2048,0
36848.88,5,7200.0,1,737,0.1631,0
72021.15,2,17700.0,0,827,0.4638,0
39936.83,15,17600.0,1,744,0.175,0
54063.47,1,25900.0,1,762,0.4134,0
95499.53,4,39400.0,1,682,0.3544,0
40769.12,9,1900.0,3,649,0.2606,0
92386.5,4,14600.0,4,760,0.3413,0
94110.61,6,44400.0,1,601,0.1469,0
106961.67,1,34400.0,1,707,0.1311,0
64685.84,6,11500.0,4,629,0.2613,0
356002.31,2,46900.0,3,700,0.3471,0
106936.83,4,41100.0,1,695,0.4125,0
71588.0,1,28200.0,3,687,0.2754,0
36984.03,6,10700.0,3,674,0.3063,0
56761.72,5,27800.0,3,715,0.1161,1
131200.22,4,25100.0,0,727,0.3449,0
153314.1,7,17400.0,2,570,0.2315,0
135006.88,6,20300.0,3,672,0.6366,0
92212.94,1,16500.0,3,644,0.2939,0
30013.03,7,4800.0,2,690,0.5944,0
78271.51,6,46400.0,2,644,0.2582,1
30249.31,2,5400.0,5,771,0.3851,0
26420.38,4,11100.0,3,670,0.166,1
68291.27,3,42700.0,1,749,0.2182,0
79838.39,13,23300.0,4,604,0.3301,0
98406.03,1,44500.0,2,654,0.5188,0
78702.09,3,21400.0,2,629,0.2391,1
80207.5,4,12100.0,2,705,0.2941,0
34837.2,4,17500.0,0,586,0.3325,1
56515.08,3,29000.0,2,547,0.401,1
26136.44,4,6600.0,5,628,0.3344,0
19893.47,5,1000.0,1,717,0.2092,0
89980.97,2,28400.0,2,614,0.5242,1
39568.22,3,15700.0,2,695,0.0816,0
96748.89,11,18200.0,2,626,0.7027,1
110149.21,7,37500.0,3,544,0.3366,1
42590.03,7,14800.0,2,739,0.6198,0
82840.4,1,24700.0,1,724,0.3585,0
41621.15,13,9000.0,3,672,0.5494,0
21693.47,4,9700.0,8,678,0.6588,1
64075.68,8,14300.0,0,659,0.3237,0
46213.14,4,20800.0,5,598,0.4375,0
47002.26,0,9900.0,1,773,0.4654,0
177449.03,3,51200.0,2,667,0.2734,0
25868.43,7,6500.0,4,702,0.4542,0
73908.2,8,25800.0,9,638,0.3573,1
34643.18,4,1200.0,3,708,0.6405,0
98670.74,1,21600.0,1,761,0.3989,0
70554.25,8,29900.0,2,687,0.2516,0
73764.98,2,21900.0,2,702,0.3441,0
35607.47,4,22200.0,3,741,0.6241,1
39297.91,6,11800.0,2,728,0.2015,0
99706.66,6,43900.0,2,753,0.3172,0
158567.99,6,75700.0,3,699,0.1135,0
77977.01,2,24000.0,2,699,0.2622,0
36549.35,3,9900.0,3,693,0.107,0
72143.77,2,30800.0,2,740,0.1911,0
227546.44,6,121500.0,1,643,0.494,1
63343.81,6,41400.0,5,715,0.3137,0
133788.1,2,16100.0,4,847,0.2613,0
39847.66,7,8200.0,3,702,0.2146,0
58504.13,7,34700.0,1,585,0.279,0
84184.06,9,38700.0,5,653,0.3164,0
74498.22,6,19500.0,3,722,0.5081,0
39280.61,6,14900.0,5,625,0.526,1
38359.8,3,19600.0,2,602,0.4822,1
103110.49,3,14700.0,4,572,0.2611,0
115306.95,8,40200.0,1,659,0.3809,0
137541.22,2,50000.0,0,796,0.3135,0
161484.07,2,43500.0,4,635,0.2296,0
64475.51,6,28700.0,3,741,0.3299,0
50455.17,0,14600.0,4,654,0.3717,0
125875.05,2,19900.0,3,646,0.174,0
88626.67,9,27800.0,1,714,0.4657,0
34879.33,10,18400.0,3,560,0.3506,1
33911.19,8,10800.0,4,800,0.3414,0
78477.06,4,16800.0,1,715,0.4681,0
54311.92,2,20800.0,1,754,0.4574,0
59010.08,1,25800.0,0,656,0.4381,1
108000.74,3,31300.0,1,712,0.3755,0
90895.92,1,19900.0,2,745,0.681,0
124421.5,12,29100.0,4,668,0.3794,0
20695.16,3,10500.0,1,610,0.4684,1
68828.2,3,36100.0,2,604,0.419,0
87735.22,7,13700.0,1,643,0.5295,0
25858.06,1,5600.0,0,692,0.1017,0
41764.73,3,8900.0,1,663,0.2556,0
37711.98,4,22000.0,2,638,0.0936,0
60592.96,1,15000.0,0,726,0.4367,0
146578.98,2,17400.0,3,640,0.3372,0
182120.56,2,46200.0,2,630,0.0837,0
38259.3,8,1000.0,6,745,0.4201,0
79985.97,10,12800.0,2,716,0.2398,0
81416.95,5,24300.0,2,583,0.1604,0
74101.73,4,13400.0,2,575,0.7017,1
74565.92,9,28600.0,0,592,0.1505,0
70760.65,7,13600.0,0,673,0.4528,0
151473.14,15,64000.0,1,763,0.2756,0
109793.5,1,22100.0,1,784,0.081,0
33420.19,4,11700.0,3,731,0.3275,0
92748.48,2,12300.0,7,818,0.4886,1
97812.27,1,22200.0,2,690,0.3691,0
71198.85,4,22900.0,1,758,0.2352,0
111556.16,14,27500.0,1,632,0.1765,0
66399.23,1,18700.0,6,558,0.245,0
66853.39,18,8700.0,0,652,0.1164,0
64002.81,7,7700.0,1,666,0.4415,0
19731.38,9,13400.0,1,850,0.3002,0
57284.24,9,8500.0,3,675,0.2789,0
41459.08,5,14500.0,2,599,0.6619,1
31177.55,3,9200.0,0,747,0.3488,0
131756.4,1,23200.0,2,618,0.5894,1
79008.77,1,41700.0,3,686,0.4435,0
58899.8,6,19800.0,2,741,0.5791,0
43886.33,3,16700.0,2,605,0.3231,0
70466.54,2,13500.0,2,789,0.2936,0
103289.38,5,36500.0,2,760,0.122,0
37993.44,5,13000.0,3,701,0.2467,0
59715.35,7,26100.0,3,806,0.1015,0
96513.35,2,41700.0,2,646,0.1657,0
20644.4,4,5900.0,2,735,0.3118,0
58008.02,2,20500.0,2,696,0.1269,0
47282.23,1,18400.0,1,627,0.3178,0
55625.31,8,18900.0,2,629,0.596,1
45438.01,8,8100.0,2,827,0.4126,0
64582.16,1,9900.0,5,754,0.2194,0
172472.83,4,50900.0,4,742,0.5066,0
50103.32,9,18500.0,1,628,0.222,0
70293.95,7,30000.0,0,728,0.401,0
179352.88,2,101400.0,1,647,0.277,0
44244.72,10,10800.0,0,802,0.1666,0
162441.21,9,85700.0,1,766,0.2659,0
60049.69,5,12600.0,3,744,0.2785,0
159538.88,3,73700.0,1,736,0.3867,0
90455.26,2,22800.0,1,668,0.2598,0
70891.77,4,40600.0,3,712,0.2041,0
57751.41,10,12400.0,0,791,0.4478,0
42479.51,2,16200.0,4,710,0.1181,0
62422.77,11,26100.0,2,612,0.3584,1
98080.99,7,38400.0,1,769,0.2204,0
59443.93,4,24500.0,1,624,0.2135,0
50304.88,9,15000.0,4,673,0.4607,1
52159.92,4,33900.0,3,639,0.4926,1
103348.51,3,17800.0,1,479,0.4193,1
117458.32,8,36800.0,4,688,0.4298,0
41484.17,0,18400.0,1,838,0.3103,0
41451.39,4,18800.0,3,699,0.5601,1
73765.57,4,37900.0,1,850,0.3269,0
138710.27,2,86400.0,4,664,0.3046,1
112453.45,3,44600.0,3,692,0.3058,0
30075.95,12,9400.0,3,667,0.1975,0
51779.95,0,6100.0,2,680,0.2164,0
35888.35,2,4800.0,6,703,0.4061,0
51682.17,2,6000.0,3,788,0.374,0
144701.1,4,44800.0,2,612,0.2487,0
27380.04,3,11600.0,3,676,0.4999,1
24578.42,5,10800.0,3,721,0.1878,0
37960.26,0,13700.0,4,771,0.3244,0
70124.03,5,29500.0,3,513,0.2895,0
84239.16,12,21600.0,4,570,0.2852,0
76160.38,4,33000.0,1,678,0.5293,0
114305.16,3,14700.0,2,759,0.3611,0
22704.15,4,6400.0,8,639,0.4239,1
115103.28,3,69800.0,0,725,0.5103,1
50430.31,7,5600.0,3,823,0.7361,0
89529.36,5,12800.0,2,676,0.1625,0
28915.01,5,8400.0,0,658,0.1118,0
60037.59,9,8100.0,2,710,0.4232,0
68182.89,7,31100.0,2,689,0.1925,0
113058.77,0,64500.0,2,694,0.3894,0
25037.0,3,4300.0,1,661,0.3217,0
60895.46,1,16300.0,3,656,0.2747,0
32962.33,2,16000.0,0,600,0.2899,1
79064.78,2,10200.0,2,721,0.2369,0
91809.32,2,29300.0,1,597,0.6336,1
121533.31,7,68100.0,0,614,0.2716,0
44610.91,6,21300.0,2,585,0.1726,0
99705.35,3,56800.0,2,651,0.3963,0
126563.05,6,33100.0,2,677,0.1019,0
24251.03,5,14100.0,5,593,0.3665,0
83850.41,4,28300.0,1,655,0.1801,0
101435.78,4,38400.0,5,687,0.4649,0
51932.52,7,28900.0,8,557,0.3067,0
30763.2,4,15900.0,2,618,0.1629,0
100571.65,5,9600.0,2,810,0.4188,0
30954.39,5,15600.0,2,622,0.4548,1
54279.76,3,25200.0,0,728,0.3485,0
58567.3,2,15700.0,1,637,0.415,0
88747.09,3,39900.0,1,690,0.2915,0
42419.04,7,11800.0,0,615,0.6165,1
41088.31,4,13700.0,0,532,0.7852,1
63221.74,0,38200.0,1,642,0.4623,0
104142.43,5,53300.0,3,708,0.3422,0
210680.38,3,84500.0,1,726,0.148,0
26131.2,2,12300.0,3,686,0.0711,0
71213.53,6,33500.0,1,617,0.1111,0
32938.77,6,12100.0,1,744,0.3586,0
104856.31,4,43800.0,1,621,0.4335,0
35731.95,3,21700.0,5,625,0.2875,0
41313.45,3,9800.0,0,601,0.5371,0
43299.7,1,9000.0,1,643,0.182,0
57416.71,0,12600.0,1,653,0.2401,0
71521.88,3,22400.0,4,697,0.3787,0
78122.69,3,39700.0,1,574,0.2405,1
59684.51,2,18500.0,3,640,0.4267,1
28812.37,9,12800.0,2,615,0.2366,0
89346.95,3,54300.0,1,707,0.2936,0
58155.33,4,21300.0,2,698,0.2664,0
113431.47,5,61800.0,1,598,0.1826,0
40568.36,6,17200.0,1,712,0.2548,0
24803.72,2,14400.0,2,671,0.356,0
58764.06,3,33900.0,1,734,0.3116,0
122121.77,4,31500.0,0,627,0.2345,0
65415.74,2,9600.0,0,719,0.3706,0
53647.04,8,13400.0,3,740,0.3477,0
37097.66,15,2000.0,1,680,0.3864,0
157435.57,5,63300.0,2,832,0.326,0
33986.5,5,14000.0,2,712,0.3935,0
40176.32,8,13500.0,2,807,0.3507,0
81921.67,7,43300.0,2,850,0.2593,0
21572.8,4,3800.0,4,550,0.4864,1
120695.35,11,31100.0,2,761,0.3485,0
84398.61,2,22300.0,2,714,0.2718,0
98181.89,6,30300.0,1,693,0.7018,1
81386.47,3,6500.0,2,625,0.2428,0
54796.53,5,16000.0,3,608,0.624,1
33365.18,3,15200.0,3,596,0.2161,1
55434.56,11,17200.0,2,842,0.2911,0
35018.09,8,14900.0,1,712,0.2844,1
78228.2,5,43100.0,4,573,0.2267,0
93314.32,7,38800.0,5,596,0.358,0
134894.02,2,40600.0,2,523,0.267,0
73458.23,1,29700.0,1,764,0.2939,0
99560.07,2,28800.0,2,678,0.3585,0
50846.69,11,13600.0,4,713,0.7338,0
46025.35,3,23700.0,3,675,0.1398,0
77692.93,7,23400.0,1,746,0.1956,0
48408.95,3,28100.0,3,645,0.1968,0
69428.46,4,40700.0,2,697,0.4069,0
33401.11,3,16100.0,0,696,0.3027,0
36868.2,3,24500.0,0,588,0.4027,1
84920.87,7,11900.0,3,621,0.1858,0
97507.01,3,27200.0,2,652,0.3269,1
34817.98,3,14300.0,3,699,0.4527,0
86581.19,4,20500.0,0,779,0.2078,0
44667.23,3,16400.0,0,684,0.6198,0
60420.14,2,31300.0,4,668,0.7196,1
130524.92,6,10400.0,2,698,0.1964,0
93350.64,5,50100.0,1,663,0.2165,0
92756.18,3,15200.0,1,673,0.5324,0
171071.13,2,97000.0,2,789,0.1711,0
40654.56,8,13700.0,2,658,0.6742,1
34813.79,1,18100.0,5,695,0.1734,0
40248.69,6,17400.0,2,627,0.2792,0
52053.35,0,23200.0,3,770,0.7384,0
18000.0,4,9200.0,3,607,0.4964,1
53418.61,4,28200.0,4,670,0.4232,1
44377.42,1,8500.0,0,749,0.4152,0
92140.32,1,17700.0,2,610,0.3173,0
72680.66,4,15400.0,3,740,0.4225,0
43028.45,1,18400.0,2,521,0.2379,0
82824.44,9,14900.0,3,593,0.1954,0
89124.96,3,27700.0,2,668,0.3486,0
39234.03,10,9300.0,2,850,0.3427,0
45653.55,9,2300.0,1,686,0.2973,0
18000.0,4,7300.0,2,688,0.5008,0
32864.13,5,18400.0,3,761,0.3269,0
39800.78,8,16900.0,4,594,0.3091,0
62366.99,2,24300.0,2,448,0.2293,1
35597.81,3,16300.0,1,805,0.4343,0
45143.49,10,8000.0,5,720,0.4797,0
30517.88,7,11400.0,2,642,0.2984,0
65782.73,3,32800.0,5,679,0.2727,1
75670.45,5,30300.0,4,754,0.2979,0
74704.9,2,21700.0,1,665,0.3574,1
60282.59,3,30900.0,4,686,0.2603,0
25652.85,6,3000.0,1,828,0.2171,0
42575.13,3,6700.0,2,582,0.3787,0
47857.41,6,21700.0,7,714,0.4953,0
47963.12,1,12100.0,2,583,0.394,1
62394.95,6,30500.0,3,792,0.4391,0
131143.54,2,30900.0,3,697,0.5527,0
93587.58,4,14200.0,5,623,0.2082,0
34782.35,2,11900.0,6,562,0.4978,1
86952.87,6,20100.0,2,649,0.4149,0
85149.71,1,11100.0,2,689,0.3658,0
38432.66,6,23000.0,5,762,0.3492,0
95499.5,4,48200.0,0,593,0.4525,1
54819.04,3,4500.0,4,613,0.3782,0
27571.16,2,18700.0,3,638,0.2556,1
76907.72,3,44200.0,1,617,0.358,1
67462.62,9,25200.0,2,636,0.3842,1
52826.98,2,6200.0,4,604,0.3317,1
58653.4,9,23600.0,2,706,0.1817,0
40315.97,11,8000.0,2,639,0.3845,0
83748.35,3,32500.0,0,676,0.4929,1
58460.24,1,31200.0,2,698,0.2879,0
65614.16,7,23100.0,4,572,0.6661,1
72869.69,7,16100.0,2,720,0.1663,0
31728.73,9,14600.0,1,691,0.3594,0
36612.48,4,13100.0,1,691,0.2551,1
18000.0,5,10200.0,1,665,0.3884,1
81683.58,3,46200.0,2,655,0.231,0
30738.91,3,12100.0,1,679,0.3846,0
64402.86,5,12100.0,4,682,0.5069,0
73426.75,8,14000.0,2,586,0.257,0
83390.87,7,45600.0,1,793,0.4377,0
30877.74,4,13600.0,3,623,0.1545,0
57766.32,8,8700.0,2,680,0.2938,0
150039.55,1,40400.0,2,762,0.1852,0
153717.7,16,83200.0,1,649,0.3709,0
103055.99,1,52400.0,1,693,0.2318,0
72086.44,4,35500.0,1,511,0.5502,1
34447.49,5,16400.0,0,526,0.2384,0
88897.73,5,23200.0,2,673,0.3558,1
54890.1,8,12800.0,0,689,0.2483,0
81494.48,2,22100.0,1,758,0.4179,0
42274.36,5,10500.0,3,735,0.2653,0
54441.76,6,34700.0,2,556,0.3989,1
65531.16,8,32300.0,3,770,0.1236,0
68559.2,3,19900.0,2,586,0.1933,0
78554.47,4,23000.0,4,740,0.5078,0
43540.32,4,15300.0,2,641,0.2072,0
28600.9,6,6100.0,3,850,0.2771,0
146331.78,6,43400.0,6,631,0.3904,1
235411.37,3,58100.0,3,669,0.3014,0
76579.25,4,39600.0,1,687,0.2501,0
28906.0,4,6900.0,3,657,0.267,0
39133.83,2,6100.0,2,600,0.2148,0
79222.42,5,19200.0,2,840,0.5773,0
125193.22,5,57400.0,0,629,0.3108,0
30727.4,2,11200.0,1,627,0.272,1
55916.62,5,26600.0,2,667,0.241,0
66686.82,17,8100.0,2,689,0.7744,1
96328.37,2,46800.0,2,624,0.2849,1
49563.97,2,10900.0,3,747,0.3394,0
25333.98,6,8800.0,1,686,0.2799,0
84259.67,3,11500.0,1,677,0.2152,0
111150.21,8,31700.0,0,717,0.4384,0
57215.19,4,30500.0,0,611,0.5239,1
74823.11,3,7800.0,1,631,0.3612,0
46121.28,4,19300.0,1,673,0.3624,0
37602.47,6,5600.0,2,745,0.261,0
105296.36,6,67100.0,1,657,0.2006,0
74096.44,1,7700.0,2,651,0.4357,0
78409.68,6,46300.0,1,517,0.2365,0
136784.69,4,74300.0,2,623,0.28,1
33517.96,4,15800.0,1,551,0.2234,0
44195.82,5,16300.0,7,570,0.346,1
65307.58,2,37200.0,4,702,0.5262,0
43898.16,1,11900.0,4,850,0.302,0
92108.74,1,16600.0,3,690,0.1715,0
54010.32,7,23100.0,1,700,0.3739,0
34686.54,7,8000.0,3,618,0.2545,0
62079.71,0,25800.0,4,596,0.3942,1
65754.69,4,24000.0,2,829,0.2615,0
100115.03,3,56400.0,2,615,0.2329,0
74326.85,2,19900.0,4,525,0.4554,1
77159.54,8,44800.0,3,693,0.3323,0
71407.66,9,11600.0,3,643,0.1203,0
53985.87,5,3600.0,2,720,0.3992,0
40379.58,3,11700.0,2,793,0.211,0
70182.98,3,14600.0,2,703,0.372,0
49850.38,2,4100.0,4,692,0.1768,0
151660.91,3,54100.0,4,724,0.3311,0
125266.69,2,73900.0,2,850,0.6101,0
84800.91,9,31000.0,1,846,0.2224,0
73729.39,1,20900.0,4,651,0.3068,1
57046.53,7,6400.0,2,746,0.6142,0
29922.98,2,1800.0,1,809,0.2785,0
53162.33,6,8900.0,2,727,0.4434,0
63308.19,4,16800.0,1,670,0.5105,0
67927.83,7,27500.0,3,638,0.4757,0
77516.42,1,8000.0,3,682,0.2349,0
99382.53,3,49500.0,4,590,0.5652,1
40917.59,3,18100.0,2,742,0.492,0
41122.41,4,15900.0,3,779,0.1604,0
132982.28,4,33900.0,2,645,0.3065,1
91495.02,2,54000.0,3,641,0.5509,1
48294.65,1,15900.0,1,596,0.3162,0
56445.67,3,12500.0,2,710,0.2586,0
56585.46,4,4900.0,2,674,0.2231,0
60922.98,3,13300.0,3,567,0.2009,0
77650.69,1,30600.0,6,850,0.5593,0
241408.55,4,117800.0,4,542,0.5368,1
66460.7,5,42500.0,2,567,0.4244,1
86200.3,5,35200.0,3,745,0.3223,0
23681.22,4,13700.0,2,724,0.3256,0
45858.0,4,6600.0,1,621,0.4488,0
117694.58,2,58500.0,4,617,0.1846,0
74702.85,8,32300.0,1,709,0.4387,1
18000.0,3,13200.0,3,703,0.5106,0
86743.67,6,32500.0,5,622,0.4975,1
171955.4,10,97000.0,1,750,0.4529,0
19975.28,3,5500.0,3,718,0.3334,0
138090.32,7,22500.0,2,775,0.3586,0
18000.0,3,10100.0,4,671,0.3175,0
100297.84,7,38600.0,4,736,0.398,0
59590.01,9,14100.0,0,658,0.2461,0
18000.0,2,7200.0,3,716,0.3685,0
76525.23,7,21600.0,3,702,0.397,0
112753.79,10,35400.0,2,739,0.2519,0
73140.52,5,14700.0,2,714,0.2711,0
82590.93,8,45000.0,1,533,0.2432,1
47742.54,9,30000.0,4,628,0.2956,0
21509.19,7,10700.0,2,681,0.436,0
87599.03,2,52500.0,3,710,0.361,0
156743.29,5,9700.0,2,737,0.2553,0
111443.1,6,17800.0,2,716,0.3029,0
20063.72,1,2600.0,1,622,0.1493,0
26024.87,4,13800.0,0,744,0.6127,0
37598.44,4,15400.0,4,614,0.3003,0
24930.91,6,8800.0,1,770,0.4276,0
61347.18,2,8400.0,1,775,0.2874,0
74338.09,3,39100.0,4,674,0.3819,1
27265.04,5,11400.0,1,626,0.3968,0
91804.87,3,52000.0,2,623,0.3733,1
83333.61,1,29500.0,2,593,0.2654,1
44289.92,9,6300.0,2,606,0.7405,1
54454.07,13,10900.0,3,661,0.3043,0
20488.3,5,10100.0,2,633,0.1238,0
49874.04,5,20200.0,3,554,0.3574,0
60117.83,4,32900.0,2,639,0.7142,1
65697.17,1,14900.0,5,682,0.276,0
73746.02,1,26800.0,0,650,0.2102,0
68482.46,0,39200.0,5,608,0.2504,1
51772.32,8,24500.0,1,496,0.2851,1
70081.02,12,12100.0,1,761,0.4431,0
103893.08,5,32500.0,2,672,0.1567,0
56810.48,3,13200.0,1,699,0.3916,0
71301.82,3,14900.0,7,689,0.4342,1
54046.82,6,23400.0,1,712,0.2728,0
41952.05,8,9600.0,5,693,0.3143,0
79824.35,4,30700.0,1,682,0.5614,0
44118.11,3,20700.0,1,732,0.4748,0
74041.48,2,25500.0,4,748,0.27,0
60811.88,3,16500.0,1,779,0.4153,0
50657.16,6,12900.0,1,613,0.4318,0
49987.16,5,22500.0,1,694,0.505,0
45276.05,5,20400.0,2,555,0.3394,1
24216.98,2,15600.0,3,639,0.3701,1
73909.18,3,31400.0,1,660,0.5176,1
68005.97,7,24100.0,2,731,0.3336,0
95541.75,10,51600.0,0,666,0.2806,0
44698.66,7,28700.0,2,725,0.1962,0
169814.34,8,70200.0,1,649,0.454,1
48588.65,1,7400.0,3,632,0.2773,0
37000.61,9,14000.0,2,615,0.4497,0
34664.57,5,5500.0,2,727,0.5207,0
23071.25,5,4600.0,2,647,0.3103,1
139099.58,5,74300.0,4,493,0.2045,0
127272.67,11,52900.0,2,723,0.3203,0
83317.16,3,41100.0,2,605,0.6113,1
36576.13,5,15300.0,3,689,0.3156,0
162137.05,4,98300.0,2,590,0.3256,0
49343.16,2,19700.0,3,676,0.4989,0
51639.17,1,20900.0,1,460,0.1242,0
131991.46,2,28000.0,0,672,0.2126,0
86025.65,2,52600.0,2,609,0.3387,0
200908.88,4,87200.0,1,580,0.2914,0
68651.43,8,1100.0,0,732,0.3393,0
48128.66,2,16600.0,1,666,0.1911,0
42766.37,2,17900.0,6,657,0.3137,0
21680.14,11,1000.0,4,621,0.4541,0
51368.08,3,21500.0,3,742,0.1374,0
112367.09,2,67300.0,3,642,0.2951,1
83229.64,3,36300.0,1,787,0.1688,0
60546.65,4,11100.0,1,767,0.2082,0
34640.75,4,3600.0,2,782,0.3397,0
67831.38,2,34700.0,2,748,0.534,0
104510.99,3,52000.0,0,630,0.2547,0
75879.03,7,16900.0,2,679,0.5527,0
65624.5,5,32300.0,1,660,0.2458,0
38625.71,9,19900.0,2,738,0.3978,0
96466.4,3,43500.0,3,674,0.3184,0
18000.0,7,2800.0,0,657,0.1494,0
73907.17,7,1000.0,3,799,0.4032,0
246145.25,2,105200.0,4,650,0.6264,1
26118.38,5,18400.0,1,628,0.1627,1
52430.66,4,23400.0,1,645,0.2591,0
59614.19,1,10700.0,2,755,0.2982,0
46424.35,1,24700.0,1,689,0.1774,0
105874.09,4,36600.0,0,709,0.2168,0
77640.78,1,47900.0,1,693,0.3919,1
65105.56,0,35400.0,2,511,0.3754,1
92827.66,4,20800.0,3,595,0.3984,1
60428.3,0,18500.0,1,654,0.2821,0
344181.86,2,150000.0,3,699,0.5425,0
65071.43,4,18500.0,3,601,0.3219,0
66662.99,4,24100.0,2,599,0.4698,1
23370.8,4,7100.0,2,652,0.3589,0
44404.78,6,9700.0,2,774,0.3671,0
112539.29,8,60400.0,2,514,0.5564,1
28724.3,8,2300.0,4,476,0.2577,0
18275.99,11,6200.0,0,805,0.4035,0
60947.83,0,28200.0,1,560,0.2509,1
127250.07,2,11400.0,1,645,0.2381,0
61286.18,1,32200.0,2,562,0.484,1
49768.2,12,14000.0,1,652,0.2541,0
21543.55,4,13100.0,3,665,0.2675,0
76783.09,4,8000.0,4,796,0.204,0
86137.6,3,17500.0,1,729,0.4254,0
22472.49,3,2500.0,2,579,0.3754,0
111747.02,3,28000.0,1,532,0.2612,0
91229.4,3,44500.0,4,712,0.2959,0
111610.87,3,53300.0,0,636,0.1353,0
82531.79,10,41700.0,2,621,0.2382,0
85778.66,14,13200.0,1,764,0.1807,0
79729.62,14,42500.0,2,543,0.3654,0
96534.89,1,59500.0,4,648,0.3341,1
22019.49,2,7400.0,1,722,0.6546,1
26223.66,0,9000.0,1,586,0.3284,1
39942.48,14,4600.0,2,772,0.1662,0
55748.12,5,18000.0,1,599,0.4345,1
74122.57,7,32100.0,2,670,0.4727,1
71580.28,3,15000.0,4,623,0.2584,0
110681.08,4,63500.0,2,469,0.4437,1
112608.49,9,36200.0,2,643,0.2954,0
37056.1,4,5100.0,1,734,0.2553,0
68269.4,4,33000.0,4,597,0.2249,0
37559.91,6,18000.0,6,628,0.3167,0
53985.14,6,16400.0,6,636,0.3418,0
71466.58,4,19500.0,4,715,0.3807,0
18000.0,3,1000.0,3,648,0.48,0
225524.53,3,67900.0,3,677,0.463,0
81758.48,8,42700.0,0,678,0.7474,0
43146.79,4,21800.0,1,636,0.3616,1
172828.21,2,92700.0,1,802,0.1056,0
49459.67,7,7700.0,1,598,0.515,0
64401.08,4,29700.0,1,728,0.1881,0
45802.15,1,15700.0,2,771,0.2519,0
148537.91,2,61600.0,1,665,0.2493,0
56514.83,4,7700.0,3,680,0.2677,0
65004.79,1,41800.0,1,715,0.0647,0
116085.26,5,17200.0,0,647,0.508,1
82605.1,6,45100.0,2,533,0.2948,1
58110.9,8,10200.0,2,656,0.2595,0
110273.07,5,58600.0,3,798,0.2681,0
241872.44,2,128800.0,0,718,0.4469,0
71294.59,1,30900.0,2,681,0.2535,0
63845.29,1,21100.0,3,732,0.1527,0
65765.12,3,31700.0,4,664,0.2267,1
123098.02,3,57700.0,3,677,0.5941,0
43063.94,1,4800.0,2,643,0.1503,0
51375.94,5,25900.0,1,711,0.5867,0
25704.12,3,6000.0,2,635,0.5738,0
31221.83,2,12900.0,5,651,0.4963,1
45035.66,1,24400.0,5,741,0.4075,0
58060.14,10,19600.0,5,660,0.2971,1
158418.55,0,83500.0,4,717,0.5147,0
80402.14,12,6600.0,4,724,0.146,0
36255.88,2,12100.0,5,669,0.2808,0
40119.22,13,15300.0,0,649,0.278,0
127530.62,1,46100.0,3,576,0.2799,0
111261.18,5,56500.0,4,593,0.4162,0
60808.35,9,27900.0,2,721,0.3997,0
46939.29,9,14600.0,0,719,0.3408,0
111158.57,5,53400.0,0,601,0.4232,0
34671.39,5,11800.0,2,705,0.3094,0
74281.46,1,13100.0,7,691,0.1923,0
208973.44,7,77000.0,3,745,0.4136,0
67033.36,8,23700.0,1,837,0.2704,0
39081.9,4,20300.0,4,718,0.3251,0
75034.46,4,22500.0,0,623,0.3363,0
46235.13,19,10500.0,1,731,0.6382,0
27812.37,1,16000.0,3,597,0.499,1
88042.05,5,30100.0,1,842,0.3222,0
110725.44,7,46300.0,1,583,0.2312,0
50463.29,0,34100.0,1,708,0.4616,0
48655.51,1,10400.0,0,675,0.3376,0
35282.38,2,18700.0,3,644,0.3909,1
55134.75,2,30900.0,2,639,0.1009,0
43945.14,2,15200.0,3,777,0.3386,0
34335.39,2,7500.0,0,717,0.1932,0
169514.35,2,27600.0,1,664,0.3873,0
77386.76,4,14700.0,2,805,0.6836,0
82028.11,2,52700.0,3,666,0.3168,0
97330.7,3,50600.0,2,730,0.4592,0
91497.77,4,52700.0,5,574,0.2829,1
47704.91,3,25800.0,4,578,0.3019,1
69557.15,5,10800.0,0,728,0.333,0
51639.04,10,9000.0,2,698,0.5921,0
76202.91,1,40700.0,1,836,0.2373,0
72253.06,2,43000.0,5,622,0.2686,0
48510.56,7,24700.0,4,726,0.3995,1
28821.75,5,7200.0,2,657,0.2268,0
64888.8,7,40300.0,1,739,0.3988,0
53511.5,6,30100.0,3,733,0.2755,0
21169.05,2,6500.0,5,673,0.3486,0
79159.02,10,32000.0,0,619,0.6599,1
101817.59,10,50600.0,2,650,0.2734,1
240529.03,2,67600.0,1,592,0.3236,0
48283.32,9,28900.0,1,702,0.2069,0
44520.65,10,14800.0,0,464,0.1886,0
32526.76,12,16900.0,2,631,0.5185,1
67154.62,6,28300.0,3,743,0.4006,0
66921.46,3,39800.0,1,741,0.2029,1
38322.29,2,18900.0,0,554,0.5936,1
54382.0,3,22700.0,2,719,0.3494,0
20165.61,1,4000.0,2,589,0.3338,1
99658.76,5,48800.0,3,647,0.4398,0
39188.02,3,2700.0,1,732,0.2693,0
58743.69,1,23200.0,3,602,0.2947,1
27318.48,2,11200.0,2,782,0.2706,0
43464.75,9,28100.0,0,694,0.2521,0
51339.97,5,10300.0,4,710,0.4267,0
59503.48,2,28300.0,4,756,0.4342,0
77952.34,12,43600.0,3,742,0.3148,0
132123.36,5,49200.0,2,735,0.2817,1
89589.29,1,41300.0,3,626,0.1752,0
101639.8,3,56800.0,2,592,0.4865,1
132635.13,1,57100.0,5,654,0.3234,1
81906.97,10,35000.0,1,711,0.5541,0
58677.47,7,14900.0,2,579,0.2802,0
104298.43,2,48600.0,2,719,0.5018,0
108029.01,0,45000.0,0,703,0.1655,0
85537.59,7,45200.0,2,661,0.3951,0
26901.97,5,9600.0,4,680,0.2728,0
37691.77,9,22600.0,0,680,0.2573,0
51473.9,0,7700.0,3,708,0.3862,0
91930.81,7,45000.0,1,731,0.4434,0
59175.3,4,16400.0,2,850,0.4075,0
111890.7,15,26800.0,1,688,0.2387,0
123423.91,1,79000.0,1,627,0.2238,0
115791.19,7,38400.0,2,532,0.2151,0
116197.58,7,16600.0,1,569,0.26,0
33848.61,1,22600.0,0,618,0.1836,0
78076.9,3,13700.0,3,727,0.2998,0
42867.06,6,23800.0,3,645,0.4561,1
24173.53,2,12800.0,3,706,0.4632,0
51117.94,2,26700.0,1,620,0.3681,0
124070.51,8,60800.0,2,709,0.2266,0
77142.38,13,29900.0,2,740,0.5901,0
181642.39,8,37700.0,1,645,0.3033,0
66004.39,1,32400.0,3,708,0.2501,0
230105.12,0,67800.0,2,642,0.3537,0
66014.96,1,19600.0,2,583,0.2741,0
60619.03,6,25600.0,3,717,0.2034,0
29623.86,7,15100.0,4,706,0.1446,0
110283.49,3,13100.0,1,720,0.3588,0
45425.6,1,31200.0,3,747,0.4571,0
41945.39,3,11300.0,3,656,0.441,1
121136.93,0,19200.0,5,662,0.1686,0
113212.57,0,29200.0,2,654,0.6154,1
111594.63,5,16600.0,5,701,0.3872,0
49059.78,5,17300.0,2,665,0.2235,0
58218.78,1,5700.0,3,684,0.2613,0
57935.18,8,32900.0,1,621,0.433,0
92077.42,4,10100.0,0,598,0.2301,0
140710.6,2,28200.0,2,607,0.1531,0
73312.07,5,42200.0,1,706,0.2524,0
177404.92,15,68300.0,3,672,0.3188,0
98071.98,1,32800.0,3,638,0.1378,0
52620.46,16,23300.0,2,725,0.2558,0
94446.73,4,31100.0,2,784,0.3654,0
153011.32,6,79000.0,2,638,0.0869,0
179702.67,6,34400.0,1,594,0.2331,0
115011.83,2,55700.0,1,746,0.407,0
60725.62,3,16100.0,0,676,0.2042,0
53147.09,10,30000.0,2,661,0.3458,0
82194.05,11,48700.0,4,751,0.3739,0
150344.71,3,48300.0,3,655,0.4404,0
76006.41,14,27700.0,3,705,0.2126,0
76879.35,4,30400.0,2,687,0.4083,0
61590.86,7,28400.0,1,850,0.2286,0
49994.08,2,19800.0,0,665,0.1308,0
54766.06,7,4600.0,3,745,0.152,0
64504.11,3,15900.0,4,656,0.155,0
154038.06,18,61100.0,1,709,0.3159,0
52478.43,5,10000.0,4,660,0.4464,0
61632.01,13,16500.0,2,735,0.3452,0
37199.19,5,12900.0,2,668,0.5859,0
88800.46,4,16300.0,1,713,0.2878,0
126965.86,5,21300.0,1,618,0.4402,0
146308.67,15,67300.0,2,615,0.4155,0
66959.99,3,9300.0,1,534,0.3808,0
82116.55,18,10700.0,3,702,0.4698,0
55025.24,8,16000.0,2,626,0.4549,1
80050.28,14,43900.0,1,840,0.1236,0
71159.62,1,18800.0,0,640,0.2402,0
61823.91,7,6500.0,2,768,0.231,0
64586.75,10,28100.0,1,761,0.4257,0
76769.08,10,42900.0,1,657,0.3224,0
50930.45,7,2200.0,2,620,0.3693,1
52398.16,3,7300.0,2,665,0.2116,0
153131.01,3,58400.0,1,760,0.3848,0
265880.1,3,52500.0,1,846,0.2729,0
30871.79,5,6500.0,4,582,0.1584,0
29950.19,5,1800.0,0,676,0.3858,0
35368.11,3,3600.0,3,630,0.3454,0
56567.58,3,13100.0,2,648,0.5323,1
97995.74,4,24600.0,3,803,0.1395,0
82883.32,0,13200.0,1,617,0.3203,0
65815.93,3,16600.0,1,554,0.2453,1
80090.66,2,22900.0,3,690,0.1925,0
40919.12,1,8400.0,1,703,0.2354,0
52351.32,1,19300.0,3,643,0.3989,1
59216.06,3,25700.0,1,624,0.5138,1
25051.3,5,17300.0,1,687,0.2953,0
31611.6,6,10600.0,1,574,0.2304,1
32310.21,6,6100.0,2,707,0.5028,0
91149.79,6,23900.0,0,649,0.4421,1
68524.4,3,18800.0,2,779,0.2565,0
83791.23,1,9400.0,3,699,0.2277,0
21767.86,2,7700.0,4,663,0.3303,1
26477.18,4,10000.0,1,658,0.2996,0
86229.57,5,17500.0,2,530,0.338,0
18000.0,7,12600.0,1,666,0.202,0
117423.95,10,28700.0,2,660,0.4265,0
21964.34,3,8300.0,3,679,0.3179,0
95209.95,5,29100.0,0,661,0.6756,0
36727.4,6,10700.0,1,782,0.1498,0
106606.21,4,39800.0,4,655,0.4391,1
349580.28,2,135500.0,1,612,0.4154,1
18000.0,2,8400.0,2,550,0.3964,1
87768.45,8,49400.0,3,642,0.156,0
22148.18,3,1000.0,0,596,0.3729,0
75714.34,3,21700.0,1,578,0.3554,0
53437.89,0,22600.0,1,652,0.3698,1
64304.2,9,25500.0,3,760,0.2156,0
36263.7,6,5800.0,0,745,0.2846,0
91977.35,1,41500.0,2,579,0.4791,1
26994.9,6,7700.0,1,678,0.6459,1
118527.53,6,44300.0,2,707,0.321,0
47806.28,12,25300.0,0,719,0.1551,0
27681.51,2,10200.0,4,795,0.2086,0
143949.13,6,53100.0,1,587,0.1093,0
57697.06,3,32700.0,0,609,0.2123,0
170962.55,2,79500.0,3,625,0.406,1
117212.74,11,66700.0,1,702,0.3272,0
38600.48,8,14400.0,5,471,0.5417,1
57139.77,1,26400.0,2,658,0.1401,0
63995.68,1,29100.0,2,541,0.4271,1
138616.55,6,67400.0,2,675,0.188,0
76163.28,4,19300.0,6,830,0.5381,0
65970.37,2,11300.0,2,743,0.5463,0
53640.85,6,14600.0,1,583,0.3176,0
58232.19,6,10600.0,2,644,0.4155,0
122703.44,4,57900.0,3,608,0.41,1
59996.29,4,26500.0,0,772,0.5925,0
48182.52,2,11200.0,0,510,0.1853,0
43893.48,6,5000.0,3,642,0.2654,0
44153.57,14,11700.0,1,623,0.3908,0
27690.57,1,6000.0,1,587,0.1771,0
39628.09,8,4600.0,5,799,0.4176,0
136507.0,1,31600.0,1,558,0.1485,0
53442.97,7,17800.0,3,585,0.2071,0
88205.66,3,20800.0,1,795,0.4839,0
18000.0,7,5000.0,2,668,0.4701,0
81844.08,1,19700.0,1,662,0.6003,0
54789.62,0,5800.0,3,628,0.2626,0
45945.35,5,20500.0,2,675,0.4754,0
66139.93,7,23300.0,2,643,0.4558,1
45583.27,5,19200.0,2,620,0.567,0
18617.71,6,15700.0,1,570,0.423,1
99432.71,3,12800.0,1,678,0.2331,0
68436.37,7,28900.0,3,630,0.2851,0
50379.1,11,9600.0,1,640,0.2763,0
35192.84,3,16400.0,3,724,0.3376,0
26677.57,6,5300.0,4,637,0.2626,0
67720.28,2,17500.0,2,667,0.1799,0
145421.62,12,69600.0,2,801,0.3151,0
66952.69,1,41300.0,2,704,0.3213,0
27986.6,5,14300.0,0,635,0.2181,0
67765.89,4,37000.0,2,593,0.4751,1
58143.03,3,28900.0,0,665,0.2693,0
96300.04,3,18800.0,2,734,0.2651,0
83592.01,4,46600.0,1,631,0.3364,1
18000.0,11,4700.0,4,672,0.2449,0
80812.2,5,16000.0,1,629,0.1935,0
34478.33,0,10000.0,1,644,0.32,0
27393.18,1,14900.0,0,579,0.2674,0
53978.42,5,19400.0,2,691,0.4774,0
75059.33,8,46600.0,1,681,0.3078,0
24284.56,2,1000.0,0,781,0.5233,0
88213.65,5,50100.0,1,678,0.4012,0
91111.23,8,28200.0,3,617,0.4084,0
61441.26,5,22700.0,3,779,0.3818,0
37153.27,4,12800.0,1,697,0.2947,0
34938.41,3,2700.0,1,684,0.3487,0
105267.78,4,21800.0,5,669,0.6353,1
26077.48,7,12800.0,2,681,0.2213,0
107522.86,7,31600.0,0,605,0.2077,0
54673.83,7,3400.0,6,664,0.5307,1
56799.97,2,17000.0,4,653,0.3407,0
23401.41,0,4000.0,2,696,0.2466,0
55232.45,3,27600.0,3,753,0.3837,0
83907.65,8,4500.0,2,742,0.3429,0
28709.24,12,13900.0,2,708,0.3738,0
78767.03,2,43500.0,5,540,0.226,1
62878.32,6,13900.0,2,637,0.18,0
42021.41,2,10900.0,3,533,0.5708,1
95805.0,10,20100.0,1,751,0.4561,0
18000.0,8,8000.0,2,661,0.1929,0
72451.63,5,22400.0,3,659,0.4745,0
145901.84,5,73800.0,2,618,0.2905,1
132186.45,9,23100.0,2,764,0.64,0
74190.67,0,26400.0,0,677,0.3458,0
50720.0,4,10100.0,1,661,0.3415,0
42205.62,1,13100.0,1,679,0.3834,0
50685.28,5,12300.0,1,685,0.3646,0
80748.45,5,15700.0,2,660,0.1699,0
38407.8,5,10600.0,1,764,0.4255,0
90815.3,1,45100.0,1,764,0.2164,0
193539.77,8,111900.0,0,677,0.2622,0
57870.57,7,6500.0,3,611,0.3296,0
28583.44,3,8800.0,2,694,0.3451,0
28577.94,7,13900.0,1,625,0.1059,0
91776.45,0,21000.0,4,777,0.3747,0
57938.63,1,33600.0,2,788,0.494,0
96979.7,4,34400.0,3,724,0.2681,0
44645.16,3,13200.0,2,583,0.3278,0
94546.11,10,40000.0,3,635,0.3922,1
54881.71,6,18100.0,3,655,0.245,1
40019.53,11,11000.0,1,607,0.1188,0
48023.74,1,8000.0,4,647,0.2359,0
30996.21,3,15800.0,1,687,0.0951,0
178822.28,1,63000.0,3,709,0.1909,0
56782.87,5,7700.0,6,766,0.4293,0
85347.19,1,11000.0,2,668,0.2527,0
44565.8,5,9300.0,2,647,0.2225,0
33571.73,2,1000.0,2,573,0.5343,1
52647.06,7,11700.0,1,696,0.2703,0
109716.59,4,12800.0,0,636,0.3156,0
44963.1,1,24400.0,6,654,0.2606,1
37093.89,8,9500.0,2,627,0.1612,0
65218.95,8,18100.0,3,630,0.336,0
78783.78,7,52600.0,3,724,0.4688,0
147792.79,3,39200.0,1,666,0.4182,0
72733.89,6,30900.0,2,787,0.429,0
85322.71,9,37400.0,2,586,0.4027,1
88929.69,4,53000.0,1,764,0.4694,0
31756.15,4,13500.0,0,633,0.3673,0
35248.12,4,15400.0,4,666,0.2911,0
32986.61,7,12900.0,2,707,0.3121,0
28776.66,5,11400.0,1,747,0.4033,0
92735.16,6,18100.0,0,750,0.3874,0
70229.77,3,8300.0,5,748,0.5656,0
62550.08,3,8400.0,1,654,0.2171,0
18000.0,6,7700.0,1,806,0.1521,0
185444.75,2,23400.0,1,716,0.4685,0
36612.7,2,6000.0,1,449,0.486,1
185071.41,2,48400.0,2,674,0.3199,1
26981.78,3,9900.0,2,643,0.2456,0
38299.01,4,16200.0,2,648,0.1175,0
18000.0,3,7400.0,1,720,0.3848,0
73069.68,3,30200.0,6,695,0.3375,0
32673.14,5,14100.0,2,621,0.2921,1
33184.89,2,17600.0,3,785,0.195,0
28144.78,7,6200.0,2,576,0.4968,1
91816.32,2,33100.0,1,571,0.6341,1
88548.44,4,44100.0,4,591,0.4877,1
162205.39,4,28300.0,2,705,0.1562,0
41062.94,10,23000.0,4,700,0.3642,0
67531.58,3,30000.0,1,611,0.5186,1
29462.27,8,12800.0,1,627,0.5442,0
49797.92,6,19500.0,0,672,0.2802,0
45009.78,3,18600.0,2,592,0.2735,0
77299.86,9,31200.0,1,732,0.5789,0
104753.16,3,45700.0,1,789,0.4466,0
103268.4,3,14000.0,0,659,0.4034,0
37663.75,6,16700.0,0,698,0.4113,0
103689.63,3,30100.0,2,680,0.3259,0
58439.84,1,33900.0,2,775,0.2847,0
50084.74,3,5000.0,2,818,0.371,0
40551.12,3,9600.0,0,645,0.2269,0
44003.98,2,15500.0,1,674,0.2206,0
156103.2,4,42600.0,0,736,0.3519,0
70903.56,4,42200.0,0,698,0.4497,0
65909.41,5,34300.0,2,604,0.5526,1
51832.06,1,4200.0,3,536,0.2918,0
229874.37,1,67800.0,0,627,0.4401,1
122731.68,7,54100.0,2,697,0.1463,0
40272.17,2,21300.0,5,642,0.1642,1
51508.99,5,5600.0,3,593,0.2088,0
53218.72,3,5900.0,2,629,0.5013,1
64875.78,2,17300.0,4,809,0.5874,0
40713.94,10,15600.0,1,587,0.2026,0
76217.71,4,47700.0,3,648,0.4626,1
133072.38,2,16400.0,5,633,0.6044,1
29071.24,1,8000.0,2,819,0.4907,0
32193.48,6,5600.0,2,562,0.1452,0
45901.95,2,20200.0,5,613,0.2688,0
47087.48,9,23700.0,1,677,0.3178,0
179720.16,4,80700.0,1,685,0.3213,0
103874.64,18,38800.0,0,756,0.3886,0
100647.27,3,39100.0,1,748,0.4425,0
51771.7,2,7300.0,1,619,0.4483,1
51150.5,4,6400.0,1,696,0.2414,0
26945.24,2,15700.0,5,659,0.2168,1
92038.03,0,31100.0,5,638,0.4552,1
78439.27,7,19000.0,2,748,0.3676,0
121454.93,5,30900.0,1,691,0.3542,0
53318.77,2,17600.0,4,792,0.1489,0
55382.64,1,15300.0,0,708,0.6491,0
65744.09,2,16700.0,0,742,0.257,0
97786.68,4,16200.0,3,469,0.1895,0
26672.31,13,13400.0,1,679,0.3527,0
89754.27,3,44400.0,3,705,0.1347,0
59203.0,1,18600.0,2,712,0.3861,0
33448.07,2,10800.0,3,788,0.3619,0
19024.19,4,4000.0,3,719,0.2643,0
55544.48,2,9500.0,1,582,0.4808,1
132752.55,1,86300.0,0,713,0.2355,0
150403.44,3,97200.0,4,735,0.4219,0
72798.96,2,41400.0,4,627,0.2756,1
176152.1,5,77600.0,1,642,0.4056,1
58476.63,5,28800.0,4,732,0.4621,0
101145.66,6,36600.0,3,673,0.3054,0
46715.11,6,12600.0,2,755,0.4301,0
45115.03,2,15900.0,4,687,0.2906,0
41248.5,7,8800.0,3,509,0.3286,1
19277.79,3,4400.0,3,677,0.2489,0
121528.09,0,25000.0,1,643,0.4783,1
42070.5,7,9500.0,2,719,0.3604,0
38530.63,10,8700.0,1,705,0.4002,0
31288.8,3,10900.0,4,602,0.3013,1
53508.85,7,25200.0,2,688,0.4375,0
157932.15,3,89000.0,3,713,0.5375,0
189392.79,2,24500.0,3,706,0.3032,0
24017.14,4,12900.0,1,746,0.3066,0
49269.16,4,8700.0,3,596,0.2997,1
33897.73,4,12400.0,1,661,0.3602,0
103113.52,3,42900.0,4,506,0.311,0
70096.38,6,25600.0,1,762,0.4574,0
42187.82,5,8200.0,4,682,0.1685,0
62312.37,2,24800.0,1,667,0.3008,0
46047.09,3,16000.0,2,665,0.3278,0
145486.03,6,46500.0,2,711,0.3081,0
80888.56,3,28400.0,2,753,0.0863,0
86543.54,2,19900.0,1,653,0.3875,0
18000.0,3,3200.0,2,706,0.3712,0
57714.64,1,36200.0,1,705,0.5928,0
188295.16,9,54700.0,2,510,0.1705,0
124165.54,4,43900.0,1,622,0.1467,0
21679.03,2,11100.0,4,708,0.2445,1
50393.42,1,17000.0,0,768,0.463,0
30920.18,12,12000.0,2,777,0.3681,0
153446.29,1,74000.0,3,583,0.2245,0
68483.84,5,23100.0,1,750,0.3191,0
39250.22,3,7700.0,2,752,0.1228,0
61009.62,3,15600.0,2,706,0.2952,0
18000.0,4,1000.0,4,524,0.3163,0
32967.29,2,15700.0,3,635,0.3213,0
61086.37,4,29600.0,1,683,0.176,0
95332.06,4,22900.0,4,657,0.5438,0
20584.16,6,19000.0,2,512,0.2388,1
48550.73,5,21100.0,3,655,0.6826,1
104331.35,2,63500.0,0,605,0.1748,0
26948.98,2,7400.0,2,719,0.6211,0
67917.61,7,31800.0,2,711,0.2099,0
62086.63,3,9900.0,2,714,0.1886,0
153723.25,5,84600.0,1,647,0.2813,0
52755.59,8,19200.0,0,677,0.5663,0
54481.67,4,29200.0,2,669,0.3616,0
95820.11,2,32900.0,2,744,0.3889,0
28868.56,2,17900.0,3,635,0.226,0
53024.76,3,24900.0,1,618,0.2144,1
46599.79,3,19100.0,2,747,0.3859,0
55470.05,1,21700.0,1,737,0.4485,1
95475.37,2,27700.0,1,710,0.2595,0
81209.61,6,25800.0,2,793,0.2108,0
39665.01,7,21000.0,2,832,0.2965,0
64549.3,3,8600.0,1,767,0.3256,0
135909.28,0,18400.0,1,619,0.3836,0
37901.61,5,14700.0,4,737,0.1895,0
64850.62,1,26400.0,0,683,0.4457,0
53839.44,1,10800.0,7,633,0.3156,0
57834.87,3,15400.0,2,619,0.2634,0
24419.53,8,9800.0,4,695,0.1875,0
130081.91,6,41500.0,4,736,0.7657,0
39108.94,6,7400.0,2,778,0.5845,0
105275.88,3,22700.0,7,726,0.3549,0
42541.82,1,12200.0,2,718,0.3677,0
42445.34,8,6000.0,2,660,0.2626,0
116683.19,1,34300.0,1,691,0.087,0
103428.57,5,40600.0,2,563,0.2195,0
67155.51,4,13800.0,2,717,0.5001,0
91001.64,1,17000.0,3,707,0.093,1
51087.54,1,25300.0,3,819,0.4149,0
59599.22,6,14500.0,2,672,0.5493,1
41610.45,4,10000.0,2,764,0.1798,0
98443.27,8,11700.0,3,639,0.4365,0
40889.26,5,2500.0,4,802,0.2997,0
135514.78,4,59300.0,3,784,0.643,0
50326.71,0,33900.0,3,760,0.1761,0
60553.33,4,8300.0,5,680,0.458,0
90880.47,3,49000.0,2,658,0.4606,1
60665.2,5,36000.0,3,647,0.1986,0
50825.35,3,25800.0,1,602,0.6182,1
58893.56,3,14400.0,2,710,0.2393,0
97890.04,3,29200.0,2,656,0.2274,0
41582.36,2,20200.0,2,704,0.1142,0
55858.09,6,17000.0,3,688,0.2634,0
60213.85,17,31000.0,1,594,0.2718,0
96328.73,1,19200.0,1,755,0.3303,0
56674.81,2,21400.0,1,682,0.3886,1
161872.54,6,59500.0,2,740,0.366,0
54934.88,3,14000.0,1,588,0.3865,1
52537.05,2,21500.0,2,618,0.1569,0
54498.71,1,18800.0,2,646,0.1557,1
29023.1,2,18300.0,2,693,0.251,0
33853.59,1,18700.0,3,667,0.1202,0
44718.08,1,23400.0,3,777,0.2673,0
111826.79,7,29000.0,2,753,0.2609,0
58793.15,4,9900.0,3,620,0.3758,0
45864.46,16,3600.0,3,850,0.3905,0
117547.07,4,14300.0,2,669,0.2795,0
140525.95,1,12700.0,1,772,0.3839,0
119426.97,5,55700.0,3,654,0.2974,0
37451.44,5,2800.0,1,722,0.2887,0
45597.73,2,19900.0,6,746,0.326,0
162357.32,5,25000.0,3,562,0.1301,0
68365.72,5,7700.0,0,806,0.3416,0
51678.91,2,3000.0,1,616,0.3833,0
88884.35,6,20400.0,2,649,0.4667,0
104194.49,4,56500.0,7,630,0.4411,1
43726.2,4,4200.0,2,632,0.2838,0
67554.64,4,29300.0,0,636,0.4226,0
99668.81,1,9100.0,2,585,0.5902,1
31629.39,9,8800.0,3,732,0.3428,0
60282.07,3,7700.0,3,684,0.2366,0
32437.99,3,5100.0,4,665,0.2491,0
34857.75,5,13800.0,1,751,0.2272,0
43927.46,14,12900.0,4,807,0.1191,0
77840.39,6,8400.0,2,558,0.2466,0
50155.71,3,7200.0,0,797,0.4082,0
41913.78,5,9600.0,3,673,0.479,0
61596.17,5,36600.0,2,574,0.2253,0
31862.04,4,5300.0,3,706,0.3953,0
75799.11,1,40700.0,1,666,0.2695,0
111553.85,6,25800.0,3,740,0.2363,0
57321.89,3,18400.0,3,686,0.1891,0
53559.21,2,13400.0,7,702,0.3997,0
73525.84,3,36900.0,2,642,0.3026,1
19620.73,7,7000.0,4,598,0.3642,1
80438.61,2,44000.0,1,731,0.2666,0
329732.56,3,75400.0,1,636,0.4355,1
55967.59,12,11100.0,3,705,0.3593,0
56077.01,3,7000.0,1,786,0.1935,0
90127.79,3,15200.0,4,663,0.0839,1
147994.88,4,57800.0,2,728,0.285,0
102358.06,3,28400.0,3,673,0.3564,0
18295.61,3,1200.0,4,648,0.253,0
81623.24,4,31900.0,5,558,0.3108,0
246363.06,2,129300.0,4,672,0.2418,0
84317.32,0,30500.0,2,663,0.1995,0
31728.45,1,14400.0,4,610,0.2695,0
69912.96,4,29500.0,3,522,0.4074,1
29602.73,10,1000.0,2,550,0.1202,0
117953.06,3,69200.0,1,809,0.3067,0
35392.83,4,18800.0,2,678,0.3156,0
62369.65,8,34200.0,0,567,0.1903,0
37354.96,5,8300.0,3,630,0.3678,0
44331.62,4,15300.0,2,676,0.4118,1
135588.91,3,52000.0,2,709,0.2442,0
63379.86,2,34100.0,0,658,0.4213,0
44021.73,6,5100.0,3,827,0.1324,0
31892.45,7,4600.0,3,830,0.6421,0
21387.55,0,6200.0,2,704,0.0909,0
30085.41,6,7200.0,1,648,0.4703,1
63676.93,5,22100.0,3,704,0.4217,0
102654.94,3,17300.0,1,575,0.4125,0
43993.92,2,8400.0,2,750,0.2789,0
142030.77,5,49200.0,2,688,0.5861,0
40351.13,1,18000.0,5,584,0.1351,0
52527.58,3,31600.0,3,631,0.1273,0
33065.07,4,6500.0,2,718,0.1906,0
103251.08,8,57900.0,6,550,0.2311,0
189781.91,10,104200.0,3,608,0.3294,0
22720.0,1,8900.0,1,640,0.423,0
49494.2,5,29800.0,3,748,0.1747,0
120045.84,4,41700.0,3,804,0.1666,0
27015.88,6,1000.0,1,703,0.5132,0
81770.85,3,15900.0,1,438,0.2935,1
117220.23,6,57800.0,1,591,0.2069,0
62506.5,4,16400.0,0,850,0.5426,0
81035.67,2,21700.0,2,687,0.3235,0
157707.34,6,77400.0,1,480,0.4613,1
174841.41,3,29600.0,1,850,0.4432,0
57867.9,4,19200.0,2,575,0.3079,0
44676.02,2,22600.0,3,718,0.3158,0
36098.66,3,5600.0,2,589,0.1914,0
102470.51,8,40300.0,3,840,0.6606,0
28156.22,2,14900.0,1,569,0.3794,1
52108.55,10,18400.0,0,631,0.3827,0
63353.12,4,19700.0,4,754,0.2257,0
45403.69,4,4900.0,3,634,0.3284,0
69835.74,2,10700.0,2,711,0.4279,0
245360.13,6,115100.0,2,737,0.102,0
56000.77,1,20000.0,2,688,0.1935,0
47123.49,3,13800.0,2,592,0.2501,0
104655.84,2,44100.0,2,616,0.3093,0
68307.24,1,14600.0,1,646,0.4513,1
132142.3,6,67200.0,4,719,0.6503,0
65550.64,3,19900.0,4,736,0.4102,0
52227.65,4,15900.0,2,690,0.3074,0
22447.88,2,14800.0,4,728,0.3001,0
24566.67,6,6300.0,3,556,0.387,0
21815.28,4,9400.0,2,697,0.3694,0
73764.77,9,30300.0,3,670,0.3306,0
28304.12,2,8300.0,1,712,0.3145,0
119439.78,2,39500.0,0,731,0.4434,0
60878.52,5,32800.0,1,596,0.4117,1
52349.48,10,30600.0,3,667,0.2346,0
37642.15,2,3200.0,0,775,0.3904,0
84308.87,0,5100.0,2,698,0.3047,1
38465.85,1,9500.0,0,667,0.1297,0
34823.3,8,19600.0,5,584,0.4878,1
115104.13,3,51400.0,3,716,0.2728,0
72768.73,11,22100.0,2,571,0.3199,0
52616.7,1,11900.0,4,662,0.1999,0
85202.68,5,48900.0,0,638,0.3248,0
60169.0,5,23600.0,4,705,0.3152,0
73913.98,1,40700.0,0,630,0.2092,0
38205.46,1,15500.0,2,650,0.1854,0
186972.95,3,46000.0,2,607,0.2534,0
43530.15,6,8300.0,2,656,0.2044,0
140900.46,5,27900.0,4,691,0.1947,0
53966.68,3,9700.0,3,649,0.2049,0
93330.61,3,22700.0,3,651,0.3178,0
89663.85,0,27600.0,2,687,0.2523,0
112506.75,2,32500.0,4,750,0.4083,0
37709.11,1,7900.0,2,731,0.3612,0
108185.16,5,17400.0,2,578,0.4603,1
165304.07,1,84700.0,1,733,0.0864,0
51933.48,8,12100.0,2,778,0.3306,0
61028.02,4,34100.0,0,728,0.466,0
44896.02,2,14200.0,1,494,0.1383,0
49486.74,7,17600.0,2,695,0.3248,0
153473.4,1,44700.0,7,779,0.493,0
34464.01,1,4000.0,1,641,0.2146,0
35661.77,2,15400.0,3,850,0.5951,0
145218.61,7,44100.0,2,511,0.2052,0
84415.11,11,22100.0,3,686,0.2153,0
192183.06,1,66400.0,5,729,0.3979,0
46735.47,19,26000.0,2,688,0.3141,1
64180.49,6,15400.0,3,687,0.6049,0
41632.14,3,27900.0,1,597,0.4195,0
64784.11,5,25300.0,1,632,0.3104,1
22567.06,7,1000.0,1,718,0.379,0
87266.77,2,51100.0,3,516,0.422,1
71532.76,7,20100.0,1,743,0.3835,0
58008.51,4,19000.0,2,666,0.1895,1
48305.45,1,10700.0,3,716,0.3643,1
36602.99,6,4800.0,2,738,0.7446,0
89343.35,9,54800.0,5,850,0.5271,0
31442.02,5,5000.0,0,780,0.2104,0
79343.57,1,34400.0,2,585,0.3431,1
187390.18,5,83900.0,0,837,0.6378,0
135542.0,4,15900.0,3,472,0.266,1
26165.04,5,1000.0,5,642,0.1678,0
44569.01,1,14600.0,5,688,0.2629,0
75493.2,1,28000.0,2,651,0.235,0
57603.86,2,32900.0,6,696,0.4388,1
27731.57,7,7400.0,0,662,0.184,0
74007.65,6,21400.0,6,771,0.2304,0
59545.18,7,3900.0,2,639,0.2769,0
171592.71,5,72600.0,2,666,0.2647,0
52089.79,6,14300.0,1,808,0.1777,0
113823.22,4,62000.0,2,748,0.3917,0
29824.97,3,6100.0,3,662,0.4818,0
34016.29,6,8000.0,3,710,0.4046,0
89046.51,1,35300.0,1,815,0.4235,0
108667.92,2,26000.0,1,571,0.5044,1
35363.45,1,7500.0,2,593,0.4355,1
60672.3,4,33300.0,0,632,0.2833,0
28004.81,1,13600.0,1,691,0.3955,0
54194.2,0,13400.0,3,748,0.5323,0
94874.24,1,18400.0,1,618,0.327,1
47135.08,9,28000.0,2,604,0.2065,0
52210.08,4,10600.0,2,577,0.1002,0
32164.3,7,18000.0,3,604,0.4015,1
41915.16,1,11500.0,3,626,0.4391,1
157465.4,5,29300.0,3,513,0.247,0
62324.43,1,14900.0,2,633,0.2605,0
34500.56,5,5800.0,0,596,0.3456,0
50356.12,0,5800.0,2,663,0.4345,0
24869.93,7,5100.0,2,802,0.4023,0
34276.39,6,15300.0,5,555,0.4382,1
126523.94,4,67100.0,2,751,0.3343,0
55361.22,9,36000.0,2,800,0.4742,0
169380.27,7,27400.0,1,747,0.1259,0
56815.17,2,22800.0,1,701,0.3763,0
58700.98,1,22100.0,1,774,0.2653,0
85177.43,15,37500.0,3,722,0.3942,0
18000.0,2,8400.0,2,758,0.4272,1
67018.01,3,11800.0,2,684,0.5755,0
58282.52,2,2500.0,1,595,0.3468,0
135580.57,6,18400.0,2,762,0.5413,0
101780.49,2,51500.0,2,850,0.4717,0
32095.45,4,14300.0,1,649,0.1868,0
118560.21,5,45400.0,3,677,0.3503,0
51830.13,2,31300.0,3,683,0.6377,1
36408.25,5,12600.0,3,565,0.1609,0
66729.79,11,31700.0,1,611,0.2017,0
53555.66,4,15700.0,1,698,0.3636,0
139546.89,6,24600.0,5,668,0.4272,0
72210.6,3,28300.0,0,676,0.3436,0
67044.54,3,28100.0,1,677,0.357,0
98258.39,1,21400.0,3,666,0.2884,0
109215.62,4,51200.0,3,618,0.203,0
92132.48,7,36300.0,0,708,0.0984,0
130705.88,6,73700.0,0,700,0.4806,0
83681.68,3,18700.0,2,609,0.1154,0
65657.58,3,30900.0,2,706,0.3713,0
118366.93,11,44800.0,1,628,0.1902,0
56954.45,5,16800.0,2,724,0.382,0
60979.05,6,34300.0,4,672,0.2482,0
154332.91,7,24800.0,3,705,0.55,0
146101.71,3,77400.0,2,688,0.5213,1
59605.51,2,18000.0,1,671,0.1428,0
46655.52,3,24400.0,2,700,0.3825,0
133886.19,2,37700.0,1,738,0.0592,0
92988.41,9,34400.0,4,684,0.4059,0
71222.9,3,37000.0,2,683,0.3217,0
50159.84,8,27400.0,0,648,0.5484,0
71856.99,3,8500.0,4,539,0.2347,1
59163.52,3,10800.0,2,678,0.3039,0
41548.39,0,8900.0,5,580,0.1788,0
64278.04,2,22400.0,1,633,0.5074,1
69284.97,9,30400.0,4,610,0.195,0
48704.79,9,15200.0,3,621,0.3721,0
98430.32,2,47000.0,3,626,0.2695,1
121644.46,0,14500.0,4,711,0.4625,0
102073.02,2,19100.0,5,700,0.4097,0
51434.45,2,15400.0,2,683,0.2708,0
90735.31,2,39400.0,6,766,0.6821,0
62497.31,2,14900.0,4,850,0.3258,0
30343.56,4,6000.0,1,713,0.2521,0
86681.97,1,28400.0,2,743,0.3976,0
64885.04,3,20100.0,3,696,0.0761,0
249309.76,5,35100.0,0,724,0.3039,0
133452.24,3,66100.0,2,553,0.4705,1
88533.17,4,7200.0,3,472,0.4339,1
68668.36,10,6800.0,5,516,0.3319,1
65515.84,6,25600.0,9,628,0.3728,1
34474.35,5,11100.0,1,778,0.6098,0
23007.07,3,6200.0,4,694,0.3015,0
37052.55,2,20100.0,3,646,0.372,0
58323.22,4,9100.0,3,718,0.3042,0
18806.42,5,1000.0,4,701,0.7259,0
44383.5,4,16500.0,1,573,0.1691,1
52250.92,4,20800.0,3,710,0.3499,0
53184.13,7,13100.0,0,737,0.3287,0
41608.18,5,17000.0,3,833,0.2277,0
49620.9,6,9600.0,2,669,0.5727,0
154529.7,2,41900.0,4,802,0.2488,0
86178.84,1,20500.0,1,645,0.1377,0
43995.15,10,25500.0,0,849,0.2425,0
57665.17,0,21400.0,0,630,0.6291,1
58948.98,1,29900.0,2,723,0.2975,0
39246.77,3,20800.0,2,696,0.5812,0
39221.42,8,9800.0,3,787,0.2696,0
104379.46,1,45900.0,4,777,0.4306,0
47530.11,0,17700.0,5,597,0.1204,0
32791.25,2,16500.0,1,650,0.175,0
58470.22,2,30600.0,0,834,0.2978,0
63889.18,4,15700.0,4,682,0.4903,0
20231.84,5,6400.0,2,736,0.5266,0
58547.26,7,21600.0,3,595,0.2355,0
96508.75,1,32200.0,4,657,0.2102,0
76739.83,0,5700.0,6,622,0.3286,1
204104.48,4,26100.0,3,744,0.2255,0
119146.63,1,38900.0,3,730,0.6366,0
132841.73,2,36900.0,2,767,0.6003,0
279301.54,3,42300.0,4,594,0.4385,0
90851.9,2,45000.0,2,716,0.3736,0
65492.35,0,17300.0,2,677,0.3154,0
102288.97,4,32500.0,2,492,0.1476,0
44020.91,12,22200.0,4,710,0.1542,0
63527.46,3,9000.0,4,772,0.2108,0
41929.7,14,6700.0,0,793,0.4054,0
74525.12,0,15400.0,0,672,0.1551,0
41833.39,2,17500.0,3,737,0.3132,0
41035.36,11,18700.0,2,716,0.4078,0
75162.7,2,40500.0,0,618,0.3023,0
55506.68,4,26900.0,4,608,0.4071,0
20740.91,3,6300.0,2,671,0.4827,0
26888.22,3,4400.0,4,657,0.5926,1
31856.71,7,8000.0,6,682,0.3656,0
36840.96,4,8100.0,2,644,0.3501,0
75201.98,6,37400.0,2,691,0.3215,1
67536.02,11,20400.0,5,595,0.1102,0
107570.71,7,48700.0,1,789,0.2618,0
90584.74,1,19600.0,4,539,0.4594,1
107963.3,15,12300.0,2,669,0.6534,0
83668.51,5,46100.0,4,660,0.4018,0
67192.95,3,14000.0,2,665,0.3379,0
109605.57,1,37200.0,1,612,0.2149,0
99277.78,4,52000.0,5,562,0.4095,1
73633.29,2,31600.0,3,693,0.094,0
120461.99,1,24100.0,2,660,0.4285,0
18000.0,1,13300.0,2,704,0.3168,0
51033.89,1,19400.0,3,551,0.1361,0
50605.48,0,11700.0,7,804,0.4132,0
112868.15,3,20700.0,1,669,0.4013,0
142097.29,3,72700.0,2,447,0.4027,1
26967.87,5,12300.0,1,689,0.593,0
130110.84,5,15900.0,3,640,0.2485,0
31435.88,2,14900.0,2,590,0.4447,1
31962.92,3,18500.0,0,767,0.4075,0
52635.33,4,30100.0,2,745,0.4014,0
50261.09,1,25400.0,0,701,0.4827,1
25409.3,6,9100.0,5,681,0.5445,0
85599.34,3,20000.0,2,713,0.4908,0
87000.69,6,13600.0,2,557,0.2769,0
106907.89,4,54500.0,1,689,0.3773,0
47174.07,3,25700.0,0,768,0.3244,0
58584.74,8,15700.0,1,753,0.5212,0
58880.49,1,27100.0,1,596,0.4379,0
151508.57,5,81800.0,3,689,0.297,0
18000.0,10,6700.0,1,591,0.589,1
35372.17,4,13500.0,1,687,0.2488,0
60056.88,3,10400.0,2,619,0.5808,1
32956.26,7,6400.0,3,610,0.2331,0
51944.12,2,21000.0,2,702,0.4189,0
55863.05,3,10900.0,3,621,0.192,0
41700.68,1,17900.0,1,615,0.3405,1
62035.24,2,16100.0,5,701,0.4835,1
84582.45,6,49400.0,3,564,0.4044,1
52578.02,3,12800.0,2,651,0.4378,0
46664.68,2,6200.0,2,560,0.2638,1
54656.82,8,27500.0,3,573,0.1574,1
59629.76,7,7700.0,3,763,0.299,0
22990.22,14,8200.0,3,644,0.1608,0
77176.84,2,14000.0,4,621,0.3453,0
46721.01,7,16600.0,1,739,0.3269,0
119831.79,5,45700.0,2,796,0.3853,0
82874.23,4,27000.0,4,694,0.1321,0
113952.45,10,22500.0,2,752,0.2055,0
34335.94,5,6200.0,4,634,0.1512,1
48812.29,2,14600.0,6,679,0.217,0
30231.75,3,8300.0,2,676,0.2574,0
40625.24,1,25400.0,6,699,0.3604,1
119211.91,5,64800.0,3,747,0.1239,0
135688.87,10,34400.0,4,565,0.2803,0
31841.53,5,5400.0,2,608,0.0888,0
46534.41,4,12800.0,2,639,0.3741,0
57416.81,6,19100.0,1,602,0.4051,1
82626.28,6,37100.0,3,692,0.5107,0
22745.08,8,5100.0,1,691,0.3609,0
24793.83,4,11700.0,3,679,0.3131,0
78377.67,5,36600.0,1,645,0.5957,1
20496.9,3,5400.0,1,776,0.0987,0
46829.16,1,5900.0,1,691,0.3777,0
65457.12,1,38900.0,3,664,0.2512,0
75253.39,2,10700.0,2,680,0.1463,0
55384.5,1,1000.0,4,731,0.3386,0
48963.67,4,23700.0,0,691,0.3466,0
95274.17,7,24400.0,2,610,0.2508,0
70042.9,2,31700.0,0,807,0.5927,0
41946.1,0,22300.0,0,710,0.3659,0
61129.36,2,12300.0,4,589,0.3138,0
73920.31,3,20200.0,2,539,0.5354,1
154049.69,6,64600.0,2,727,0.2406,0
92270.34,4,29700.0,2,772,0.4943,0
116775.23,4,64400.0,3,709,0.1472,0
42794.55,5,2900.0,0,721,0.4703,0
44877.84,7,17300.0,2,723,0.5213,0
52603.66,10,23900.0,3,675,0.5535,0
55328.04,2,27200.0,2,549,0.2292,0
34392.24,4,1000.0,1,623,0.3716,0
120122.04,2,71400.0,2,735,0.3488,0
97328.14,5,54500.0,2,719,0.216,0
50608.62,0,17600.0,2,660,0.1145,0
85215.69,12,47500.0,4,634,0.2451,0
67683.29,5,19200.0,4,688,0.2928,0
88956.73,5,36000.0,1,649,0.4065,1
28584.82,2,11000.0,7,669,0.1873,1
55264.52,3,3000.0,2,685,0.2576,0
57993.07,1,14200.0,2,617,0.2054,0
84373.04,2,35800.0,1,735,0.3976,0
42376.93,7,26000.0,3,663,0.5123,0
18000.0,1,1000.0,2,712,0.4528,0
33026.49,13,18200.0,2,680,0.2737,0
57897.16,8,19400.0,1,791,0.3601,0
62015.29,5,12100.0,6,716,0.3343,0
151155.06,2,61400.0,2,706,0.2082,0
82496.45,6,12700.0,1,703,0.4383,0
62620.1,6,31700.0,4,831,0.2875,0
58816.92,2,22400.0,2,672,0.3903,0
109897.22,5,35300.0,0,687,0.3494,0
43279.71,3,24300.0,1,683,0.5515,0
55428.21,0,18100.0,2,528,0.1886,0
32889.48,1,14500.0,2,682,0.3086,0
130665.82,8,73400.0,1,751,0.2624,0
74300.61,2,11600.0,5,714,0.3478,0
40573.17,2,21900.0,1,788,0.159,0
56221.23,4,23700.0,3,734,0.2331,0
79245.66,0,29300.0,3,713,0.3869,1
52161.74,4,7900.0,2,742,0.5105,0
44624.63,4,15700.0,2,702,0.533,0
41779.02,6,24800.0,4,654,0.3805,0
72144.7,1,17500.0,1,665,0.3815,0
49171.53,2,9000.0,4,496,0.3368,1
46650.24,4,27400.0,3,795,0.122,0
28714.75,1,4300.0,2,660,0.2033,0
62486.28,4,21200.0,1,597,0.2612,0
54194.09,4,31900.0,2,648,0.3473,1
50166.03,0,12200.0,1,807,0.072,0
66791.02,7,22400.0,0,680,0.4825,0
90345.93,2,34400.0,1,694,0.1477,0
88067.69,4,14800.0,0,831,0.2618,0
81145.63,12,37000.0,3,738,0.5081,0
52450.83,2,12300.0,2,653,0.3905,0
43833.38,5,27800.0,4,548,0.291,0
33720.0,14,3700.0,1,723,0.3509,0
43207.26,6,17000.0,3,624,0.5481,0
60524.74,8,31500.0,2,724,0.372,0
38853.08,1,10500.0,0,671,0.2198,0
63122.43,10,28300.0,3,706,0.3359,0
35206.95,0,6300.0,2,742,0.4706,0
24015.49,5,9300.0,4,545,0.3018,1
93964.6,4,48100.0,1,685,0.1017,0
46123.23,3,24700.0,4,674,0.1848,0
37783.64,2,17200.0,2,697,0.1542,0
32806.57,6,4000.0,3,713,0.2696,0
75559.05,2,38000.0,2,686,0.2693,0
127541.78,3,7400.0,2,626,0.2011,0
47968.96,5,11700.0,1,590,0.2439,0
53180.13,8,31300.0,1,556,0.3158,1
107947.2,3,33700.0,1,684,0.2584,0
22120.39,10,16300.0,3,715,0.2027,0
176623.88,4,91000.0,3,649,0.1429,0
229637.02,4,89900.0,3,737,0.6342,0
18000.0,18,8200.0,2,666,0.4588,0
56747.86,5,9700.0,2,669,0.2692,0
40319.04,13,7300.0,3,567,0.1168,0
51760.13,17,24100.0,3,642,0.4023,0
47566.7,1,5400.0,3,744,0.4453,0
93570.23,2,37600.0,1,780,0.17,0
56279.55,1,26400.0,2,661,0.2991,0
36279.24,6,9000.0,0,740,0.3111,0
54464.16,6,29500.0,4,781,0.25,1
79469.72,2,35500.0,4,605,0.5426,1
31224.34,0,7900.0,4,699,0.1626,0
24211.22,5,6700.0,1,689,0.4801,0
179155.34,1,69900.0,2,756,0.5343,0
42052.13,3,13800.0,1,612,0.4312,1
55517.63,6,12100.0,3,699,0.3132,0
48108.42,4,16300.0,2,656,0.2455,0
80938.77,8,25500.0,1,707,0.2107,0
158741.83,3,57500.0,1,767,0.1741,0
82368.93,2,45700.0,2,786,0.5024,0
25975.24,2,10100.0,1,767,0.6278,0
27965.65,6,12700.0,2,601,0.276,1
48077.49,3,20100.0,2,640,0.2796,1
51661.69,2,16600.0,4,750,0.6164,0
23223.66,5,9800.0,4,720,0.5543,0
93961.23,0,49700.0,0,655,0.5155,0
32942.66,4,7100.0,2,606,0.2372,0
136123.23,5,25100.0,0,382,0.416,1
162974.32,5,26900.0,1,555,0.1925,0
52232.52,10,27900.0,0,652,0.2671,0
76224.25,3,32100.0,2,653,0.165,0
30407.03,5,12900.0,2,706,0.2669,0
84374.62,5,45300.0,2,720,0.2243,1
45523.96,3,5200.0,3,844,0.4887,0
32926.09,1,13800.0,2,617,0.3657,0
51065.57,7,15900.0,3,529,0.3372,0
46343.61,0,16300.0,1,605,0.1421,0
50069.25,1,26800.0,4,801,0.2721,0
100944.28,3,52200.0,2,676,0.0923,0
38874.0,1,20300.0,3,751,0.2291,0
155478.49,4,77200.0,3,633,0.2461,0
28889.03,8,12200.0,0,637,0.3372,0
145580.82,13,38600.0,1,546,0.2097,0
34232.1,4,5600.0,0,650,0.1814,0
59840.78,5,35300.0,6,676,0.3188,0
45724.62,4,18400.0,1,740,0.4126,0
49560.49,3,20300.0,1,717,0.2773,0
93036.44,3,21000.0,3,824,0.3725,0
136612.64,11,26600.0,2,663,0.2424,0
115241.89,0,40000.0,2,693,0.284,0
47921.95,7,20100.0,1,674,0.607,0
66259.91,2,14800.0,0,623,0.3595,0
38943.11,3,9400.0,3,706,0.3028,0
34705.29,1,8800.0,4,654,0.2884,1
31873.64,1,9100.0,2,800,0.3704,0
47067.34,8,15300.0,2,616,0.127,0
68684.79,2,17400.0,5,650,0.4785,1
20920.85,4,8900.0,2,582,0.1926,0
58366.97,5,10000.0,2,700,0.2299,0
137835.17,10,54700.0,1,575,0.4488,1
110973.99,1,63900.0,4,674,0.5204,1
43397.14,11,8400.0,2,587,0.4375,0
27770.23,4,9300.0,0,601,0.4561,0
77103.71,4,37500.0,2,618,0.3649,1
18000.0,3,8600.0,3,730,0.2735,0
110258.71,2,34000.0,4,668,0.3779,1
53237.96,1,21100.0,4,666,0.1699,0
163933.34,9,25100.0,2,717,0.348,0
23159.7,1,7700.0,2,625,0.538,1
99208.64,2,15700.0,3,528,0.3869,1
56654.13,8,20100.0,3,593,0.2945,0
49907.28,3,18800.0,4,654,0.3752,0
28186.15,1,7100.0,0,671,0.4416,0
83088.48,7,26400.0,2,717,0.2564,0
86844.6,2,20800.0,1,664,0.7833,1
159822.69,2,87200.0,3,751,0.4474,0
104237.54,1,56900.0,5,702,0.2216,1
43189.71,2,12400.0,1,569,0.3198,0
34471.07,3,1300.0,1,484,0.272,0
28207.12,5,2900.0,1,599,0.3837,1
134628.36,2,26700.0,3,685,0.3216,0
39026.81,9,23800.0,1,703,0.3067,0
135148.09,8,77800.0,1,667,0.3228,0
79920.66,8,45100.0,3,684,0.2924,0
71786.13,4,36700.0,1,774,0.3946,0
50575.49,6,24500.0,0,676,0.373,0
86109.08,6,27600.0,3,701,0.3,0
59366.84,7,30000.0,4,795,0.1972,0
48870.67,8,28100.0,1,539,0.2704,1
87798.76,6,25900.0,1,803,0.6181,0
55315.88,6,17200.0,2,483,0.0795,0
38596.46,6,8400.0,2,613,0.3763,0
83275.09,6,42400.0,3,633,0.6445,1
57803.69,4,20100.0,1,553,0.4421,1
78346.81,2,33100.0,1,663,0.3335,0
46647.61,1,16400.0,2,671,0.3712,0
30791.17,1,11200.0,1,731,0.2464,0
155482.84,1,25500.0,2,728,0.2702,0
140173.51,8,47500.0,1,688,0.1756,0
97351.34,10,43100.0,4,759,0.1047,0
48373.34,6,22800.0,1,723,0.1835,0
50758.03,5,10900.0,3,651,0.5613,0
128063.32,1,51300.0,3,684,0.2964,0
49285.91,3,13500.0,2,627,0.2725,0
42281.05,2,18000.0,3,583,0.2455,0
167665.98,2,23100.0,4,707,0.2254,0
58324.49,4,27700.0,2,563,0.2579,1
158361.22,6,23600.0,3,661,0.4375,0
27747.04,4,17500.0,4,503,0.5768,1
79618.49,14,14900.0,2,680,0.398,0
187043.3,4,44900.0,0,620,0.2492,0
60861.92,0,29100.0,2,718,0.4076,1
51781.98,11,26200.0,1,658,0.5179,1
31499.8,4,17200.0,4,665,0.4371,1
108585.01,10,37700.0,4,679,0.3273,0
39199.9,1,6900.0,3,629,0.3074,0
56832.03,2,25900.0,4,633,0.3777,1
30364.33,1,10400.0,0,633,0.321,0
140968.54,7,73900.0,1,666,0.5718,0
113004.95,9,51200.0,0,633,0.3375,0
58843.01,6,30800.0,4,709,0.625,0
31736.35,5,14700.0,2,542,0.5559,1
139350.68,0,61100.0,0,563,0.5347,1
48958.95,2,9000.0,3,817,0.4679,0
32602.27,2,13200.0,1,642,0.3365,0
22716.23,1,1000.0,1,599,0.25,0
41970.37,4,17100.0,2,673,0.3322,0
26901.81,6,10400.0,2,733,0.8018,0
42508.04,7,16700.0,4,723,0.3971,0
90167.54,6,18300.0,2,619,0.2971,0
48704.66,3,18800.0,4,637,0.2205,1
72811.66,2,22100.0,6,650,0.4083,0
40221.86,3,7400.0,2,698,0.3985,0
62059.13,3,7500.0,2,678,0.2176,0
172214.39,1,80900.0,3,606,0.2401,0
49430.98,3,8600.0,3,637,0.4098,1
73971.58,2,29800.0,2,655,0.2531,0
25310.13,11,16700.0,2,786,0.4487,0
138144.89,7,43300.0,1,662,0.2062,0
46052.46,6,14000.0,4,850,0.3547,0
106701.82,2,37100.0,2,655,0.316,0
55952.08,6,18100.0,1,549,0.1868,0
83815.12,2,31900.0,1,701,0.4495,0
86600.15,6,22600.0,3,754,0.1447,0
46684.05,3,10000.0,3,711,0.396,0
109157.66,8,25300.0,2,690,0.1444,0
39440.89,1,1000.0,5,647,0.3248,0
91845.57,6,47000.0,0,654,0.5272,1
48309.67,9,14300.0,2,500,0.3285,1
72566.37,3,14500.0,2,739,0.3185,0
46439.42,3,9700.0,3,647,0.4923,1
61542.72,4,12400.0,6,761,0.3653,0
33153.99,6,6700.0,5,635,0.3793,0
68607.45,2,11900.0,2,671,0.2769,0
61347.11,2,11000.0,1,769,0.3753,0
44485.37,12,10900.0,3,775,0.4618,0
58089.18,3,16700.0,0,738,0.5376,0
64453.7,4,15400.0,1,535,0.4142,1
42659.43,3,20500.0,1,579,0.376,1
55780.68,6,21700.0,1,728,0.5212,0
34439.05,2,23900.0,3,623,0.5673,1
217543.3,3,89400.0,1,681,0.4166,0
107206.83,8,46400.0,6,691,0.1175,0
69577.86,7,20900.0,3,694,0.1636,0
114080.78,3,42300.0,3,596,0.3461,0
20159.1,4,6100.0,4,752,0.2599,0
18000.0,2,9200.0,1,636,0.3395,0
48068.86,4,27900.0,2,719,0.3016,0
28051.29,13,16200.0,3,659,0.5586,0
52568.22,7,27300.0,1,819,0.4457,0
67044.45,2,34400.0,3,784,0.3522,0
99332.49,1,52300.0,1,835,0.5899,0
32014.84,2,17600.0,1,799,0.0899,0
74592.62,1,30500.0,0,665,0.1873,0
60349.89,3,3000.0,2,635,0.388,0
72484.65,8,15000.0,1,590,0.4379,0
44986.85,3,19500.0,3,695,0.2641,0
128120.22,2,43000.0,3,677,0.1931,0
56560.73,3,25000.0,3,672,0.4203,0
158863.44,5,93500.0,1,613,0.2496,0
38765.51,4,21800.0,2,702,0.4404,0
90089.15,2,17300.0,5,646,0.261,1
57941.1,7,25100.0,2,639,0.2358,0
49998.17,1,15600.0,1,687,0.3571,0
84776.48,4,11600.0,4,669,0.4771,0
50789.99,3,16600.0,2,568,0.2741,0
18000.0,3,7900.0,1,616,0.4881,1
18000.0,1,10900.0,0,715,0.1793,0
120551.48,4,51800.0,2,671,0.1544,0
117788.06,1,47600.0,0,529,0.1912,0
169064.83,2,32000.0,3,727,0.3368,0
59299.7,3,36300.0,0,671,0.2909,1
29408.85,2,8300.0,2,595,0.1923,0
47535.35,9,30000.0,1,625,0.4641,1
60251.54,2,18900.0,0,687,0.3285,1
34410.91,3,8700.0,2,509,0.355,1
148259.01,4,37500.0,2,707,0.4197,0
205197.17,1,30400.0,1,749,0.3327,0
77890.12,0,45100.0,5,742,0.42,0
59517.46,3,7900.0,2,762,0.1922,0
29371.15,1,9900.0,0,617,0.3364,1
140159.82,5,13200.0,2,753,0.3882,0
62440.46,5,21000.0,1,695,0.4228,0
51070.36,5,25500.0,3,612,0.3109,1
78014.17,6,18500.0,4,710,0.4009,0
43384.55,3,24000.0,4,708,0.4019,1
64911.58,9,29900.0,3,791,0.4738,0
27082.51,4,5300.0,0,765,0.4007,0
108868.71,9,49000.0,3,623,0.3927,0
56532.67,6,11300.0,1,701,0.3954,0
113248.58,3,12900.0,3,700,0.3305,0
53603.79,4,10800.0,6,694,0.1541,0
55552.85,5,7100.0,3,652,0.5141,0
30737.09,0,2900.0,2,807,0.5556,0
90931.92,1,9400.0,0,628,0.2224,0
36985.75,10,8700.0,4,800,0.2056,0
45819.62,5,34600.0,2,568,0.5023,1
59908.64,7,36300.0,2,646,0.5689,1
64002.24,3,28500.0,3,732,0.682,0
23427.05,9,8800.0,1,596,0.3139,0
52736.17,3,9600.0,4,620,0.2147,0
92723.44,5,36800.0,8,715,0.1427,1
48626.02,10,14900.0,1,545,0.3936,1
52912.64,6,13500.0,1,758,0.1974,0
65468.43,1,29600.0,2,786,0.3118,0
55866.59,3,18100.0,2,789,0.3986,0
33969.44,5,1000.0,2,699,0.1387,0
58689.12,6,12300.0,3,643,0.3203,0
103439.3,8,24500.0,1,648,0.2693,0
33585.62,6,13000.0,1,697,0.491,0
48729.26,3,16800.0,1,685,0.4097,1
28004.0,3,12000.0,0,646,0.5066,0
100484.63,3,32600.0,2,794,0.2071,0
56908.67,2,22400.0,3,657,0.2914,0
37511.03,2,6800.0,0,783,0.4461,0
62990.93,7,25200.0,1,682,0.263,0
30884.81,4,6500.0,3,678,0.2901,0
33913.81,2,3300.0,2,714,0.3297,0
26820.63,4,12200.0,3,713,0.1828,0
33298.63,3,18100.0,2,664,0.3999,0
126315.2,1,64900.0,2,717,0.4564,0
40006.01,6,25900.0,1,727,0.338,0
77375.37,8,4700.0,1,799,0.4921,0
37798.86,7,13900.0,2,680,0.2734,0
90920.75,6,32700.0,3,616,0.211,0
34052.37,1,10000.0,2,624,0.2788,0
61179.98,9,23500.0,0,850,0.2887,0
61640.12,2,32300.0,3,534,0.3705,1
215408.81,1,67700.0,0,586,0.1896,0
84688.4,0,35600.0,1,677,0.1178,0
43213.27,4,23600.0,3,629,0.2319,0
87271.3,9,34000.0,4,736,0.306,0
194074.22,8,119700.0,2,730,0.3753,0
24433.25,4,1000.0,2,635,0.4748,0
37670.59,7,17500.0,6,788,0.6264,0
52559.77,13,9300.0,1,592,0.2988,0
47600.64,3,26800.0,3,620,0.2483,1
49860.47,5,11500.0,3,793,0.279,0
29221.86,9,7700.0,4,577,0.383,0
129595.82,1,60600.0,0,701,0.473,0
27379.92,1,14000.0,3,793,0.4984,0
53631.02,10,30600.0,0,480,0.6169,1
106426.17,7,13000.0,8,650,0.2944,0
58888.34,2,38200.0,2,746,0.3052,0
34938.1,1,9600.0,2,655,0.5474,0
28516.22,1,7900.0,3,679,0.1386,0
52759.57,4,13600.0,3,689,0.6193,1
39483.33,2,11000.0,4,698,0.3519,0
67028.76,2,23500.0,1,615,0.5065,1
27700.39,1,9600.0,4,732,0.637,0
93635.95,4,9000.0,1,694,0.3687,0
63802.79,1,21400.0,1,589,0.2735,1
66463.62,6,26400.0,1,640,0.3938,0
132268.9,8,19600.0,4,569,0.2494,0
47061.59,4,2700.0,3,691,0.2646,0
40166.99,7,9700.0,2,712,0.3119,0
44299.56,3,21100.0,1,691,0.2824,0
53858.22,2,12600.0,4,716,0.3694,0
56952.3,3,31700.0,0,685,0.2741,0
37915.54,1,23500.0,1,732,0.3284,0
19678.92,2,17500.0,0,665,0.2264,0
43979.95,3,11500.0,0,728,0.2462,0
72977.33,4,38100.0,0,579,0.3316,1
64533.65,7,10100.0,3,570,0.188,0
115815.65,9,63200.0,2,681,0.2858,0
175521.64,4,62900.0,1,726,0.3595,0
90910.75,1,17200.0,0,654,0.1384,0
128076.93,1,38100.0,1,723,0.2572,0
91283.55,2,44500.0,3,698,0.2569,0
153344.85,2,43100.0,3,521,0.1178,0
165705.85,4,66200.0,3,849,0.3169,0
101026.77,2,36700.0,0,581,0.264,0
88301.21,9,9700.0,4,604,0.5119,0
53483.17,7,27300.0,1,761,0.3377,0
58528.23,8,10900.0,2,676,0.6654,0
49721.34,2,19800.0,4,617,0.3919,1
84262.18,2,51900.0,4,640,0.3165,1
40287.99,2,17500.0,2,609,0.4154,1
53900.31,4,17300.0,1,615,0.4031,1
18000.0,4,6900.0,1,734,0.1568,0
154461.39,9,24300.0,4,638,0.2946,0
53036.68,10,9100.0,0,595,0.3981,1
76923.7,4,24100.0,5,618,0.3834,1
133490.11,1,24600.0,1,663,0.3101,0
70626.55,3,9800.0,1,619,0.2281,0
132506.77,17,52500.0,0,652,0.1861,0
30243.73,1,13700.0,2,701,0.1017,0
223810.98,5,60500.0,4,639,0.2353,0
108870.09,2,53700.0,0,611,0.2592,0
67175.33,12,12200.0,2,623,0.3862,0
131110.22,5,59100.0,3,779,0.3577,0
31484.51,2,14100.0,3,838,0.3092,0
51085.8,3,13100.0,3,678,0.1587,0
132499.97,0,68900.0,1,729,0.1679,0
21442.21,5,12900.0,4,605,0.1618,0
81491.32,5,20200.0,1,631,0.2724,0
80233.54,1,31600.0,1,709,0.2392,0
176853.01,6,42600.0,4,498,0.4161,1
25068.68,10,3200.0,0,733,0.2827,0
145117.22,1,78000.0,1,633,0.2825,0
44015.23,6,17900.0,1,594,0.347,0
46823.7,6,19500.0,3,704,0.4139,0
30573.77,4,12300.0,3,783,0.3133,0
32914.92,4,16300.0,2,652,0.265,0
74752.45,3,40500.0,4,697,0.3828,0
32474.73,0,1700.0,3,709,0.4153,0
89963.24,5,8800.0,1,693,0.308,0
41579.76,7,9700.0,2,600,0.0995,0
30724.98,2,14600.0,1,692,0.3597,0
44788.42,2,12900.0,4,689,0.2547,0
72055.29,2,8900.0,0,470,0.3714,1
51403.2,5,12400.0,2,739,0.2496,0
61011.37,5,37700.0,0,562,0.4473,0
87808.55,2,19500.0,3,685,0.4072,0
108589.7,4,39800.0,0,789,0.4495,0
50485.81,4,22100.0,2,657,0.412,1
33714.32,5,18300.0,1,597,0.3767,1
62433.17,3,22200.0,2,717,0.3118,0
77563.89,8,17200.0,1,780,0.4353,0
26811.9,5,8200.0,4,592,0.4108,1
36686.55,8,15700.0,1,498,0.4574,1
40313.72,5,9900.0,2,764,0.5877,0
53407.04,5,14900.0,2,739,0.4087,0
39396.46,1,22300.0,4,704,0.1098,0
88333.3,5,45800.0,0,540,0.2012,0
24764.75,4,3300.0,5,720,0.4973,0
25113.35,8,5600.0,2,753,0.598,0
49829.44,8,11700.0,1,837,0.4774,0
54360.39,9,16600.0,1,654,0.2172,0
26901.73,2,9800.0,0,687,0.4661,0
42885.46,4,25600.0,3,514,0.279,1
48022.55,9,25000.0,1,748,0.3643,0
48227.57,2,19900.0,5,746,0.3405,0
65090.56,8,23200.0,0,705,0.286,0
41611.49,8,19100.0,2,764,0.2539,0
134970.29,4,54700.0,2,616,0.4769,1
78316.42,11,24300.0,3,659,0.4967,0
38410.55,8,9600.0,2,662,0.6081,1
63068.79,1,34200.0,1,757,0.3102,0
64100.56,10,19900.0,4,759,0.1283,0
116785.81,4,54700.0,2,699,0.6165,0
43035.89,5,12400.0,3,695,0.2885,0
91311.89,5,13500.0,3,716,0.5299,0
61268.43,6,22400.0,4,650,0.3264,0
135993.39,10,67200.0,6,777,0.4523,0
121782.3,5,22700.0,1,641,0.3177,0
66725.24,3,32200.0,1,707,0.4369,0
51831.04,2,29000.0,1,630,0.3794,0
79113.06,3,30700.0,2,746,0.6201,0
54217.15,8,7000.0,5,668,0.3278,0
150869.26,9,39300.0,4,830,0.4309,0
62514.8,3,12500.0,3,666,0.1843,0
47901.23,7,22900.0,0,745,0.4267,0
46500.19,2,18300.0,2,628,0.1716,0
30724.95,1,23400.0,5,652,0.2397,1
81316.77,1,27300.0,3,672,0.1939,0
38139.04,8,18600.0,0,701,0.3251,0
109533.04,1,52800.0,0,619,0.4389,1
29403.99,6,7600.0,2,632,0.3736,0
64214.4,5,20700.0,3,682,0.2114,0
112715.6,8,10900.0,2,705,0.2769,0
18329.45,4,12000.0,3,672,0.3008,0
181687.97,5,79600.0,0,662,0.1972,0
47386.52,5,16600.0,2,575,0.3026,1
64705.56,5,35600.0,2,713,0.3936,0
81985.45,4,10700.0,0,738,0.2211,0
89265.56,6,45500.0,7,747,0.2172,0
69608.1,3,40400.0,4,686,0.5632,0
103627.86,7,35200.0,4,630,0.4195,0
79657.29,4,38500.0,2,651,0.3874,1
157705.5,7,54300.0,3,687,0.5337,0
79800.11,2,13700.0,0,674,0.313,0
176407.08,3,16900.0,2,612,0.4341,0
98281.72,1,27800.0,2,549,0.3487,0
22177.59,5,3800.0,2,633,0.3897,1
251728.52,5,40100.0,3,654,0.5986,0
43656.64,3,15100.0,2,698,0.6022,0
136291.22,4,30000.0,2,644,0.6209,0
60763.0,2,17000.0,2,656,0.3943,0
107323.15,8,46900.0,1,683,0.1011,0
41000.38,8,21700.0,1,792,0.4486,0
84470.66,4,16300.0,6,663,0.6738,0
52090.88,3,5000.0,5,559,0.1938,0
142693.14,1,64900.0,1,624,0.1561,0
76211.49,7,31700.0,1,811,0.6578,0
100184.47,2,27500.0,2,783,0.3465,0
18210.57,7,5200.0,6,745,0.4028,0
57121.45,1,24100.0,2,728,0.6183,1
75042.01,2,40400.0,1,728,0.2975,0
67709.94,1,30000.0,1,657,0.256,0
101583.51,2,18800.0,3,740,0.2574,0
48959.69,15,14400.0,3,743,0.172,0
61502.49,4,42600.0,2,738,0.3889,0
114654.06,6,55200.0,2,630,0.5718,1
18000.0,1,3100.0,0,651,0.2536,0
82796.64,2,33100.0,0,627,0.1549,0
49829.54,12,18500.0,2,750,0.1664,0
36251.1,4,4500.0,1,698,0.2443,0
72048.83,4,42200.0,4,704,0.5548,0
117606.34,5,53100.0,2,718,0.5348,0
106035.49,11,40300.0,1,569,0.3199,0
55586.07,0,32700.0,0,741,0.3577,0
96921.59,8,29600.0,1,634,0.3408,0
96513.42,9,17200.0,1,641,0.3702,0
57064.97,6,17700.0,2,612,0.2104,0
40896.74,3,27800.0,3,681,0.3728,0
42218.82,5,16700.0,2,670,0.4315,0
94922.81,1,24500.0,5,571,0.3247,1
58502.18,0,33900.0,3,541,0.2874,1
33677.99,4,4300.0,2,660,0.3677,0
23702.25,0,10500.0,0,736,0.4769,0
94608.94,3,47600.0,6,729,0.5868,0
44323.57,2,21600.0,0,750,0.5009,0
71805.28,3,24600.0,4,660,0.2634,1
118401.75,3,30800.0,2,648,0.2666,0
29146.54,1,11300.0,3,667,0.2028,0
58406.03,6,21600.0,1,735,0.4284,0
54508.84,9,20200.0,3,796,0.7161,0
73781.15,1,17000.0,3,640,0.4094,1
118366.14,1,31000.0,5,655,0.2574,0
28819.33,4,12100.0,3,677,0.5238,1
81911.02,0,26100.0,2,655,0.2636,0
105592.02,4,45600.0,0,631,0.1837,0
54040.69,8,20100.0,1,666,0.1773,0
55514.76,1,24500.0,2,616,0.3278,0
75368.69,10,21100.0,3,729,0.4826,0
72377.4,3,27000.0,4,786,0.3943,0
82478.58,3,40100.0,4,654,0.2589,1
81528.2,2,46100.0,2,800,0.3033,0
34888.59,7,6700.0,0,667,0.5249,0
103222.96,4,14400.0,0,623,0.2002,0
113746.86,3,20400.0,3,726,0.1543,0
66326.55,2,20100.0,3,606,0.3017,0
26323.43,5,8000.0,6,722,0.2649,0
56212.24,9,21900.0,2,694,0.4423,1
66630.87,3,19500.0,1,645,0.2137,0
31903.46,4,16600.0,2,637,0.1937,0
49115.21,1,1000.0,1,610,0.2611,0
27580.02,4,16600.0,2,752,0.3087,0
83617.72,15,47500.0,3,658,0.114,0
65596.36,1,23600.0,1,698,0.2459,0
24217.22,5,6500.0,1,674,0.6181,1
72642.52,2,30500.0,1,659,0.0831,0
58041.88,1,14700.0,2,699,0.1951,0
79541.0,3,44900.0,3,713,0.4857,0
48274.42,13,9400.0,3,685,0.2391,0
38529.76,5,4500.0,1,661,0.3837,0
39184.46,5,21300.0,3,594,0.6309,1
44533.92,1,22500.0,1,630,0.1855,0
60497.29,8,14800.0,4,652,0.3776,0
64950.27,10,16300.0,2,676,0.2324,0
53911.77,9,12700.0,2,545,0.3947,1
47437.78,7,17200.0,3,721,0.4851,0
49351.74,2,22200.0,0,699,0.1772,0
237815.07,1,89500.0,1,631,0.1924,0
39187.03,0,4300.0,2,606,0.4312,0
44051.53,2,18800.0,1,624,0.359,0
366450.88,5,93300.0,5,576,0.1331,0
75475.04,1,20400.0,3,650,0.3162,0
28029.44,8,6900.0,1,662,0.252,0
95175.51,9,34200.0,1,744,0.2994,0
36296.57,8,11000.0,4,711,0.3864,0
98714.17,1,37400.0,0,769,0.1822,0
53314.88,5,6500.0,4,683,0.498,0
47009.84,4,1000.0,1,607,0.4189,0
145080.02,8,78900.0,2,806,0.1838,0
81758.15,1,31200.0,1,651,0.1724,0
102246.74,4,28800.0,4,559,0.3031,0
76054.53,1,41300.0,4,692,0.2893,0
46889.8,7,20200.0,3,556,0.5868,1
83804.75,0,34600.0,4,669,0.3873,0
116432.67,13,33600.0,2,639,0.2893,0
64479.71,6,22100.0,1,714,0.2372,0
161280.99,4,20000.0,1,747,0.4596,0
95584.69,2,54300.0,3,651,0.4861,1
67278.12,8,26100.0,1,645,0.183,0
68755.88,1,33200.0,6,732,0.4998,1
64568.4,0,33400.0,2,617,0.4868,1
30086.1,5,7300.0,5,680,0.388,0
56980.27,3,10500.0,1,716,0.207,0
67619.56,5,12800.0,1,616,0.2228,0
47626.91,4,1000.0,1,652,0.3182,0
72093.73,6,16100.0,2,683,0.3981,0
60579.94,4,27400.0,2,775,0.2621,0
91631.51,3,22600.0,4,584,0.1926,1
86224.69,4,41900.0,2,664,0.3735,1
65639.59,7,36700.0,2,777,0.3257,0
28226.96,7,15700.0,2,748,0.3626,0
160315.26,5,22700.0,7,654,0.3517,0
55379.23,0,8800.0,4,670,0.3728,0
57268.87,5,15700.0,1,709,0.3757,0
49593.42,1,23600.0,3,711,0.2061,0
45769.52,7,25600.0,1,778,0.4125,0
139976.79,7,18900.0,4,760,0.4702,0
128325.38,2,51600.0,1,571,0.4562,1
76451.85,6,23500.0,1,555,0.5706,1
56436.7,4,14100.0,3,634,0.3342,0
84163.36,2,45300.0,4,536,0.2228,0
62354.33,6,35000.0,1,773,0.2279,0
53926.51,10,15800.0,2,563,0.3434,0
72110.74,3,14900.0,2,653,0.4021,1
46974.64,5,2200.0,5,610,0.3889,1
68785.3,2,20000.0,4,556,0.4189,1
66991.53,2,22400.0,1,764,0.2758,0
83417.62,4,31500.0,1,632,0.2143,0
42594.26,2,10200.0,2,818,0.2689,0
88483.82,2,24500.0,2,780,0.3643,0
36371.06,1,10900.0,2,675,0.2427,0
43699.34,9,25300.0,4,518,0.4083,1
44760.94,7,17100.0,0,649,0.3913,0
33202.2,4,7900.0,7,846,0.2706,0
104674.86,7,58800.0,5,707,0.6072,1
35137.39,7,21900.0,2,662,0.2474,0
40765.69,3,17200.0,5,629,0.3963,0
119428.63,1,55400.0,0,742,0.2242,0
43747.05,5,28500.0,2,703,0.3761,0
53988.24,9,10700.0,2,696,0.5337,0
34316.59,6,13700.0,3,760,0.2915,0
94667.23,10,48100.0,1,756,0.673,0
95387.7,7,28300.0,1,708,0.4493,0
89897.04,14,45300.0,2,556,0.2553,1
80470.14,5,13400.0,3,601,0.2739,0
62347.2,3,23600.0,3,629,0.3695,1
44873.06,7,18000.0,3,672,0.1065,0
38244.95,9,6100.0,3,787,0.15,0
121716.28,5,49800.0,0,829,0.2915,0
91184.7,7,24400.0,2,704,0.3795,0
40891.71,3,12300.0,3,716,0.2819,0
61200.31,7,24700.0,1,562,0.3214,0
50763.69,18,9500.0,4,643,0.2292,0
32192.35,3,9700.0,7,634,0.343,0
66019.69,5,19100.0,3,627,0.2256,0
47642.43,6,9300.0,2,718,0.5811,0
35458.02,4,7300.0,2,641,0.5846,1
26541.83,3,6600.0,4,533,0.4736,1
25334.14,4,2400.0,5,738,0.2061,0
48811.23,8,21900.0,0,765,0.2036,0
57136.46,1,28500.0,1,697,0.4634,0
36996.72,2,11600.0,6,662,0.3237,0
85639.91,4,18200.0,3,608,0.2664,0
57754.09,8,17800.0,3,612,0.3159,0
82230.94,4,26100.0,1,755,0.4694,0
54143.82,2,27800.0,1,619,0.3384,0
38835.32,10,1000.0,2,826,0.2679,0
63752.56,5,6200.0,3,746,0.3072,0
29897.47,3,8300.0,0,700,0.1943,0
80554.66,6,16500.0,1,850,0.3482,0
35759.38,6,12000.0,4,771,0.4006,0
99213.35,5,24500.0,1,643,0.2568,0
49704.43,2,27800.0,3,598,0.6589,1
107408.37,7,65600.0,4,643,0.4227,0
32291.43,12,16500.0,2,667,0.5554,0
41242.59,5,15200.0,2,618,0.239,0
73829.54,1,14700.0,2,591,0.1127,0
113979.44,15,62000.0,2,693,0.5101,1
149736.88,6,70800.0,1,742,0.2669,0
61251.98,2,33600.0,2,814,0.2789,0
164515.5,7,63900.0,1,681,0.2337,0
51056.31,9,20100.0,3,720,0.6188,0
109570.36,4,50100.0,2,536,0.517,1
35660.55,1,13600.0,1,739,0.526,0
75441.31,5,23600.0,1,599,0.2396,0
18000.0,2,4400.0,0,698,0.36,0
32309.77,6,15700.0,2,672,0.2236,1
77394.6,2,8100.0,2,657,0.1893,0
29090.26,6,3300.0,1,564,0.2386,0
75721.87,3,22900.0,1,618,0.2058,0
98572.93,5,39300.0,2,603,0.2217,0
45445.72,7,23000.0,2,630,0.3956,0
35139.32,8,4000.0,2,764,0.5402,0
46129.01,2,14800.0,2,649,0.4748,1
35200.07,3,8400.0,1,625,0.4014,0
56632.17,3,27600.0,3,724,0.3458,0
63332.24,5,25100.0,1,699,0.2694,0
50599.37,9,23000.0,6,827,0.5735,0
150376.52,4,70600.0,2,751,0.5608,0
40308.91,6,15500.0,3,526,0.3508,1
128706.29,4,73200.0,4,735,0.2351,0
33769.67,2,13900.0,3,726,0.3562,0
62319.38,1,28100.0,3,799,0.204,0
114772.59,3,32900.0,3,660,0.394,0
111552.03,1,45300.0,2,757,0.3373,0
47517.73,1,17900.0,1,648,0.4054,0
81250.18,5,21000.0,1,697,0.5084,0
75481.92,6,38100.0,0,596,0.3625,0
44490.61,8,20300.0,1,572,0.1866,0
84016.83,0,44800.0,1,740,0.1683,0
166769.97,7,54300.0,2,675,0.303,0
77608.74,0,21300.0,5,579,0.4656,0
81756.12,2,44700.0,1,736,0.3396,0
86654.59,4,9500.0,3,470,0.1496,0
26808.19,2,10100.0,4,614,0.333,1
77120.44,4,17300.0,0,550,0.1453,0
34227.42,5,24300.0,1,765,0.2941,0
43285.03,0,1000.0,2,642,0.2974,0
196627.82,6,53600.0,4,681,0.2832,0
52088.85,3,12500.0,1,698,0.1837,0
39851.06,7,25700.0,2,736,0.4673,0
112861.92,7,46300.0,1,727,0.4176,0
35552.92,4,15100.0,1,735,0.3659,0
46813.15,8,9800.0,4,655,0.5042,0
119011.89,2,44100.0,1,739,0.5442,0
61299.21,2,32500.0,2,626,0.2713,1
25364.9,0,7300.0,2,645,0.2521,0
80756.54,6,36900.0,3,560,0.2957,0
48143.61,4,15100.0,1,801,0.2628,0
139653.32,4,66300.0,3,600,0.3341,0
42898.72,3,17600.0,2,781,0.5187,0
106742.46,3,54700.0,2,715,0.4227,0
158995.94,1,15500.0,3,690,0.47,0
37495.69,1,15800.0,2,703,0.4238,0
53837.89,12,9900.0,1,595,0.2767,0
74142.48,6,49200.0,2,795,0.1338,0
37363.88,3,12200.0,0,648,0.2625,0
69470.83,3,11400.0,3,751,0.6048,0
52907.15,5,10500.0,2,634,0.4062,0
52324.13,9,18000.0,0,568,0.36,1
61507.61,4,36700.0,5,824,0.5337,0
62267.54,14,32400.0,2,630,0.4897,1
65521.55,6,40600.0,3,710,0.456,0
43072.74,3,12300.0,4,448,0.2784,1
44119.43,1,26000.0,0,670,0.5831,1
56093.59,8,25300.0,2,720,0.1623,0
58418.23,2,24300.0,2,686,0.1609,0
47034.32,7,13600.0,1,668,0.5604,0
71551.07,5,10300.0,5,659,0.3973,0
22067.94,1,5700.0,2,740,0.3634,0
40064.4,5,3400.0,2,578,0.2171,0
51330.46,6,29100.0,2,657,0.2522,0
37389.18,3,5600.0,1,783,0.5121,0
146687.38,3,18000.0,4,564,0.5491,1
60498.51,3,21400.0,4,667,0.3209,0
65987.68,8,10900.0,1,592,0.3023,0
45900.12,3,9900.0,4,698,0.5157,0
59356.78,0,3800.0,3,677,0.3557,0
30687.5,4,10100.0,3,604,0.4616,0
54535.14,0,35400.0,2,677,0.2976,0
35762.15,5,9900.0,0,680,0.0992,0
51401.78,2,17900.0,3,629,0.4111,1
18000.0,3,3000.0,1,644,0.3266,0
32196.02,2,5300.0,0,626,0.328,0
133941.65,10,25300.0,2,504,0.1391,0
94534.37,5,45700.0,5,745,0.303,0
123682.32,1,50400.0,2,765,0.4648,0
128443.8,4,63100.0,2,544,0.3376,1
86694.27,1,43500.0,1,766,0.44,0
46673.05,3,5600.0,6,705,0.2972,0
33843.83,8,12000.0,2,592,0.3315,1
112500.12,5,46000.0,3,659,0.1815,1
62038.62,2,27100.0,1,622,0.3358,0
236029.61,1,91400.0,3,744,0.4001,1
48981.41,6,3100.0,2,606,0.3765,0
177210.35,11,93100.0,1,834,0.3754,0
54927.23,3,14300.0,3,762,0.3317,0
124844.81,8,23500.0,1,583,0.3707,0
152234.97,5,76200.0,5,798,0.2939,0
34111.08,6,24200.0,3,730,0.4991,0
45855.53,1,12800.0,2,664,0.3592,0
33923.44,3,3500.0,1,726,0.2526,0
30440.54,3,11600.0,2,744,0.1667,0
86412.43,0,41300.0,0,618,0.3598,1
53736.86,2,30500.0,1,738,0.4597,0
61623.68,2,12000.0,1,643,0.5471,1
81302.46,2,23300.0,3,736,0.3894,0
21556.6,3,8800.0,1,665,0.2543,0
121506.29,7,41900.0,0,599,0.7036,1
49414.45,7,9800.0,2,722,0.262,0
80243.47,9,39500.0,4,647,0.1556,0
84237.21,7,34800.0,1,687,0.1943,0
127253.71,5,48100.0,1,706,0.2489,0
56518.79,9,18400.0,3,785,0.5786,0
18620.15,3,8800.0,3,642,0.3917,0
61785.27,4,32600.0,2,611,0.3942,1
66862.18,12,25400.0,3,798,0.3798,0
33899.53,2,8500.0,2,675,0.4465,0
64933.56,0,8800.0,2,634,0.313,0
49091.44,1,34400.0,0,702,0.2054,1
28609.25,3,14100.0,0,649,0.3331,0
86622.66,2,9100.0,3,655,0.0783,0
43912.36,1,17900.0,6,850,0.2715,0
47881.83,7,5800.0,1,601,0.524,1
46424.45,5,7500.0,1,567,0.3163,0
118126.72,0,44900.0,2,767,0.3765,0
58541.79,8,33100.0,2,647,0.3154,0
62536.45,14,24300.0,1,699,0.3152,0
46988.12,2,24800.0,1,723,0.2538,0
77232.59,5,31200.0,3,544,0.4419,1
125759.29,1,40500.0,3,761,0.544,0
85504.43,4,38600.0,5,633,0.1769,1
87358.61,5,48700.0,1,817,0.2451,0
83568.89,3,46300.0,3,615,0.4508,1
28025.4,2,12800.0,0,792,0.2728,0
36980.08,2,14100.0,1,806,0.616,0
53490.37,0,33000.0,2,638,0.2647,0
40165.95,4,20700.0,2,661,0.3379,0
33339.72,11,15300.0,3,651,0.3972,0
21381.97,1,1000.0,1,789,0.3572,0
28549.91,9,1000.0,2,688,0.2731,0
51995.42,3,17500.0,3,715,0.5943,1
57630.98,0,22600.0,3,664,0.4085,0
38708.73,7,3300.0,2,710,0.3669,0
62530.45,4,33700.0,4,715,0.4485,1
47164.25,1,19700.0,3,630,0.0855,0
109077.67,2,34200.0,4,808,0.5936,0
54781.39,2,20200.0,2,660,0.28,0
87814.51,3,12500.0,3,752,0.4686,0
66954.43,4,33500.0,1,580,0.637,1
27690.95,4,6400.0,1,726,0.522,0
56961.91,6,18900.0,0,755,0.4607,0
30345.6,4,13600.0,4,695,0.2704,0
56417.44,5,25300.0,3,756,0.4631,0
39742.56,4,10500.0,1,622,0.3694,1
73871.3,17,21300.0,0,710,0.4214,0
28615.54,0,13600.0,1,561,0.184,0
60360.25,1,12500.0,2,686,0.48,0
82029.04,1,23200.0,1,616,0.2941,0
98634.62,4,41200.0,1,670,0.2183,0
39328.62,4,18600.0,2,778,0.6432,0
60461.56,3,30700.0,2,805,0.3569,0
66255.97,5,6000.0,3,579,0.3167,0
140213.21,6,64600.0,2,768,0.3495,0
26509.77,3,15400.0,1,780,0.1754,0
36275.35,6,9100.0,2,699,0.4458,0
279974.66,3,47300.0,2,777,0.3975,0
51523.66,5,16300.0,4,644,0.2891,0
21161.81,0,7500.0,0,636,0.3376,0
43460.05,3,13100.0,1,637,0.1653,0
18000.0,7,12000.0,3,729,0.304,0
68357.49,0,16300.0,4,668,0.3946,0
93468.67,4,43500.0,0,621,0.4934,1
36264.18,1,21400.0,2,625,0.48,1
46216.95,4,20400.0,1,675,0.0697,0
99509.64,3,50100.0,2,611,0.4489,1
22865.43,5,9500.0,2,725,0.5183,0
28944.51,2,16900.0,0,765,0.264,0
52814.27,3,20300.0,3,748,0.1854,0
39585.41,1,22100.0,1,850,0.1731,0
50938.44,2,15300.0,2,706,0.3972,0
29879.78,4,10000.0,2,802,0.3704,0
67364.43,0,17000.0,5,689,0.2846,0
55156.05,3,26800.0,1,654,0.1384,0
80987.88,1,14100.0,3,684,0.528,0
66850.88,3,35200.0,2,687,0.1489,0
67082.57,1,21700.0,2,666,0.5248,0
27025.36,13,6400.0,2,594,0.1054,0
78505.61,7,31700.0,3,602,0.6166,1
49912.34,3,14700.0,4,760,0.2186,0
54631.77,9,17200.0,2,738,0.3644,0
106568.73,2,18600.0,4,808,0.1737,0
40308.21,8,8000.0,2,646,0.1709,0
125888.44,5,42900.0,1,639,0.4411,0
132516.36,2,16400.0,2,589,0.3107,0
90583.87,5,21900.0,1,754,0.2106,0
34914.54,7,10500.0,3,608,0.2967,1
18000.0,3,10200.0,1,673,0.3853,0
108375.7,6,40200.0,2,698,0.4324,0
63656.82,6,34600.0,2,558,0.4501,1
39741.11,4,22600.0,4,733,0.4034,0
114171.76,1,56100.0,3,751,0.2568,1
37277.4,4,3900.0,0,696,0.2651,0
47415.98,0,29100.0,3,668,0.1707,0
79912.67,3,13300.0,0,673,0.4109,0
32452.04,5,8700.0,2,780,0.2922,0
56375.25,1,11000.0,3,679,0.1749,0
108991.53,6,31500.0,7,673,0.3882,0
67245.87,2,29900.0,4,624,0.3605,0
118905.52,1,56700.0,3,465,0.1573,1
111689.87,6,46600.0,2,757,0.3329,0
60129.51,9,8000.0,2,675,0.7228,0
18000.0,4,12800.0,5,609,0.1798,0
32592.1,9,13000.0,2,833,0.1918,0
91110.99,2,10600.0,2,708,0.3174,0
25523.67,2,1000.0,3,660,0.1828,0
50027.05,7,23900.0,1,751,0.3655,0
72125.6,5,21400.0,1,703,0.2197,0
134358.1,1,61300.0,4,701,0.173,0
43640.42,10,7500.0,3,629,0.2745,0
42027.6,3,9400.0,1,727,0.4147,0
58171.73,4,20200.0,1,746,0.3242,0
72620.47,11,19900.0,3,630,0.5397,1
55004.17,9,17600.0,1,533,0.2411,0
106627.59,9,34800.0,0,746,0.4333,0
38579.29,2,21200.0,2,722,0.4921,1
63964.82,4,8200.0,1,738,0.3805,0
76486.31,5,25900.0,2,678,0.3688,0
48043.97,1,11800.0,2,747,0.3233,0
95019.79,1,43000.0,0,626,0.2123,0
64986.0,3,32600.0,2,661,0.1745,0
92398.42,6,36300.0,3,596,0.4224,1
66619.81,0,6000.0,2,762,0.4315,0
73645.81,4,39800.0,4,671,0.3303,1
42284.87,1,10600.0,0,692,0.4239,0
42322.56,7,20100.0,2,707,0.1838,0
117408.91,5,53200.0,1,657,0.3735,0
84925.59,1,48500.0,4,737,0.277,0
34110.79,7,17500.0,1,799,0.3395,0
66136.42,5,32100.0,3,748,0.2621,0
18000.0,3,8900.0,1,546,0.1919,0
43666.34,13,7800.0,1,683,0.2927,0
101576.27,3,43700.0,2,687,0.2942,1
55891.63,2,32400.0,2,768,0.2545,1
63885.77,6,16800.0,1,634,0.2478,0
18000.0,10,6200.0,4,597,0.6577,1
48255.28,0,23900.0,1,738,0.2822,0
72117.33,8,27700.0,4,674,0.4782,0
77335.58,6,7600.0,1,628,0.2677,0
101650.49,9,52200.0,1,655,0.0847,0
53335.54,8,18700.0,1,569,0.1959,0
54660.1,5,8900.0,1,688,0.4379,0
28777.11,6,17200.0,1,652,0.2017,0
53504.08,4,11900.0,0,715,0.5615,0
29915.55,9,1600.0,6,660,0.4357,0
21669.73,2,5700.0,3,678,0.2035,0
32963.34,4,4000.0,0,641,0.2907,0
137279.83,6,29900.0,0,656,0.2405,0
51595.58,7,19700.0,5,590,0.4734,0
67570.89,7,16800.0,2,752,0.2667,0
45142.39,5,7500.0,0,672,0.1173,0
22363.76,7,7300.0,2,526,0.2026,0
100193.86,6,44100.0,2,556,0.2451,0
18129.41,11,4400.0,2,753,0.4534,0
44128.63,2,16800.0,2,672,0.268,0
58102.37,7,15300.0,2,674,0.4827,0
67966.44,3,29900.0,0,675,0.21,0
40152.57,4,12800.0,3,712,0.2779,0
21788.14,11,6300.0,2,790,0.403,0
38537.95,11,16000.0,2,708,0.4121,0
39663.36,9,6200.0,0,698,0.3577,0
39136.02,3,8500.0,1,632,0.38,1
102082.05,2,21000.0,3,559,0.4304,1
30715.37,1,9500.0,1,711,0.5077,0
70653.19,10,43600.0,4,717,0.263,0
65320.64,2,10300.0,1,757,0.5137,0
101544.29,3,48500.0,2,803,0.4131,0
55646.67,3,29000.0,2,588,0.5406,1
92514.63,2,49500.0,2,629,0.5186,1
54463.11,0,9500.0,4,725,0.3817,0
76032.48,3,44300.0,3,675,0.2454,0
26196.53,4,4700.0,1,783,0.2562,0
18000.0,1,1000.0,2,660,0.2666,0
73692.09,2,24500.0,2,825,0.2423,0
75898.39,9,15900.0,3,679,0.4472,0
77771.19,2,36300.0,2,797,0.2331,0
44859.34,4,9900.0,3,494,0.3066,1
135855.52,4,37100.0,1,711,0.4308,0
46493.47,2,20500.0,4,677,0.282,0
75469.47,7,22200.0,5,518,0.3228,1
83037.69,9,32600.0,0,674,0.1211,0
154092.31,1,90000.0,2,582,0.4399,0
50293.63,3,21300.0,1,636,0.5082,0
41803.86,2,5900.0,2,698,0.3035,0
26265.72,3,18600.0,5,666,0.4305,1
140617.94,4,83500.0,0,702,0.2295,0
75491.55,0,30200.0,0,687,0.2664,0
76817.18,4,34200.0,4,850,0.2386,0
332430.91,0,150000.0,4,694,0.288,0
71594.58,11,2000.0,2,683,0.3141,0
29252.59,8,13100.0,1,707,0.3253,0
53758.28,0,10600.0,0,673,0.4014,1
35026.83,4,12100.0,2,556,0.2992,0
48159.44,1,28200.0,3,727,0.2545,0
47981.74,7,15000.0,3,772,0.1458,0
43353.23,3,12900.0,0,792,0.2231,0
27825.12,8,15200.0,2,727,0.0959,0
143756.46,7,30300.0,3,655,0.3078,0
70570.42,3,37200.0,2,695,0.18,0
52891.1,4,31500.0,1,809,0.3659,0
90825.99,2,46500.0,4,658,0.359,0
77581.71,1,9200.0,0,585,0.2808,1
69677.3,4,2900.0,2,841,0.2702,0
87268.86,6,16200.0,2,599,0.142,0
64451.23,4,26600.0,4,557,0.2922,1
86562.48,3,25400.0,1,699,0.2232,0
90600.21,6,47400.0,2,706,0.2933,0
65479.69,3,42200.0,0,709,0.5742,0
53039.01,4,16300.0,5,741,0.3145,0
138929.07,3,43000.0,1,663,0.266,0
46034.86,4,25600.0,3,664,0.2663,0
74252.18,1,34800.0,2,632,0.2751,0
75180.68,2,25200.0,2,685,0.4688,0
42819.26,11,9400.0,1,716,0.5732,0
38395.58,1,1000.0,0,743,0.2455,0
49285.31,12,7200.0,1,608,0.4073,0
45673.83,4,22000.0,2,582,0.5648,1
26850.19,1,4400.0,4,741,0.2621,0
41842.91,7,19200.0,1,635,0.2211,0
69315.42,1,33600.0,2,601,0.2348,0
120122.7,6,17500.0,2,536,0.2441,0
81219.87,5,12100.0,3,781,0.2124,0
18000.0,4,17300.0,1,696,0.3948,0
85196.62,5,16100.0,4,716,0.1835,0
44047.18,5,14700.0,1,708,0.1983,0
76817.98,3,25200.0,7,691,0.3524,0
59410.46,12,18500.0,1,673,0.234,0
53853.45,9,28700.0,2,670,0.1484,0
56600.34,7,11000.0,3,602,0.2625,0
59140.23,3,32500.0,1,543,0.3246,1
125419.92,3,34400.0,2,843,0.4736,0
59230.2,5,24500.0,3,678,0.5441,0
108775.88,3,36600.0,1,642,0.5287,1
100403.09,3,58100.0,2,615,0.366,1
86411.41,7,25000.0,4,754,0.2647,0
22412.18,9,9100.0,2,686,0.3545,0
110652.28,5,42500.0,2,610,0.1432,0
46544.04,4,27100.0,2,652,0.2166,0
88756.33,1,7800.0,2,698,0.5203,0
35070.2,7,20200.0,1,646,0.2929,1
31201.12,7,6200.0,3,736,0.1987,0
177551.11,8,98100.0,3,834,0.3739,0
35371.42,17,11800.0,2,643,0.2923,0
112460.65,3,51200.0,1,654,0.1192,0
63903.61,10,37700.0,3,613,0.3615,1
47521.33,10,28800.0,5,663,0.3268,0
58415.94,5,18800.0,4,528,0.1398,0
29272.33,1,6000.0,2,757,0.3258,0
59422.91,9,34000.0,2,575,0.3754,1
33007.59,11,11400.0,2,615,0.2306,0
48170.68,1,21700.0,4,681,0.352,0
99599.73,6,21900.0,2,778,0.2048,0
68858.22,4,40200.0,3,611,0.3095,0
26497.51,4,10400.0,1,661,0.5893,1
95637.33,1,36300.0,1,697,0.1945,0
59640.8,9,8500.0,4,625,0.3541,0
44435.68,3,19600.0,2,666,0.294,0
90280.07,13,16300.0,4,556,0.1903,0
54613.49,3,33500.0,4,635,0.1161,0
31536.04,3,16800.0,1,767,0.1918,0
165428.66,3,23100.0,1,736,0.1139,0
59307.55,4,25800.0,2,642,0.4145,1
57253.16,3,18800.0,2,599,0.3064,0
47915.4,9,17400.0,1,659,0.1171,0
114574.57,3,45900.0,2,565,0.2485,0
44860.67,10,16400.0,3,660,0.2894,0
25597.78,9,14500.0,2,644,0.5802,1
41222.0,8,5600.0,2,642,0.2097,0
124209.64,7,63900.0,0,664,0.2899,1
94624.59,2,15900.0,2,715,0.6191,0
52038.62,7,5800.0,2,597,0.2908,0
127425.9,9,51900.0,2,747,0.3236,0
90342.95,10,40000.0,1,759,0.3298,0
51708.42,1,8700.0,2,840,0.5529,0
54652.46,8,7100.0,4,697,0.3941,0
71763.03,1,10100.0,1,785,0.3813,0
37890.75,6,20800.0,0,748,0.6181,0
60022.68,6,14200.0,0,689,0.3565,0
70946.57,2,14000.0,3,584,0.3426,0
23674.85,4,5400.0,2,742,0.2245,0
53953.28,4,17600.0,5,693,0.1668,0
50681.65,6,10500.0,2,809,0.28,0
105391.52,4,26900.0,5,731,0.1522,0
21709.97,5,6900.0,1,754,0.2856,0
48541.37,3,28800.0,4,632,0.3999,0
45937.4,16,8900.0,1,693,0.261,0
101522.84,5,26100.0,3,531,0.1259,0
58457.16,3,10400.0,1,717,0.1653,0
160789.62,3,64200.0,1,766,0.3796,0
86182.06,7,28200.0,3,779,0.1892,0
47780.71,21,28300.0,2,648,0.5031,0
68310.06,9,34500.0,2,539,0.3846,1
49279.44,4,10900.0,4,635,0.2594,0
96054.2,1,49800.0,0,669,0.2672,0
28775.84,2,4300.0,0,706,0.2621,0
38061.83,3,15600.0,2,523,0.2954,0
76928.33,1,9200.0,1,667,0.3205,0
117496.76,4,15000.0,2,597,0.2423,0
18000.0,6,1000.0,2,783,0.2045,0
127511.16,3,55700.0,4,500,0.3676,1
55432.74,8,24300.0,4,751,0.251,0
21244.83,3,9700.0,1,663,0.3254,0
18000.0,1,4600.0,1,521,0.3647,1
25818.27,2,9600.0,1,801,0.4977,0
59228.75,2,28900.0,0,776,0.6203,0
57742.92,1,9700.0,1,769,0.3976,0
84817.76,2,38600.0,2,682,0.4166,1
44257.59,0,8600.0,2,625,0.4848,1
32551.47,0,7500.0,2,680,0.3643,0
47705.52,3,14600.0,1,716,0.3637,0
60991.25,3,27200.0,2,634,0.2044,1
67977.02,14,38300.0,2,611,0.3806,0
38791.62,2,4900.0,6,712,0.3225,0
98301.61,3,37400.0,3,690,0.1595,0
42541.35,5,14700.0,1,744,0.6268,0
37110.51,8,18100.0,3,789,0.4185,0
44430.64,10,22900.0,1,739,0.3183,0
108137.85,5,22200.0,0,589,0.5061,0
55656.93,4,13600.0,1,674,0.2886,0
40864.52,2,9600.0,3,704,0.1965,0
99644.01,4,34900.0,2,736,0.1568,0
194563.08,9,52000.0,2,739,0.3586,0
67193.07,4,3800.0,3,671,0.2794,0
118020.47,6,55000.0,2,638,0.4424,1
105856.84,7,17900.0,0,751,0.2902,0
42911.63,5,19700.0,4,703,0.5007,0
60757.68,6,36500.0,3,696,0.1463,0
29572.51,5,20100.0,3,622,0.3287,1
53491.7,2,22400.0,2,832,0.3603,0
42429.34,4,21400.0,2,694,0.1659,0
47973.92,5,22900.0,4,668,0.4378,0
39638.56,12,5500.0,0,694,0.3507,0
51128.47,2,18200.0,1,665,0.3519,1
80236.03,5,27300.0,3,578,0.2666,0
56065.7,3,11000.0,3,697,0.1773,0
21473.93,11,12500.0,3,566,0.3528,1
39720.94,9,8200.0,3,683,0.3187,0
25960.47,5,9200.0,4,556,0.1864,0
68475.63,0,31500.0,4,513,0.3171,1
78970.1,9,44000.0,2,721,0.4643,0
68947.56,1,10000.0,2,592,0.3293,0
38829.19,0,17700.0,3,708,0.2137,0
68580.92,8,19200.0,2,688,0.3648,0
46232.45,6,10800.0,0,686,0.3536,0
32015.52,5,12300.0,2,628,0.4403,0
90044.7,2,24100.0,2,665,0.1462,0
93893.39,1,20700.0,5,626,0.3624,1
100900.74,0,13600.0,0,746,0.1745,0
42847.74,5,25500.0,1,639,0.4125,0
114536.55,1,58200.0,4,656,0.2383,1
45639.54,6,5800.0,4,731,0.2693,0
85770.1,1,43200.0,2,628,0.2275,0
45206.58,5,12700.0,1,541,0.2874,0
52934.46,2,15500.0,2,595,0.4393,1
18000.0,7,9900.0,3,754,0.4305,0
50713.52,5,27000.0,2,681,0.3014,0
62950.22,4,30800.0,2,697,0.2219,0
47785.27,2,26900.0,2,697,0.5139,1
157298.95,1,19000.0,1,809,0.3659,0
31591.51,5,3700.0,2,519,0.3728,1
43915.84,2,14600.0,1,665,0.3573,0
36399.85,4,16100.0,3,677,0.2492,0
43911.11,4,17700.0,6,673,0.2331,0
105585.59,4,17900.0,4,735,0.4678,0
134984.8,9,25900.0,2,737,0.4682,0
40723.64,4,7900.0,4,659,0.4172,0
40229.1,2,17500.0,3,548,0.4474,1
31684.38,6,6200.0,2,850,0.3113,0
122817.77,6,24500.0,2,675,0.145,0
110918.66,2,34900.0,1,682,0.1842,0
56483.85,2,36000.0,2,770,0.2911,0
27782.05,5,10100.0,3,646,0.2371,0
29182.82,1,3900.0,1,772,0.4264,0
65765.21,5,28900.0,4,652,0.2257,0
80994.45,10,24700.0,0,812,0.4709,0
19218.34,6,4300.0,4,709,0.466,1
50175.37,11,15800.0,1,624,0.1523,0
145810.45,4,58800.0,2,839,0.4737,0
53123.25,4,25100.0,0,720,0.2808,0
135849.23,5,62600.0,2,629,0.2559,0
85560.19,6,31600.0,1,569,0.4421,1
32979.66,5,15100.0,1,727,0.1976,0
50971.95,2,19300.0,2,779,0.233,0
55782.65,4,8600.0,0,704,0.2077,0
35458.51,8,3000.0,3,700,0.4157,0
35121.63,2,10800.0,2,792,0.3285,0
137135.22,5,43700.0,3,720,0.408,0
34977.2,5,13300.0,3,626,0.3323,0
108351.93,5,16100.0,2,629,0.3387,0
47095.54,1,5700.0,3,717,0.2452,0
59035.74,1,27700.0,4,713,0.4736,1
81553.49,8,21400.0,1,757,0.5167,0
43079.08,8,11400.0,1,703,0.3782,0
81825.76,4,28300.0,1,726,0.2473,0
19427.87,5,7200.0,1,701,0.3466,0
76255.06,2,44400.0,1,747,0.3785,0
18000.0,1,13300.0,1,731,0.4904,0
52851.13,0,22600.0,3,656,0.5123,1
95782.34,1,36300.0,0,661,0.1643,0
84310.56,5,16000.0,7,699,0.2504,0
29315.58,4,8100.0,2,683,0.1721,0
31466.68,4,8900.0,5,774,0.2699,0
40996.02,4,14900.0,1,691,0.6384,1
66331.4,1,28800.0,3,568,0.2153,0
19583.38,5,8700.0,2,586,0.3795,1
59440.26,9,8800.0,1,657,0.3635,0
71060.45,1,33600.0,1,729,0.1997,0
51242.76,4,17400.0,0,621,0.2093,0
79931.6,6,44600.0,5,724,0.324,0
67714.0,8,16300.0,2,617,0.5395,1
44448.66,6,23700.0,5,687,0.3602,0
20642.26,2,6700.0,1,706,0.3109,0
64432.74,0,23700.0,3,589,0.3222,0
35447.52,3,8000.0,1,705,0.1568,0
43560.74,3,16000.0,2,796,0.4899,0
77926.26,8,12400.0,1,660,0.2485,0
130552.84,3,27600.0,2,681,0.3914,0
58633.82,1,23100.0,1,694,0.4555,0
81205.29,2,16000.0,1,682,0.2379,0
27052.54,6,9100.0,2,677,0.2247,0
68530.76,4,18900.0,1,671,0.1917,0
57933.54,3,17200.0,2,557,0.6641,1
117721.29,8,23700.0,0,709,0.0975,0
44477.91,0,28100.0,2,594,0.4183,1
52422.93,7,20600.0,1,703,0.1381,0
107188.9,0,58100.0,0,728,0.5791,0
56918.83,7,14600.0,3,706,0.3033,0
32537.13,4,21900.0,1,609,0.4663,1
243628.13,4,123000.0,2,699,0.4571,0
33082.97,4,12900.0,3,659,0.3793,1
57780.98,7,18000.0,2,631,0.3719,0
72451.92,1,40900.0,4,830,0.4947,0
69368.6,6,12500.0,1,608,0.4263,0
53940.72,7,17100.0,2,712,0.3055,0
54088.77,4,14100.0,5,789,0.0826,1
52616.63,2,9200.0,3,704,0.3872,0
32410.46,1,15600.0,1,629,0.4993,1
195364.16,19,88600.0,2,634,0.2048,0
53050.79,4,16000.0,0,570,0.3774,1
83142.56,0,17900.0,2,682,0.4209,1
49808.5,2,2800.0,1,685,0.3552,0
49260.61,2,24400.0,3,656,0.3998,0
46607.0,7,20800.0,3,782,0.3218,0
25529.37,2,9200.0,4,672,0.1712,0
54811.67,2,14900.0,2,559,0.1552,0
47865.29,6,18300.0,1,789,0.2627,0
114043.87,3,44300.0,4,589,0.4643,1
31002.25,4,20000.0,4,716,0.1326,1
43589.39,1,14400.0,2,726,0.4084,0
36528.85,1,15400.0,4,672,0.2348,0
132374.69,1,31100.0,2,748,0.252,0
37116.81,4,18900.0,3,684,0.4161,0
81573.92,4,31200.0,1,651,0.4039,1
102087.83,4,47200.0,1,522,0.4673,1
55250.49,8,11800.0,0,548,0.5127,1
28078.35,2,11900.0,4,850,0.3016,0
28274.49,1,10000.0,1,733,0.4267,0
96073.64,7,49500.0,4,772,0.1371,0
29931.7,5,11100.0,3,850,0.4805,0
74281.31,6,25500.0,3,651,0.2075,0
63760.68,5,28200.0,3,668,0.3052,0
73675.3,3,19100.0,2,555,0.432,1
77603.8,3,17900.0,3,657,0.2538,0
35827.86,2,19200.0,2,655,0.2079,1
35012.47,9,6500.0,1,649,0.1676,0
88717.28,14,21200.0,4,758,0.1155,0
42355.79,6,5700.0,2,732,0.2091,0
18000.0,3,1000.0,2,748,0.2473,1
85546.5,2,8400.0,0,587,0.1658,0
33862.26,5,25400.0,4,681,0.5793,0
77414.14,1,30300.0,2,704,0.2617,0
128804.63,6,44600.0,1,819,0.2118,0
60428.69,2,13300.0,1,687,0.1794,0
103535.64,0,55300.0,3,666,0.1636,0
65159.2,11,14500.0,7,760,0.2491,0
143355.97,7,33900.0,5,659,0.2993,0
33384.3,1,6000.0,2,714,0.31,0
59604.23,8,13800.0,5,712,0.4117,0
86702.58,2,51500.0,0,640,0.1992,0
53920.91,7,19400.0,6,627,0.3427,0
112839.35,4,20600.0,1,673,0.2012,0
47210.81,4,23400.0,0,643,0.2326,0
186867.32,4,65900.0,0,563,0.2466,0
192376.3,4,54900.0,0,729,0.1366,0
69922.28,2,29400.0,4,718,0.3805,0
81139.94,11,27800.0,5,619,0.4175,1
115314.6,6,24500.0,3,612,0.6601,1
31164.7,1,5600.0,2,712,0.3453,0
29097.28,2,3700.0,1,806,0.3882,0
119495.07,11,62500.0,1,752,0.3245,0
69612.1,1,39600.0,3,765,0.2493,0
52861.05,6,28200.0,0,652,0.2919,0
60241.56,1,19500.0,1,706,0.1349,0
18000.0,2,4600.0,3,665,0.3295,0
53916.44,4,28500.0,0,621,0.2249,0
39569.91,5,18700.0,2,690,0.11,0
99204.57,4,27600.0,2,610,0.1615,0
103493.79,1,33700.0,2,619,0.5668,1
82221.67,10,35500.0,1,642,0.1801,0
74421.66,6,35500.0,2,650,0.2186,0
26277.26,9,9500.0,3,673,0.2611,0
82855.52,4,5700.0,4,520,0.1832,0
84640.56,7,42600.0,6,605,0.3256,1
118759.53,9,61800.0,2,793,0.4477,0
191954.84,5,53100.0,4,674,0.5423,0
23602.12,5,11800.0,1,717,0.2298,0
48355.62,6,24400.0,6,706,0.2196,0
39805.22,6,11700.0,3,667,0.2953,0
65833.16,5,31600.0,4,609,0.2189,0
60317.11,7,26000.0,1,634,0.1137,0
52641.23,4,14000.0,0,822,0.2297,0
105364.64,10,40800.0,2,635,0.429,0
32670.32,0,13600.0,2,804,0.1633,0
33771.86,6,16400.0,2,644,0.5165,1
34087.16,10,13300.0,0,651,0.4448,0
49110.09,2,26900.0,3,681,0.2604,0
30463.22,3,13600.0,3,662,0.2872,0
58295.82,10,9600.0,5,605,0.4305,0
54665.08,6,32200.0,1,674,0.2001,0
38848.19,7,6900.0,0,565,0.294,0
96816.38,3,12400.0,1,702,0.2338,0
57946.46,3,6900.0,2,692,0.3887,0
107415.1,3,28900.0,1,730,0.1753,0
53783.53,3,15500.0,2,638,0.2193,0
59082.66,3,32000.0,3,730,0.3678,0
43935.14,6,18000.0,1,707,0.2184,0
59642.54,3,18600.0,0,685,0.2876,0
88585.83,1,13500.0,4,823,0.3099,0
47751.52,9,14900.0,1,710,0.4109,0
79628.44,2,13100.0,2,640,0.5761,0
38291.73,3,20600.0,1,790,0.2551,0
90896.59,1,42000.0,1,713,0.3279,0
43523.3,5,25400.0,3,808,0.164,0
95647.41,2,27700.0,2,536,0.1242,0
61916.2,1,13100.0,4,652,0.204,0
138209.31,8,15400.0,6,653,0.2711,0
31737.77,12,5200.0,2,533,0.4978,1
26585.01,3,6800.0,1,687,0.3514,0
42662.71,6,18400.0,2,647,0.2496,0
27958.15,5,1000.0,1,525,0.5934,1
27987.01,5,15200.0,3,618,0.4397,1
84276.04,1,30900.0,5,779,0.3355,0
59736.69,5,38400.0,2,743,0.5421,0
45989.83,7,12300.0,2,622,0.3042,0
48395.91,14,9100.0,1,619,0.4244,1
43110.39,0,14600.0,5,740,0.6585,0
148405.41,6,60400.0,4,528,0.4405,1
39953.51,4,7500.0,2,720,0.3407,0
28935.55,3,15700.0,3,538,0.2115,0
92765.29,9,60400.0,4,798,0.517,0
53174.51,2,6400.0,1,724,0.5709,0
183748.92,12,90600.0,3,537,0.4965,1
44827.94,0,8100.0,3,646,0.2728,0
95348.25,3,39100.0,3,699,0.2176,0
108576.31,8,45200.0,3,526,0.3277,1
44948.17,5,17000.0,4,672,0.1394,0
39790.9,2,14700.0,2,711,0.3127,0
90016.8,3,50300.0,2,520,0.2234,0
82140.84,6,51000.0,1,731,0.363,0
27561.2,2,3000.0,6,666,0.3002,0
32188.37,10,17300.0,2,744,0.1993,0
18000.0,4,3100.0,3,657,0.2611,1
83071.98,4,31500.0,1,596,0.2871,0
51844.03,5,16200.0,3,588,0.3887,0
54765.59,1,23300.0,1,652,0.3119,0
23616.61,5,9200.0,2,661,0.298,0
32729.88,15,4000.0,2,755,0.2556,0
46033.4,4,23500.0,0,654,0.5133,0
41366.26,5,17600.0,1,558,0.2774,0
63883.08,7,12500.0,6,641,0.2646,0
82529.2,10,40400.0,1,561,0.2882,0
208623.59,5,107600.0,2,701,0.3686,0
59218.58,3,9800.0,6,718,0.3119,0
110577.45,7,18200.0,3,731,0.4463,0
37930.66,2,5100.0,1,652,0.1824,0
23831.88,10,1600.0,3,623,0.6288,1
49327.36,8,8800.0,0,637,0.3231,0
24865.91,7,11900.0,4,668,0.2582,0
60359.3,5,15900.0,3,637,0.3185,0
38977.91,6,1100.0,2,796,0.4771,0
20437.99,6,13000.0,2,648,0.4897,0
155564.21,5,40200.0,2,667,0.3204,0
44548.83,3,11000.0,3,619,0.2094,0
24326.2,6,1000.0,1,620,0.228,0
98124.71,1,12900.0,2,580,0.2732,0
40105.23,2,20200.0,2,598,0.3965,1
109053.22,10,49500.0,5,815,0.5589,0
39999.94,2,2300.0,1,716,0.3406,0
44467.16,9,25100.0,4,650,0.1895,0
72377.98,1,30000.0,2,626,0.2185,1
82973.01,4,13300.0,1,768,0.1577,0
91369.41,4,32500.0,1,612,0.4218,1
56990.64,1,24200.0,1,547,0.2291,0
80076.62,6,35300.0,1,711,0.3217,0
90228.06,1,43400.0,4,605,0.2558,0
66857.12,1,17900.0,0,579,0.3671,0
55355.87,1,14400.0,1,593,0.1378,0
27040.41,0,14000.0,2,706,0.4182,1
83245.2,7,14600.0,1,667,0.3017,0
61279.19,3,18200.0,5,601,0.3349,1
47691.63,3,8600.0,1,710,0.388,0
120906.34,4,13700.0,3,613,0.1539,0
27301.35,3,7900.0,2,552,0.4542,0
147889.4,1,47600.0,1,577,0.2355,0
59145.14,2,9600.0,3,677,0.3119,0
71298.82,4,11500.0,3,616,0.4092,0
48181.27,1,17400.0,2,683,0.1123,0
23935.31,3,8800.0,5,758,0.3508,0
55448.76,8,33900.0,2,628,0.3121,0
71977.56,2,16300.0,1,850,0.5977,0
86848.8,5,28600.0,5,696,0.3571,0
53695.35,0,22300.0,3,662,0.2936,0
18000.0,6,3200.0,1,575,0.3821,0
25644.55,1,15300.0,7,649,0.2096,0
185092.47,6,30200.0,3,656,0.3232,0
32830.24,7,21600.0,1,732,0.2121,0
131252.37,5,21100.0,2,630,0.2723,0
35819.66,3,14000.0,3,707,0.2815,0
54157.36,1,11600.0,3,678,0.213,0
84445.75,6,7200.0,4,748,0.4797,0
38135.2,3,13400.0,3,754,0.5123,0
143733.81,3,52700.0,2,700,0.2891,0
62420.6,2,11100.0,1,732,0.1187,0
77147.0,4,44000.0,2,759,0.2457,0
51679.48,3,27900.0,4,715,0.2066,0
86016.65,1,16900.0,1,696,0.16,0
142676.63,5,37000.0,1,706,0.1935,0
55703.19,10,13700.0,1,796,0.4219,0
155025.06,8,77100.0,3,683,0.2632,0
42771.29,11,24800.0,4,730,0.3094,0
91149.18,2,28900.0,0,624,0.4267,0
78355.61,2,44700.0,1,788,0.2542,0
33265.62,0,5300.0,4,709,0.2903,0
67345.77,3,28700.0,0,649,0.4048,0
60117.2,3,17900.0,1,670,0.1728,0
37449.34,4,23000.0,5,659,0.4193,0
72904.19,1,22500.0,3,675,0.548,0
64890.68,4,23200.0,0,691,0.4993,0
57530.88,4,26100.0,0,660,0.3556,0
57657.89,5,28200.0,6,556,0.2991,1
56982.21,5,20200.0,0,808,0.3541,0
48911.37,2,19500.0,0,695,0.277,0
64660.69,4,14800.0,1,695,0.3434,0
42017.74,8,16800.0,1,671,0.3093,0
258136.87,5,109000.0,6,743,0.5884,0
27580.57,4,1400.0,5,679,0.4779,0
43407.83,2,21100.0,1,652,0.1562,0
45335.33,3,16200.0,0,656,0.4465,0
183922.8,1,36600.0,5,769,0.4121,0
28967.39,7,17100.0,4,690,0.3089,0
75679.1,2,42900.0,0,672,0.233,0
68639.04,2,13300.0,3,642,0.2831,0
71932.34,1,23500.0,1,651,0.1926,0
118182.9,2,43400.0,2,756,0.252,0
116856.99,3,64600.0,1,606,0.4484,1
46722.16,9,11000.0,3,725,0.2462,0
66616.63,2,14200.0,3,728,0.1077,0
21477.13,10,4300.0,2,691,0.4483,0
63227.91,9,19200.0,3,661,0.2385,0
38688.81,8,11700.0,1,564,0.6207,1
54040.53,6,19000.0,2,725,0.2354,0
23695.62,1,3800.0,1,555,0.4304,1
74807.97,8,20600.0,1,688,0.3434,0
23550.14,1,3300.0,4,679,0.2075,0
64961.92,1,34200.0,1,733,0.307,0
30498.17,3,1000.0,1,608,0.4525,1
37522.55,2,8100.0,1,604,0.3513,0
112995.43,7,67600.0,4,715,0.1994,0
82731.43,6,15800.0,0,662,0.667,0
112652.34,3,25300.0,0,524,0.5983,1
141188.33,6,69100.0,1,675,0.5022,0
39141.51,4,10000.0,0,811,0.3122,0
136548.4,4,33900.0,0,716,0.2928,0
26741.5,3,14000.0,5,586,0.2307,1
90251.47,2,20400.0,4,710,0.2417,0
45645.68,0,22400.0,1,749,0.3767,0
35894.34,7,11800.0,5,546,0.0889,0
83948.47,2,12700.0,3,653,0.2445,0
100682.1,2,14300.0,4,772,0.2694,0
99051.74,2,17200.0,0,561,0.601,1
67384.68,5,22100.0,2,654,0.398,0
64381.17,5,18200.0,3,659,0.2451,0
79999.58,2,16600.0,3,644,0.5532,1
70761.49,4,5700.0,3,778,0.3481,0
80639.65,2,21600.0,4,767,0.4939,0
66983.37,7,42400.0,4,652,0.2214,0
95180.57,5,40700.0,4,599,0.3136,1
24465.9,0,6600.0,2,770,0.1712,0
55703.57,5,29500.0,1,733,0.2509,0
27969.91,4,8800.0,1,674,0.1893,0
69716.07,2,32800.0,2,724,0.6261,0
147718.19,2,73000.0,3,724,0.5164,0
46131.6,6,29100.0,3,609,0.4555,1
64214.78,6,28500.0,2,630,0.2431,0
90768.51,4,52900.0,1,675,0.3184,1
19201.67,2,9300.0,3,530,0.2221,0
44929.02,2,15200.0,1,649,0.3467,0
73165.82,2,16400.0,1,616,0.1749,0
18000.0,3,7400.0,4,688,0.3657,0
34987.82,7,8600.0,2,591,0.3322,0
109696.41,1,27500.0,3,707,0.2907,0
103948.23,4,25500.0,3,692,0.4004,0
73561.35,3,37000.0,1,667,0.1713,0
97266.38,5,18100.0,4,710,0.2724,0
67393.73,1,19900.0,3,719,0.3292,0
81264.72,3,16500.0,4,657,0.2642,0
50331.7,6,18400.0,3,678,0.3779,0
63812.03,4,10300.0,2,624,0.5568,0
42285.36,2,10500.0,2,623,0.2993,1
119960.26,2,53200.0,1,794,0.1727,0
138255.36,9,72300.0,1,660,0.1987,0
127893.36,1,44700.0,3,674,0.3073,0
47836.31,9,21300.0,1,669,0.3064,0
35433.9,4,24100.0,1,703,0.2445,0
120853.64,3,34500.0,3,634,0.1208,1
80752.88,7,32800.0,3,641,0.1603,0
71734.09,8,38800.0,3,745,0.461,0
42256.03,4,25700.0,2,563,0.2654,0
75668.34,5,20200.0,5,689,0.1353,0
32961.55,1,9000.0,4,613,0.183,0
84857.98,3,30200.0,3,524,0.3674,1
127821.2,2,41300.0,1,669,0.1994,0
146836.51,9,49600.0,3,588,0.2906,1
88405.39,8,31400.0,2,575,0.2013,0
27997.99,1,4700.0,1,850,0.3931,0
66738.12,1,15600.0,2,716,0.2513,0
194235.18,3,108200.0,3,717,0.565,0
37133.08,10,21700.0,2,671,0.4006,0
57956.62,3,30900.0,4,585,0.3905,1
130279.63,14,28500.0,2,663,0.318,0
84071.56,1,35200.0,3,648,0.3129,0
234236.36,2,38800.0,4,531,0.6047,1
40011.49,1,8300.0,1,809,0.1653,0
34739.56,4,14200.0,1,668,0.3161,0
117391.41,3,37000.0,0,613,0.1538,0
31016.26,9,18600.0,3,684,0.2948,0
53732.73,2,32200.0,3,572,0.1471,1
57750.91,7,31000.0,3,605,0.321,1
105851.69,1,54900.0,2,790,0.3054,0
83939.15,3,44000.0,2,636,0.4095,0
76986.53,0,30900.0,4,674,0.3618,1
47985.92,10,11100.0,3,683,0.1706,0
116803.96,3,9300.0,0,662,0.1991,0
400000.0,6,60500.0,4,635,0.5125,0
87571.0,1,9200.0,4,845,0.442,0
63248.06,1,34600.0,2,619,0.3843,1
29324.4,1,13500.0,3,608,0.3601,0
42166.66,2,20500.0,1,712,0.3682,0
53234.36,7,11200.0,3,579,0.4665,1
44621.45,2,3100.0,1,752,0.3922,0
59347.02,5,21700.0,1,660,0.3477,0
159198.77,11,22200.0,3,685,0.6114,0
118888.55,3,37200.0,4,697,0.2222,0
54865.61,1,14200.0,4,650,0.3124,0
30805.42,1,4800.0,2,744,0.3495,0
124935.42,6,31000.0,2,724,0.3464,0
58280.34,2,18400.0,1,714,0.3867,0
23165.62,1,2900.0,2,561,0.4636,1
88595.52,17,44000.0,2,649,0.321,0
105253.57,8,29600.0,3,667,0.33,0
18000.0,2,8800.0,3,805,0.1902,0
38043.86,13,21900.0,1,569,0.3332,0
56345.09,15,14400.0,3,627,0.2259,0
89678.02,12,37000.0,6,756,0.4018,0
45086.56,3,17000.0,3,605,0.2311,0
37885.43,4,14000.0,3,626,0.4942,1
89316.64,5,51000.0,1,801,0.3419,0
46278.03,2,17600.0,1,702,0.4876,0
80670.65,7,23600.0,1,739,0.1467,0
32489.31,5,16500.0,1,729,0.5717,0
28458.92,7,11400.0,2,684,0.4708,0
90707.75,2,40200.0,4,682,0.3964,1
68794.97,4,9100.0,1,741,0.3906,0
99444.07,1,60000.0,1,611,0.2185,0
44670.73,2,10900.0,0,805,0.4441,0
38665.08,3,5500.0,3,635,0.2697,0
126550.33,6,51800.0,0,752,0.1135,0
25909.7,7,9700.0,0,713,0.5028,0
119169.65,1,22800.0,4,634,0.547,0
123782.04,9,51500.0,4,711,0.6292,0
96090.84,5,20500.0,2,685,0.3027,0
41015.52,6,13700.0,2,543,0.373,1
38212.27,7,20300.0,1,668,0.3594,0
53341.47,2,18000.0,1,581,0.2142,0
29369.98,8,16300.0,2,713,0.3377,0
35279.89,2,20600.0,2,664,0.3813,1
85357.52,3,47100.0,3,741,0.3899,0
85574.45,3,41300.0,3,623,0.4794,1
33615.21,13,6200.0,1,578,0.2654,0
86843.86,2,38000.0,2,594,0.3832,1
76869.68,12,30700.0,5,827,0.6086,0
137370.57,10,17600.0,3,850,0.4333,0
81881.23,1,19800.0,0,825,0.4719,0
107175.14,2,51200.0,1,559,0.4903,1
77838.6,2,41700.0,1,572,0.2797,0
102637.74,6,11100.0,0,595,0.3247,0
29498.23,9,1000.0,4,733,0.5166,1
55996.28,2,16200.0,3,833,0.4425,0
58604.07,1,20100.0,4,743,0.6586,0
52362.06,6,1000.0,1,689,0.128,0
76430.54,4,14100.0,3,606,0.2564,0
84872.79,1,21500.0,5,654,0.4128,1
74290.73,5,13100.0,1,682,0.2503,0
54321.8,4,13000.0,3,741,0.4222,0
39948.58,1,24500.0,1,638,0.1805,0
109475.09,2,20900.0,2,705,0.1223,0
72573.35,11,27000.0,5,696,0.6253,0
34192.53,0,1600.0,2,683,0.2461,0
53823.84,2,12000.0,5,645,0.2616,0
22952.57,1,12300.0,4,684,0.191,0
61050.33,3,31900.0,1,668,0.286,1
53685.11,4,15100.0,2,616,0.5714,0
43653.69,3,8500.0,3,741,0.279,0
143133.08,4,79000.0,1,793,0.5032,0
31701.37,5,24200.0,2,688,0.3049,1
88301.83,2,10000.0,3,672,0.5436,1
199324.51,16,52000.0,0,732,0.2934,1
108282.34,4,40900.0,2,689,0.5949,1
58844.5,1,10500.0,0,761,0.2474,0
32088.8,4,18400.0,2,683,0.3785,0
28307.04,6,11400.0,2,719,0.2944,0
47745.81,7,5300.0,2,805,0.3184,0
41033.73,5,13700.0,2,770,0.3697,0
40305.74,4,6800.0,2,663,0.2923,0
50037.48,2,26500.0,1,756,0.414,0
56599.99,5,22100.0,1,595,0.5128,1
78187.62,3,21300.0,2,660,0.7263,1
30309.37,2,12600.0,4,738,0.3372,0
41141.22,4,7400.0,3,790,0.1859,0
54840.29,7,26600.0,2,619,0.4673,1
53770.65,1,7200.0,3,673,0.3099,0
164395.94,2,97300.0,3,675,0.1326,0
68032.15,6,8500.0,2,668,0.3432,0
24649.84,1,12900.0,1,584,0.4271,1
75357.58,8,17200.0,3,713,0.4446,0
80830.94,3,26000.0,4,579,0.4625,1
55892.17,5,20700.0,1,760,0.1075,0
30718.85,6,12600.0,0,776,0.3183,0
157460.53,4,76400.0,1,627,0.3286,0
33241.81,9,15000.0,3,580,0.4659,1
86113.78,4,40100.0,0,673,0.1571,0
66838.05,4,18000.0,2,636,0.253,0
83320.16,1,44700.0,4,659,0.562,0
153088.56,11,40600.0,2,682,0.4647,0
81544.27,7,31100.0,3,605,0.2237,0
44034.76,1,9100.0,3,799,0.3344,0
110006.61,1,63100.0,2,627,0.6367,1
42314.93,3,16500.0,1,745,0.4495,0
65509.92,3,20600.0,4,608,0.2964,0
29401.59,4,17700.0,1,680,0.2717,0
33917.8,8,16700.0,0,709,0.5918,1
61590.48,9,11900.0,1,685,0.4207,0
73309.66,7,34800.0,1,656,0.5214,1
23474.86,0,13400.0,4,638,0.2365,1
78708.63,10,40200.0,4,644,0.3225,0
38151.26,7,13900.0,2,624,0.2299,0
121034.2,6,41800.0,6,700,0.2833,0
49336.51,3,15300.0,1,812,0.3763,0
32273.69,5,6200.0,1,702,0.3596,0
62423.21,1,21900.0,2,720,0.6425,0
36173.09,5,21500.0,3,756,0.7096,0
120321.17,7,52000.0,4,641,0.2237,0
59891.6,5,8000.0,0,540,0.3778,0
55081.98,3,9200.0,1,675,0.1147,0
82908.31,9,22700.0,3,739,0.1761,0
34450.5,15,20200.0,2,826,0.1776,0
29465.21,6,7300.0,3,601,0.1427,0
74951.26,7,16900.0,1,757,0.286,0
32701.66,4,1600.0,4,695,0.2315,0
32695.56,3,5400.0,1,646,0.1295,0
94865.54,7,18400.0,0,597,0.2327,0
79920.31,12,37200.0,2,631,0.6331,1
30043.26,2,4300.0,0,718,0.4442,1
42594.28,1,16400.0,4,767,0.3511,0
36422.71,2,22100.0,2,471,0.3694,1
159050.27,2,83400.0,0,713,0.4328,0
98548.66,9,9500.0,1,632,0.292,0
47502.39,9,19100.0,1,639,0.1836,0
82199.71,2,25900.0,0,706,0.1716,0
28398.67,5,13000.0,2,819,0.4713,0
41358.97,2,21600.0,4,621,0.2615,0
63428.9,4,3900.0,0,668,0.454,0
76782.11,1,36800.0,2,557,0.4528,1
56749.24,3,10400.0,5,708,0.2205,0
68624.67,1,29400.0,3,623,0.394,0
62510.2,9,24300.0,0,793,0.2856,0
54722.62,5,15200.0,1,702,0.3437,0
50874.64,5,7200.0,2,654,0.12,0
47361.0,2,22000.0,1,654,0.2577,1
68020.58,3,13500.0,1,702,0.2868,0
75052.91,4,10000.0,3,727,0.3752,0
66775.9,12,34000.0,2,587,0.3028,0
31312.47,4,9300.0,1,664,0.2582,0
34564.75,10,23700.0,5,675,0.2647,0
74561.9,3,20300.0,2,691,0.3424,0
134513.56,4,76100.0,1,773,0.3538,0
65109.68,8,31300.0,3,568,0.333,0
47742.74,7,10800.0,1,747,0.2172,0
67736.96,2,9200.0,6,702,0.1539,0
32040.25,5,8500.0,1,638,0.5548,0
122997.43,5,57200.0,1,735,0.5672,1
66345.21,6,29200.0,0,646,0.0998,0
41431.57,2,17800.0,5,539,0.1996,1
54625.85,1,9400.0,2,417,0.2173,1
44807.47,10,20100.0,0,584,0.4938,1
123182.03,15,62500.0,3,634,0.3333,1
53571.26,6,8900.0,0,688,0.4632,1
65215.42,3,24000.0,2,720,0.2988,0
82088.2,9,10000.0,3,656,0.3817,0
39838.07,2,22300.0,2,569,0.1745,1
66605.35,2,15500.0,3,646,0.4897,1
69629.22,11,12500.0,1,659,0.4188,0
25470.0,14,1000.0,3,805,0.2594,0
68801.65,3,27100.0,4,717,0.252,0
58385.97,2,17400.0,1,551,0.4314,0
64310.71,4,18800.0,4,651,0.3845,0
61059.03,2,19500.0,3,727,0.4373,0
69047.05,1,31300.0,3,677,0.5872,1
124933.74,1,44000.0,1,553,0.2007,0
31296.79,5,6900.0,4,736,0.2758,0
49603.48,4,12900.0,3,702,0.2455,0
86391.13,8,11700.0,4,663,0.7153,0
78003.52,11,44300.0,1,615,0.293,0
77085.7,6,18200.0,3,751,0.3219,0
272247.67,2,58500.0,3,539,0.2867,0
83933.03,0,47600.0,0,558,0.2931,1
111526.31,3,15300.0,2,620,0.4312,1
50569.83,3,21400.0,3,698,0.228,0
34679.3,2,1300.0,6,573,0.3879,0
50368.71,6,22300.0,5,634,0.2565,0
88572.62,6,52500.0,2,649,0.3422,0
74888.48,5,40100.0,4,701,0.3935,0
74741.31,14,40200.0,2,654,0.1927,0
53215.8,1,8600.0,2,655,0.4143,0
48747.47,3,28200.0,0,622,0.5686,1
54234.83,4,10900.0,2,757,0.3739,0
89184.41,3,48300.0,2,724,0.3605,0
95072.98,3,54900.0,1,722,0.2281,1
34425.99,7,8200.0,4,617,0.1769,0
91061.32,2,11300.0,2,637,0.2302,0
41860.73,2,19300.0,1,711,0.2236,0
77490.21,6,39900.0,0,631,0.491,1
53874.84,6,24400.0,2,606,0.1948,0
141659.8,1,30500.0,1,697,0.1861,0
47574.82,8,10100.0,0,577,0.3235,0
66054.57,13,33000.0,2,659,0.539,1
83585.58,1,19500.0,2,742,0.481,0
37024.04,7,24300.0,1,686,0.406,0
57522.34,5,25100.0,2,596,0.2895,1
51708.54,4,28200.0,1,710,0.4837,0
45134.52,9,17600.0,5,630,0.2166,0
47011.73,5,26400.0,1,738,0.5786,0
110371.59,5,15700.0,1,713,0.2186,0
43079.27,3,25600.0,3,649,0.4433,0
81758.44,9,11800.0,3,619,0.2475,0
71184.28,1,28100.0,4,611,0.1235,0
27768.59,8,12700.0,2,850,0.4571,0
79661.62,2,47100.0,1,503,0.131,0
27517.23,4,4600.0,1,543,0.4664,0
84579.78,2,26500.0,3,758,0.245,0
45299.2,3,13300.0,4,741,0.3425,0
60150.32,2,18700.0,1,702,0.1154,0
29382.25,3,12900.0,4,526,0.3614,1
64043.02,8,19100.0,3,715,0.2076,0
99690.21,3,57600.0,3,602,0.3129,1
38413.68,1,16200.0,1,668,0.274,0
42875.6,6,9900.0,1,706,0.2474,0
76883.12,2,19500.0,2,713,0.5448,0
77947.44,2,21800.0,2,626,0.2419,0
18000.0,4,6100.0,1,771,0.2061,0
181402.48,0,55800.0,0,736,0.4224,0
80073.83,3,12500.0,4,603,0.135,0
87842.9,9,40000.0,1,639,0.4369,0
55329.02,5,34700.0,4,618,0.2309,1
21580.72,4,5500.0,0,670,0.565,1
86777.02,4,28700.0,1,722,0.2868,0
43877.05,8,16600.0,5,536,0.4165,1
80753.97,2,5900.0,5,526,0.1156,0
53085.52,3,21600.0,3,613,0.3769,1
68249.25,0,27600.0,4,776,0.3604,0
39095.08,4,11500.0,1,693,0.3463,0
96318.33,6,18100.0,0,793,0.3763,0
31144.46,3,16100.0,2,663,0.1982,0
205882.97,5,54000.0,3,612,0.4573,0
205021.83,3,79200.0,2,549,0.3189,0
146970.15,5,38500.0,0,613,0.3215,0
120754.33,4,13500.0,4,628,0.4474,0
57153.64,2,12400.0,2,493,0.363,1
113732.07,3,53800.0,1,612,0.3337,0
56789.28,4,17800.0,0,611,0.2087,0
25477.87,4,11100.0,5,677,0.276,0
136866.43,11,41000.0,2,672,0.2635,0
111396.75,4,36000.0,2,699,0.2304,0
58850.96,9,20100.0,3,553,0.2316,0
30520.34,2,5000.0,3,590,0.1321,0
43372.88,5,23900.0,1,744,0.6264,0
21990.59,7,8600.0,3,656,0.2398,0
100689.26,1,25400.0,4,739,0.1802,0
24789.61,6,4600.0,2,664,0.0784,0
70105.53,0,34400.0,2,689,0.1426,0
37645.5,2,16000.0,3,715,0.4978,1
27318.33,4,4800.0,0,633,0.4859,0
68261.1,11,29200.0,5,625,0.4312,0
49831.89,6,12200.0,2,624,0.3917,0
94940.34,2,20500.0,2,669,0.3228,0
29816.5,8,16200.0,3,718,0.2253,0
39477.14,1,8100.0,2,645,0.1046,0
18000.0,1,7500.0,4,762,0.312,0
18008.68,0,11700.0,2,806,0.2719,1
160975.24,5,50100.0,1,609,0.2031,0
188335.28,3,55300.0,2,764,0.2839,0
63006.89,4,10600.0,3,674,0.4848,0
38059.05,1,18500.0,0,704,0.4329,0
50810.24,8,11800.0,2,665,0.4021,0
96806.15,8,15100.0,2,766,0.3548,0
45120.23,1,7700.0,4,701,0.3339,0
68234.03,2,9900.0,5,649,0.1561,0
59455.55,9,16600.0,0,644,0.1866,0
43789.66,3,13900.0,2,585,0.5322,1
44828.26,1,21000.0,5,632,0.6652,1
70356.22,5,30300.0,3,767,0.2442,0
34986.29,3,16400.0,4,756,0.401,0
76760.94,1,41500.0,1,627,0.3073,0
46195.22,11,8000.0,6,593,0.2818,0
64218.85,0,19500.0,4,746,0.3071,0
128178.54,3,55100.0,2,707,0.351,0
54583.91,7,15300.0,1,527,0.5519,1
99299.16,9,53000.0,5,850,0.3507,0
22345.54,6,15400.0,1,676,0.234,0
46226.12,7,23000.0,2,803,0.1966,0
60792.93,6,18600.0,3,688,0.2616,0
172444.7,4,44000.0,3,597,0.2081,0
20374.23,2,2300.0,2,690,0.3406,0
56788.24,3,19700.0,0,565,0.2914,0
133409.53,1,50300.0,0,666,0.42,1
38880.14,4,12600.0,1,593,0.2112,0
53259.88,2,35200.0,3,660,0.2984,0
71858.66,3,16300.0,4,694,0.758,1
66269.15,3,19600.0,3,697,0.3912,0
141658.39,5,28600.0,2,566,0.4545,1
76623.61,3,25000.0,5,627,0.31,1
124277.85,4,55800.0,1,527,0.4062,0
49118.72,1,12300.0,0,722,0.1904,0
39843.36,2,9200.0,1,690,0.3457,1
52883.8,0,9600.0,1,587,0.2929,1
31650.0,6,12500.0,3,780,0.7912,0
78114.54,3,42700.0,0,710,0.2882,0
48424.78,3,26100.0,2,667,0.2026,0
41378.48,4,8800.0,5,640,0.1602,0
78768.0,4,16800.0,3,627,0.2268,0
31918.99,4,12500.0,3,616,0.1776,0
91470.9,5,34800.0,2,763,0.2642,0
46023.82,3,12500.0,1,696,0.4314,0
113266.99,1,27500.0,0,596,0.1521,0
48242.44,1,7800.0,2,772,0.2989,0
84757.57,2,35900.0,3,668,0.6284,1
66089.11,10,15100.0,0,606,0.5341,0
90142.41,4,51100.0,2,823,0.183,0
63606.49,5,29600.0,1,593,0.2553,0
23983.74,3,7300.0,3,613,0.4776,1
104280.16,3,37300.0,3,675,0.3143,0
57055.19,2,28100.0,0,699,0.1655,0
92432.49,6,22800.0,0,619,0.2669,0
87521.13,3,37700.0,2,509,0.2177,1
39131.65,6,12800.0,2,677,0.1664,0
36201.74,0,9600.0,1,597,0.2135,0
85857.59,6,8800.0,1,648,0.2616,0
50676.27,2,11100.0,3,614,0.1795,0
100211.29,2,20000.0,3,594,0.3765,0
54284.25,7,23100.0,3,655,0.3453,0
105121.84,8,41600.0,1,628,0.3817,0
75570.21,4,13100.0,2,612,0.2918,0
70149.66,7,36400.0,3,747,0.3601,1
48741.88,2,11300.0,4,600,0.393,1
68038.92,3,19700.0,3,656,0.3124,0
115389.54,9,52900.0,4,672,0.1813,0
58115.14,0,15900.0,2,548,0.3074,0
80189.35,5,28600.0,4,591,0.1777,0
61420.45,3,27400.0,2,672,0.1606,0
64121.32,4,31900.0,2,669,0.2596,0
154488.65,4,44000.0,3,616,0.2304,0
115954.31,4,53400.0,0,673,0.124,0
62546.91,3,6300.0,3,695,0.4655,0
67369.64,4,31200.0,1,719,0.3666,0
40699.51,5,7000.0,4,725,0.2624,0
54440.61,3,8500.0,1,766,0.5924,0
70981.09,3,12000.0,3,683,0.1755,0
95591.34,4,42900.0,2,571,0.4536,1
90406.5,7,48100.0,3,653,0.3947,0
32529.66,1,8500.0,4,580,0.4038,1
102471.55,2,33600.0,3,738,0.1251,0
57020.98,11,12300.0,1,778,0.2958,0
34792.42,5,13900.0,0,675,0.3629,0
124867.89,5,33300.0,3,762,0.3332,0
133893.96,15,27000.0,4,757,0.5404,0
69221.09,5,37300.0,0,698,0.5054,0
88418.5,3,31000.0,3,715,0.4298,0
91317.44,0,24800.0,0,746,0.1851,0
129013.8,3,63600.0,3,570,0.216,0
89360.83,4,31000.0,0,694,0.3002,0
28847.29,7,17800.0,3,717,0.6198,0
180844.76,7,48300.0,1,567,0.5404,1
107593.05,6,33200.0,1,818,0.4826,0
45241.12,8,10400.0,4,757,0.3938,0
33986.08,4,6500.0,9,758,0.1706,0
79035.1,1,11200.0,1,706,0.1974,0
51377.57,3,15900.0,3,604,0.5222,1
71789.78,3,32700.0,5,580,0.2801,1
90117.87,4,9900.0,3,668,0.1748,0
43846.8,8,12800.0,1,727,0.4702,0
32407.35,4,3800.0,4,716,0.4458,0
74028.11,4,39800.0,4,803,0.1952,0
44651.21,16,11400.0,5,652,0.5308,0
64883.76,2,15900.0,0,648,0.2926,0
28600.24,5,16300.0,2,676,0.2124,0
52119.76,2,11200.0,2,588,0.3954,0
88718.48,5,39100.0,3,788,0.2864,0
83555.21,8,14000.0,0,656,0.6774,0
38808.83,6,13400.0,1,694,0.6237,0
31490.92,5,19000.0,2,736,0.5731,0
60395.51,4,27900.0,3,619,0.1131,0
81517.1,8,28500.0,0,696,0.1553,0
74820.44,6,16200.0,4,674,0.3571,0
45175.59,4,15500.0,0,748,0.3536,0
70530.71,15,12500.0,3,676,0.5438,0
136802.77,2,49600.0,1,461,0.1991,0
67025.58,14,34900.0,5,605,0.2563,0
24386.1,8,13000.0,3,563,0.1816,0
66953.94,1,18100.0,0,820,0.3655,0
184273.5,2,25400.0,1,781,0.3398,0
29493.79,5,19300.0,5,514,0.5776,1
60861.04,1,21900.0,1,599,0.5039,1
52865.99,7,8700.0,2,571,0.1874,0
63116.38,4,39000.0,2,691,0.2131,0
66625.23,7,33800.0,4,603,0.1979,0
112081.84,6,56800.0,3,655,0.5394,0
62732.24,3,13500.0,6,572,0.2767,0
120872.65,2,62300.0,3,707,0.3831,0
56122.35,0,33800.0,4,549,0.2421,1
49386.12,15,12100.0,3,850,0.3054,0
41437.82,6,27000.0,2,788,0.293,0
22039.73,1,6900.0,0,850,0.2962,0
69680.78,4,27400.0,0,720,0.3385,0
185294.21,8,94100.0,1,792,0.3868,0
77036.11,4,6200.0,1,742,0.2741,0
87352.86,1,41600.0,2,600,0.5365,1
47706.97,6,6300.0,1,647,0.1518,0
52345.26,1,10800.0,1,707,0.3058,0
102904.11,7,15400.0,0,761,0.1871,0
180733.98,5,23900.0,4,675,0.5104,1
135723.01,4,51400.0,3,717,0.3852,0
93235.57,4,29600.0,1,650,0.2754,0
61042.94,3,35700.0,0,644,0.3842,0
67194.41,6,21000.0,3,565,0.4482,0
39559.89,1,16100.0,2,708,0.2431,0
26997.72,2,11200.0,1,638,0.5014,1
32217.37,10,10100.0,1,579,0.1077,0
61536.76,14,23600.0,3,631,0.4139,1
50990.99,3,29400.0,3,696,0.2303,0
26683.67,4,11900.0,4,725,0.3602,0
58657.58,2,18600.0,5,661,0.3179,0
50254.9,2,18000.0,1,755,0.3133,0
31411.62,0,12800.0,0,787,0.313,1
48844.72,1,25600.0,1,653,0.2302,0
50185.22,3,14300.0,4,748,0.3697,0
42652.86,7,7700.0,1,625,0.1988,0
99674.84,4,43800.0,1,577,0.2923,1
21023.67,9,5900.0,0,604,0.3877,0
20086.65,2,9500.0,3,610,0.4584,1
59982.44,8,10900.0,1,642,0.2646,1
63124.86,17,3400.0,0,824,0.4077,0
74780.94,5,10400.0,0,636,0.2751,0
44514.25,0,17100.0,6,647,0.3219,0
36139.51,0,21700.0,2,687,0.1306,0
59633.7,1,1000.0,4,576,0.4453,1
46963.78,2,6700.0,0,686,0.257,0
140517.78,7,70000.0,3,724,0.2773,0
50094.93,3,26100.0,2,786,0.213,0
58148.08,8,18200.0,0,774,0.1411,0
233626.74,2,101300.0,2,702,0.3378,0
53792.1,16,10300.0,0,658,0.2988,0
81298.78,10,36600.0,4,663,0.4463,1
85431.5,3,41600.0,3,706,0.5571,1
89524.79,2,18800.0,3,672,0.2751,0
70208.03,10,13200.0,1,668,0.4576,1
66610.16,1,31500.0,3,605,0.3505,0
63271.09,2,14700.0,3,725,0.2454,0
43617.05,1,7000.0,1,697,0.2569,0
71613.25,5,16700.0,3,618,0.4903,0
182728.22,9,43400.0,5,787,0.4127,0
116526.62,3,62300.0,0,691,0.2025,0
70767.48,7,39900.0,1,568,0.3252,0
95865.97,5,52900.0,4,746,0.3636,0
37121.56,1,18200.0,1,625,0.182,0
51881.54,2,7700.0,4,644,0.2092,0
100842.73,1,29900.0,1,661,0.4545,0
135664.74,1,54000.0,1,740,0.2031,0
39183.99,12,19100.0,5,671,0.1283,0
45891.1,4,9300.0,2,721,0.2285,0
198740.79,4,104300.0,1,557,0.2529,0
63129.51,4,29100.0,0,592,0.1012,0
163219.15,2,67800.0,3,677,0.6308,0
67088.74,3,11700.0,2,621,0.3216,0
68555.52,5,30100.0,1,660,0.2414,0
50613.82,0,6700.0,3,731,0.454,0
100549.49,0,12100.0,1,615,0.4605,1
126345.77,2,22200.0,3,620,0.122,0
33885.71,2,1000.0,3,683,0.6505,0
49323.32,9,21200.0,1,516,0.2527,1
99041.4,2,45400.0,2,751,0.3355,0
55756.44,5,28700.0,1,685,0.3209,0
45644.48,2,14900.0,2,682,0.25,1
104323.11,5,29400.0,0,635,0.3673,0
109853.1,4,14600.0,2,727,0.6138,0
46755.95,10,22400.0,4,663,0.3858,1
67292.33,1,20800.0,3,767,0.4577,0
30802.12,1,13100.0,3,547,0.1901,0
36588.36,18,6200.0,2,680,0.5617,0
64105.85,8,39900.0,1,678,0.3763,0
60917.38,2,29900.0,1,698,0.2122,0
35179.48,2,17200.0,3,780,0.1867,0
40385.03,1,14600.0,4,573,0.1073,0
33330.41,8,18800.0,0,570,0.1756,0
76901.67,2,45300.0,6,649,0.1264,0
20288.28,2,1000.0,3,533,0.114,0
34325.11,2,18200.0,8,848,0.1918,0
21490.84,6,10200.0,5,745,0.3209,0
75392.37,3,24600.0,3,714,0.2439,0
22214.41,8,15400.0,2,734,0.2533,0
60928.18,13,33000.0,2,770,0.4435,0
147522.83,4,53000.0,2,629,0.2096,0
150300.02,5,87400.0,3,648,0.6232,1
22175.67,3,17300.0,4,701,0.3694,0
70553.41,4,15300.0,5,637,0.1753,0
34754.55,0,4400.0,1,605,0.1866,0
31063.08,5,4300.0,4,635,0.6212,1
56251.7,7,26500.0,3,704,0.3508,0
117660.68,1,69200.0,3,743,0.2769,0
83267.4,12,23500.0,1,580,0.1926,0
40403.53,2,7400.0,2,661,0.2992,0
88235.86,10,39500.0,3,671,0.1607,0
18000.0,6,3100.0,3,571,0.2819,0
39572.11,1,10100.0,3,709,0.3142,0
38057.74,8,10400.0,1,667,0.2644,0
62509.66,4,11400.0,4,605,0.2216,0
53553.94,5,26800.0,3,639,0.4755,1
55392.02,3,12400.0,3,715,0.2831,0
54388.3,3,20000.0,3,748,0.0799,0
60616.6,0,21400.0,3,700,0.3504,0
80585.34,6,25000.0,5,818,0.2149,0
64999.32,4,5700.0,0,759,0.3163,0
51205.72,5,20800.0,2,716,0.4884,0
74679.55,5,19700.0,0,622,0.1147,0
94312.4,5,27500.0,4,760,0.169,0
44098.71,6,19100.0,2,617,0.2072,0
57949.57,0,8500.0,2,731,0.295,0
113442.19,3,11500.0,2,492,0.3528,0
32646.13,1,3300.0,2,638,0.4488,0
161552.62,0,28800.0,4,570,0.52,1
28665.94,5,3700.0,0,654,0.119,0
49515.92,13,7200.0,4,560,0.2313,0
35503.82,0,4900.0,6,677,0.2519,0
199458.18,6,39100.0,4,710,0.2709,0
45395.01,3,26400.0,6,626,0.5036,1
45457.69,3,24200.0,2,651,0.466,1
48829.42,5,11200.0,0,691,0.2635,0
63106.66,5,38900.0,0,671,0.532,0
49978.94,3,32700.0,1,776,0.509,0
55654.17,2,25500.0,1,624,0.3565,1
18000.0,5,16500.0,2,715,0.306,0
61786.36,0,34700.0,3,695,0.2007,1
60463.41,5,16800.0,2,556,0.3769,0
106001.96,3,45000.0,2,682,0.3146,0
123005.4,9,11400.0,2,668,0.3579,0
54001.15,4,7200.0,3,638,0.4573,1
93800.55,9,34900.0,2,808,0.2504,0
32667.54,1,1700.0,6,771,0.2977,0
91312.07,1,43700.0,6,618,0.2493,1
43701.53,2,13300.0,3,723,0.2515,0
31207.58,10,5700.0,4,731,0.2507,0
54064.13,3,28600.0,2,686,0.2297,0
129347.76,2,35400.0,4,593,0.251,0
66141.59,5,32500.0,1,604,0.6181,0
136362.01,2,56800.0,5,715,0.3378,0
39663.91,5,18300.0,5,713,0.3432,1
106544.51,3,39000.0,1,654,0.718,1
41827.61,2,25300.0,4,774,0.346,0
67773.79,4,35000.0,1,787,0.3658,0
67452.27,4,23700.0,1,786,0.2867,0
86147.86,7,52900.0,3,786,0.3051,0
68727.68,1,42800.0,1,674,0.1061,0
39872.75,2,13500.0,3,575,0.1704,0
97165.29,4,59200.0,5,651,0.2128,0
155190.88,2,16300.0,2,666,0.6264,0
43430.1,3,13600.0,2,628,0.3265,0
21820.87,2,10500.0,1,646,0.1423,0
78796.65,3,37500.0,2,588,0.3061,0
49903.72,1,18900.0,1,729,0.1862,0
55708.8,13,12700.0,3,797,0.2551,0
81299.71,0,34500.0,1,850,0.3091,0
46582.68,2,1500.0,0,694,0.3312,0
51644.11,4,24300.0,7,662,0.4592,1
56666.26,4,22200.0,0,672,0.1307,0
134371.64,8,57300.0,2,777,0.2495,0
60872.59,1,23300.0,2,776,0.2894,0
30344.77,1,15800.0,2,657,0.2705,1
31016.26,2,16500.0,2,765,0.5548,0
64639.21,4,19400.0,2,687,0.269,0
32170.8,3,11600.0,4,620,0.4044,1
25355.05,7,3100.0,4,663,0.5339,0
84926.78,1,15300.0,2,803,0.1763,0
87244.88,2,40300.0,1,729,0.3114,0
48899.62,5,2600.0,2,637,0.2454,0
70369.32,4,36200.0,1,745,0.3148,0
66400.97,8,36700.0,0,729,0.5995,0
83393.92,4,40300.0,3,652,0.7239,1
83500.88,1,24000.0,2,619,0.2226,0
18000.0,8,2800.0,1,592,0.3888,0
52455.77,7,10500.0,3,552,0.2013,0
79606.2,5,43900.0,2,626,0.4019,0
47774.58,15,18100.0,4,662,0.19,0
61078.27,4,31300.0,1,770,0.2879,0
90480.08,4,27200.0,1,737,0.2349,0
62599.27,7,12300.0,4,690,0.3032,0
137222.05,4,30500.0,1,534,0.3112,0
111284.19,4,37200.0,0,697,0.1047,0
56094.31,0,28500.0,1,552,0.4385,1
53694.97,1,14800.0,2,740,0.4819,0
18000.0,1,1000.0,3,743,0.4343,0
50032.29,3,19600.0,0,679,0.1824,0
28444.27,9,18200.0,3,736,0.3322,0
67621.16,11,33100.0,3,751,0.3584,0
65125.98,9,19700.0,1,683,0.3241,0
87791.56,10,47700.0,5,664,0.6802,1
129077.56,2,71300.0,1,575,0.4806,0
59015.29,4,8300.0,2,648,0.2908,0
209866.94,1,30500.0,0,600,0.2652,0
68039.81,5,20300.0,2,600,0.1926,0
29125.84,3,8300.0,2,620,0.4756,0
43952.31,1,2900.0,0,528,0.3121,1
48775.79,5,27500.0,2,748,0.2581,0
82923.18,2,19600.0,3,691,0.4135,1
35561.28,3,11400.0,1,762,0.3616,0
50823.46,2,7700.0,2,735,0.4349,0
54799.03,6,30200.0,0,712,0.3214,1
46795.09,4,16200.0,2,735,0.2975,0
93552.54,4,56900.0,0,686,0.0996,0
85197.45,9,48900.0,3,773,0.309,0
113733.35,2,49800.0,1,637,0.4941,1
49907.98,5,30300.0,2,673,0.2053,0
116005.18,3,68000.0,3,654,0.4987,1
28276.93,16,3400.0,3,826,0.2161,0
27900.19,8,5300.0,0,628,0.4463,0
30712.01,11,5400.0,2,772,0.2685,0
60178.26,4,5600.0,2,573,0.1254,0
115995.65,8,66400.0,3,683,0.245,0
42994.26,1,7100.0,5,661,0.3768,1
46065.46,1,6800.0,0,598,0.5177,1
53166.84,3,25600.0,0,625,0.4395,1
82047.65,5,16800.0,1,713,0.2269,0
46041.85,9,16800.0,3,650,0.1928,0
44650.5,4,26500.0,2,603,0.4948,0
28567.72,3,7600.0,0,742,0.4861,0
43719.67,6,24500.0,3,673,0.2937,0
114416.89,11,32000.0,0,700,0.4264,0
62944.54,7,19800.0,0,757,0.1931,0
39858.06,5,18800.0,0,791,0.4937,0
118169.96,8,32800.0,2,504,0.4546,1
43396.44,8,3700.0,2,667,0.4503,0
130741.26,7,64600.0,3,549,0.544,1
129570.94,8,16900.0,0,850,0.3153,0
61747.35,5,30000.0,1,686,0.1941,0
26259.88,12,2500.0,3,748,0.1093,0
210918.13,1,85200.0,3,628,0.4504,1
74087.48,6,35200.0,2,648,0.3758,0
50104.3,2,32200.0,0,757,0.5058,0
101302.9,4,48600.0,2,714,0.2207,0
88103.41,1,9900.0,3,801,0.32,0
123132.48,3,20800.0,4,612,0.4091,0
41593.9,3,8700.0,2,659,0.2719,0
71336.28,5,21100.0,1,713,0.3456,0
31187.46,2,12100.0,1,725,0.1459,0
86377.62,3,33100.0,2,706,0.4844,1
59123.28,7,21700.0,2,576,0.13,0
69881.42,9,23000.0,4,604,0.4078,1
55243.59,3,14800.0,3,701,0.5648,0
52154.0,10,10600.0,6,559,0.4693,1
37140.85,6,4000.0,1,609,0.5852,1
92478.98,10,17200.0,3,678,0.3234,0
135854.16,4,66500.0,1,617,0.0845,0
44083.13,3,13900.0,7,692,0.2756,0
81181.87,4,16100.0,2,668,0.2712,0
75940.16,5,10000.0,2,616,0.5768,1
60141.4,4,15500.0,4,618,0.4077,1
25857.92,4,15000.0,3,771,0.2525,0
29264.24,6,1900.0,4,704,0.2076,0
38966.59,2,18800.0,1,694,0.4182,0
18463.43,4,1000.0,1,679,0.4318,0
129886.58,1,14700.0,1,607,0.3791,0
73294.2,4,27000.0,3,633,0.3031,0
58895.59,3,27800.0,2,495,0.1656,0
18000.0,3,6800.0,0,627,0.4634,0
21957.65,1,6500.0,2,629,0.4388,1
59797.09,2,27100.0,4,716,0.1926,0
176976.01,5,27800.0,3,630,0.2725,0
40771.79,2,12100.0,1,734,0.6191,0
96287.03,0,51900.0,3,656,0.3278,1
45984.22,6,26300.0,5,686,0.1657,0
61721.13,14,11000.0,3,673,0.4418,0
116783.39,2,38700.0,3,727,0.1408,0
49499.93,1,13300.0,4,765,0.1238,0
40963.73,12,12800.0,4,601,0.3302,0
130605.79,0,66500.0,1,807,0.5211,0
61393.35,6,28700.0,4,611,0.3147,0
109115.56,2,53700.0,1,661,0.4523,1
41073.28,14,23400.0,1,635,0.2742,0
129789.71,3,22000.0,0,788,0.1595,0
69598.27,2,24500.0,3,595,0.5811,1
76049.0,0,16800.0,3,729,0.5619,0
64369.56,7,31900.0,2,509,0.2974,1
45341.99,7,14000.0,3,736,0.2334,0
59818.75,9,19400.0,3,661,0.3305,0
46937.65,5,18200.0,4,647,0.2885,0
101493.53,3,11100.0,1,623,0.3737,1
53547.19,8,12500.0,4,670,0.5633,0
26289.4,3,12400.0,1,648,0.5761,0
23773.27,1,13900.0,5,563,0.0767,0
23162.85,6,2500.0,3,616,0.4634,1
84110.27,8,34200.0,1,735,0.2173,0
31782.55,1,12600.0,4,645,0.5637,0
70618.48,4,37900.0,2,616,0.4282,1
64544.87,7,18700.0,2,678,0.1475,0
57780.71,2,13500.0,2,712,0.3273,0
76200.47,12,39100.0,3,724,0.3802,0
65320.88,2,32600.0,1,700,0.3661,1
18000.0,2,3700.0,1,766,0.2424,0
50111.52,3,14500.0,3,679,0.4422,0
75645.01,2,21400.0,2,657,0.2691,0
147584.41,2,28100.0,2,741,0.2212,0
151380.48,4,60400.0,1,622,0.2377,0
28290.1,2,6000.0,2,645,0.2314,0
49397.3,6,27600.0,6,556,0.4072,1
25301.95,1,3000.0,2,811,0.1831,0
138128.1,2,51900.0,2,831,0.2325,0
104513.44,12,23600.0,0,662,0.1127,0
72607.49,2,13300.0,3,732,0.1534,0
65601.39,4,24600.0,2,727,0.2563,0
127943.89,4,31800.0,6,689,0.551,0
116567.86,1,17600.0,3,766,0.4376,0
113201.49,2,16200.0,1,580,0.4539,1
76970.22,5,42400.0,2,661,0.3097,0
49410.81,2,25000.0,4,518,0.3939,1
91301.15,2,18900.0,3,599,0.1379,0
93790.89,2,43700.0,4,553,0.2789,0
53914.21,9,13300.0,4,537,0.3565,1
49355.92,8,3600.0,3,638,0.389,0
111672.11,4,60800.0,3,702,0.3972,1
149531.73,3,21000.0,1,625,0.4532,0
39649.45,4,22700.0,4,634,0.4366,1
51799.87,5,23200.0,0,620,0.3312,0
72621.27,5,17900.0,3,686,0.5493,0
78247.29,2,25300.0,1,630,0.3729,0
44922.7,3,11200.0,5,600,0.4967,1
168709.97,3,61800.0,1,745,0.3078,0
75519.97,5,41600.0,2,610,0.3975,0
80198.56,9,38500.0,2,580,0.4821,1
157532.37,4,35100.0,2,730,0.2887,0
46770.88,4,21100.0,2,549,0.4577,1
57031.7,2,8500.0,2,767,0.4031,0
30051.65,1,16700.0,4,598,0.4449,1
54459.21,3,26500.0,3,681,0.3081,0
26399.22,6,17000.0,4,600,0.4025,0
90338.33,2,24300.0,3,676,0.5581,1
75432.86,0,35200.0,1,636,0.2263,1
51411.23,5,13700.0,1,601,0.392,0
56656.78,5,19100.0,4,555,0.1902,1
91017.45,2,42900.0,3,634,0.2148,0
32058.32,2,18500.0,1,711,0.4133,1
66989.58,3,27200.0,4,726,0.2712,0
87968.18,2,41700.0,1,621,0.3953,0
22465.8,10,6700.0,4,621,0.3089,0
87265.97,3,27300.0,2,662,0.1772,0
23843.47,5,2900.0,2,675,0.5917,0
56124.24,3,15100.0,2,675,0.199,0
31575.44,5,15700.0,3,642,0.3239,1
131555.7,2,47200.0,3,648,0.4895,0
31684.52,2,16300.0,2,653,0.3131,0
24158.6,4,12600.0,0,494,0.3556,1
64430.58,2,19700.0,3,645,0.3706,0
47689.35,3,8800.0,3,734,0.2872,0
26172.57,6,9800.0,0,779,0.4403,0
79953.33,8,42400.0,1,763,0.4055,0
20023.77,13,3800.0,1,682,0.3612,0
33862.63,6,1000.0,2,586,0.406,0
43635.66,5,4000.0,3,634,0.1348,0
93080.72,2,7600.0,1,618,0.1836,0
122089.25,8,53500.0,2,569,0.2504,1
109812.56,10,47400.0,3,604,0.4053,1
55033.61,3,6700.0,1,620,0.4258,0
18000.0,12,5900.0,1,570,0.6315,1
74233.38,8,48400.0,1,745,0.2517,0
134432.24,6,53300.0,1,721,0.3225,0
118017.09,3,38400.0,4,671,0.2672,0
77236.08,1,14900.0,0,704,0.1262,0
31125.21,10,21900.0,0,698,0.2667,1
44850.1,1,14400.0,2,620,0.3702,0
173441.89,11,18800.0,2,810,0.2902,0
27468.6,12,18600.0,1,617,0.1002,0
31846.65,2,3000.0,1,550,0.1629,0
100549.29,1,18700.0,2,687,0.6088,0
47233.68,3,5000.0,5,717,0.2814,0
31258.13,4,2100.0,2,652,0.6298,0
138743.77,2,72200.0,2,768,0.3728,0
77155.7,3,24000.0,4,689,0.4327,0
48533.49,4,10500.0,2,613,0.3737,0
31882.86,10,14400.0,1,630,0.5112,0
184623.45,3,67600.0,1,686,0.3216,0
59074.31,6,24500.0,3,681,0.1087,0
129124.25,1,14600.0,3,766,0.2131,1
97880.09,4,52700.0,1,738,0.1791,0
44958.91,3,17800.0,2,557,0.2012,0
45156.18,6,19400.0,6,662,0.355,0
132650.51,1,47000.0,2,582,0.4306,1
133837.88,9,35200.0,3,784,0.4026,0
21326.3,3,5300.0,4,602,0.2894,1
81014.15,2,19800.0,4,690,0.5892,1
56012.6,11,12400.0,3,623,0.5617,0
33917.02,5,19300.0,1,527,0.254,0
69144.95,4,42000.0,8,581,0.1974,1
28501.78,1,1000.0,4,656,0.3867,0
46325.58,2,4300.0,3,718,0.2443,0
38593.51,1,10600.0,0,715,0.7319,0
45483.95,4,13300.0,2,575,0.3751,0
57565.97,8,6600.0,2,698,0.3377,0
34249.88,5,26400.0,2,746,0.4008,1
142236.79,4,75700.0,3,713,0.2612,0
78535.48,4,23100.0,5,648,0.1572,0
160654.23,7,38900.0,2,679,0.4659,0
54827.98,3,12500.0,1,686,0.0847,0
44274.56,1,10100.0,3,780,0.4486,0
157491.79,7,68300.0,5,803,0.3914,0
43567.52,1,15900.0,2,723,0.1429,0
54281.53,1,17600.0,1,679,0.1599,0
88967.47,5,17100.0,0,673,0.4945,1
30310.54,0,13000.0,4,680,0.3569,0
88540.21,4,26800.0,3,690,0.1372,0
82523.71,4,11200.0,2,636,0.1737,0
120346.33,5,14400.0,1,823,0.3062,0
97687.07,5,18800.0,1,616,0.4372,0
122392.47,1,12600.0,3,772,0.2711,0
56346.08,7,10500.0,1,510,0.4927,1
37254.62,4,11100.0,2,654,0.4528,0
191088.51,3,59800.0,2,650,0.4433,1
25856.5,1,8200.0,1,692,0.2078,0
27321.19,8,11900.0,1,648,0.2989,0
81700.91,7,35400.0,3,779,0.1395,0
146347.96,2,67300.0,2,657,0.5893,1
66453.18,5,23800.0,4,598,0.3014,0
103737.3,6,10100.0,1,603,0.4792,0
19976.43,3,3100.0,5,640,0.2238,0
45490.11,7,10500.0,2,729,0.482,0
21361.14,8,4400.0,4,743,0.261,0
91970.76,1,29900.0,3,585,0.3123,0
25566.11,6,15000.0,0,615,0.2256,0
29649.47,2,7200.0,2,595,0.4661,0
79436.55,2,10700.0,3,654,0.4519,0
107366.49,0,35100.0,3,747,0.3147,0
54861.52,4,7900.0,3,688,0.2689,0
81927.9,3,47000.0,3,716,0.4137,0
80481.57,2,10100.0,1,731,0.4247,0
53184.12,6,22200.0,1,631,0.3717,0
32791.09,21,19600.0,2,579,0.396,0
81690.28,5,32900.0,1,631,0.5311,1
83885.05,3,14600.0,2,737,0.6254,0
97901.13,7,54700.0,3,720,0.1347,0
71085.35,1,16900.0,5,681,0.1996,0
31486.84,2,15900.0,2,746,0.5455,0
87525.64,4,30300.0,3,686,0.3307,0
59828.68,4,9800.0,1,650,0.2776,0
45912.58,7,17900.0,4,557,0.3211,1
50916.91,10,14200.0,2,770,0.1165,0
40960.3,7,15800.0,5,668,0.2393,0
97622.58,10,41700.0,5,641,0.2588,0
27447.68,10,5300.0,1,667,0.2343,0
34668.36,5,4500.0,4,787,0.22,0
49969.84,3,28800.0,2,749,0.2981,0
145446.41,6,79900.0,2,648,0.4437,1
106921.94,1,29000.0,1,710,0.3602,0
24283.14,7,13100.0,1,767,0.3255,0
125899.71,6,52700.0,1,701,0.4825,0
125766.35,1,50700.0,1,684,0.2511,1
31391.59,9,16000.0,0,518,0.1987,1
18000.0,8,9200.0,1,768,0.2447,0
57542.44,6,35100.0,5,598,0.2914,0
111005.32,3,56800.0,3,535,0.4377,0
143658.48,10,31600.0,2,540,0.2093,0
37087.86,1,19000.0,2,611,0.1933,0
156935.24,4,30800.0,3,711,0.3757,0
18000.0,6,9400.0,0,762,0.3614,0
48901.93,8,5000.0,3,701,0.6161,0
47597.43,8,23200.0,2,805,0.1722,0
112846.68,1,58400.0,1,645,0.4101,1
122279.7,5,34200.0,0,658,0.242,0
101196.86,4,25400.0,0,535,0.5163,1
28486.84,1,1000.0,3,632,0.5024,0
96224.61,1,48800.0,4,522,0.6847,1
79219.13,0,6500.0,2,574,0.4388,0
23880.59,1,13200.0,1,722,0.5067,1
19209.16,1,7200.0,2,548,0.4058,1
105968.18,3,57000.0,1,556,0.2929,1
54227.61,4,31100.0,2,543,0.4283,1
29529.64,5,15800.0,2,733,0.1804,0
53396.76,2,11700.0,3,798,0.1178,0
73146.72,9,42300.0,3,669,0.3858,0
57207.02,7,9900.0,1,746,0.47,0
25499.33,5,5400.0,1,588,0.5222,0
168899.02,11,40300.0,4,767,0.3723,0
104018.07,5,53900.0,3,621,0.3613,1
49788.65,1,21800.0,1,725,0.4704,0
50904.06,6,11000.0,1,673,0.2915,0
72963.75,4,29500.0,2,531,0.4016,1
32167.38,3,11400.0,2,609,0.1036,0
71501.38,3,4900.0,1,688,0.12,0
28799.04,5,11500.0,0,536,0.3463,0
57595.87,5,29800.0,3,697,0.2907,0
31485.6,12,5100.0,3,569,0.2758,0
32372.15,4,10100.0,2,716,0.298,0
148026.63,5,30000.0,0,573,0.6158,1
61856.61,4,33500.0,2,708,0.5038,0
67109.01,4,34200.0,1,736,0.611,0
19806.02,1,10200.0,2,662,0.6994,1
43115.98,2,13800.0,2,669,0.2465,0
77162.33,5,22400.0,0,786,0.2879,0
66620.99,1,12100.0,1,616,0.252,0
18311.48,3,4200.0,1,635,0.2155,0
67099.1,9,10600.0,8,723,0.4214,0
73248.08,3,27600.0,1,707,0.5254,0
121305.7,11,27600.0,4,657,0.2627,0
41757.02,3,18500.0,1,584,0.2863,1
18000.0,8,8000.0,1,748,0.3554,0
34605.78,4,12300.0,3,582,0.2992,1
32748.56,1,16600.0,3,846,0.2569,0
89786.5,12,36300.0,1,585,0.2033,0
18000.0,1,9300.0,4,592,0.2108,0
46789.03,3,17900.0,3,701,0.1969,0
131161.87,13,17000.0,0,716,0.1713,0
60112.13,5,38200.0,0,602,0.4897,1
98024.65,2,43500.0,1,802,0.5094,0
24270.35,4,5000.0,1,700,0.5041,0
24807.61,6,4900.0,1,656,0.2376,0
131990.25,3,77000.0,0,704,0.4038,0
63301.76,10,21300.0,2,766,0.5911,0
63373.49,2,6800.0,3,796,0.5638,0
32370.93,0,17600.0,1,689,0.1733,0
63286.67,7,32000.0,3,579,0.1773,0
31880.01,3,5700.0,1,581,0.4684,1
115010.5,8,66000.0,2,569,0.5204,0
268419.65,3,44000.0,4,627,0.4378,1
78132.98,5,42300.0,3,678,0.3812,0
42225.5,3,27600.0,4,691,0.3951,0
18000.0,3,7300.0,3,760,0.559,0
23707.45,1,1800.0,3,519,0.1097,0
140811.02,1,46300.0,1,674,0.3783,1
33994.18,5,10500.0,4,710,0.3242,0
48827.1,7,10400.0,1,464,0.5489,1
85856.22,5,47400.0,2,709,0.3261,0
135301.3,2,29100.0,3,850,0.4493,0
53649.49,6,8200.0,1,733,0.3081,0
47926.95,2,15600.0,3,698,0.1906,0
62279.75,5,14300.0,1,654,0.3092,0
42395.57,2,24300.0,0,692,0.2091,0
43669.25,3,22400.0,2,790,0.6352,0
75096.86,2,27400.0,4,649,0.3536,1
66297.69,6,10200.0,6,765,0.2334,0
193374.29,3,113000.0,4,710,0.2585,0
76219.06,6,36100.0,4,797,0.1884,0
112772.75,0,62900.0,4,757,0.2312,0
33216.21,7,13600.0,1,689,0.5124,0
79924.4,2,33300.0,2,684,0.2135,0
40229.68,10,17400.0,4,652,0.7025,1
74421.44,3,37800.0,2,748,0.1166,0
87437.81,9,36000.0,2,631,0.6333,1
61539.09,0,16500.0,1,684,0.2429,0
225039.03,8,50600.0,0,660,0.2291,0
131319.54,2,38400.0,0,574,0.5026,0
114403.27,8,37700.0,2,692,0.2383,0
91158.72,4,36000.0,3,561,0.2884,0
157920.73,3,75800.0,1,641,0.2219,0
27164.52,9,1400.0,4,725,0.4706,0
127217.78,2,49700.0,1,688,0.2213,0
34711.13,11,17900.0,3,686,0.3054,0
43897.54,3,16800.0,4,610,0.1432,0
81533.22,4,47300.0,3,754,0.2406,0
117980.08,4,39300.0,2,609,0.1296,0
31746.34,1,14200.0,2,728,0.3349,0
45166.02,5,9400.0,2,772,0.4498,0
63173.65,2,27600.0,3,560,0.2871,1
54041.02,2,8200.0,1,645,0.5601,1
95771.23,2,35500.0,1,638,0.3267,0
396233.99,3,56200.0,3,695,0.2155,0
75404.81,9,32700.0,1,604,0.3463,1
39960.31,2,5300.0,3,588,0.2084,0
29346.26,5,8100.0,3,671,0.2653,0
50066.65,9,24200.0,4,633,0.3265,0
35698.45,3,8700.0,1,664,0.3223,0
77431.77,4,38700.0,1,742,0.1662,0
76773.28,10,13700.0,2,554,0.1313,0
46409.41,6,17100.0,1,666,0.4662,0
178389.61,5,94400.0,2,631,0.31,0
39954.8,4,6900.0,2,677,0.3318,0
56067.57,10,16300.0,1,631,0.087,0
85096.35,3,36300.0,1,586,0.1634,0
97795.14,3,19300.0,4,704,0.4242,0
120893.72,3,43400.0,0,850,0.4002,0
75786.32,6,7000.0,7,667,0.3301,0
106724.07,5,17200.0,2,621,0.2376,0
41530.8,2,7400.0,3,620,0.1922,0
99205.14,6,53200.0,2,745,0.2814,0
98479.24,6,19300.0,5,609,0.146,0
137597.45,2,31100.0,3,772,0.1326,0
23917.37,5,2600.0,1,552,0.1715,0
36353.63,7,12400.0,1,689,0.4828,0
94157.81,3,22100.0,4,725,0.7176,0
18000.0,1,18000.0,3,732,0.3903,0
78480.34,4,18300.0,2,727,0.4476,0
107247.28,3,59400.0,0,695,0.3817,0
43607.9,0,21800.0,1,762,0.4317,0
47258.86,3,5900.0,2,601,0.1641,0
33164.14,1,3300.0,4,627,0.3708,0
44942.95,9,12100.0,3,645,0.248,0
45665.0,9,17600.0,4,786,0.3452,0
41127.71,5,8800.0,2,710,0.1949,0
39905.8,3,12500.0,4,726,0.3043,0
51583.0,3,9400.0,1,662,0.1687,0
51240.86,7,2800.0,2,736,0.3588,0
167841.03,3,79400.0,4,559,0.2978,0
48204.04,4,6600.0,2,644,0.2188,0
72350.86,5,24400.0,4,659,0.2532,0
43595.72,10,22800.0,3,639,0.2433,0
43291.96,1,6700.0,3,651,0.4296,0
23449.31,2,14200.0,1,716,0.378,0
25228.98,1,9100.0,2,693,0.2061,1
30827.15,5,7900.0,5,765,0.2432,0
66239.57,1,24500.0,1,519,0.371,1
108217.19,2,54800.0,0,787,0.3222,0
22411.61,4,8300.0,3,626,0.1781,0
44267.58,6,8700.0,2,774,0.2,0
28231.96,4,7100.0,0,644,0.509,1
51774.22,2,23600.0,3,703,0.3925,0
108193.14,3,22000.0,0,594,0.4753,1
46826.97,3,25400.0,5,584,0.3865,0
58329.64,7,14600.0,1,719,0.3053,0
133302.41,2,62700.0,3,475,0.7213,1
77021.93,7,31500.0,0,584,0.4521,0
39416.88,3,15900.0,1,733,0.4812,0
65342.86,8,17300.0,3,644,0.3973,0
37981.26,4,8300.0,1,609,0.3644,0
75452.99,2,22500.0,3,789,0.3646,0
79494.02,8,29100.0,4,816,0.2864,0
28227.79,13,1900.0,2,675,0.3613,0
65928.9,4,7200.0,2,771,0.1321,0
56124.89,7,26500.0,2,789,0.3267,0
80787.1,4,8500.0,4,674,0.2947,0
94583.74,2,33900.0,2,637,0.3699,1
77854.52,8,16400.0,3,682,0.2544,0
50677.82,1,10600.0,3,566,0.3684,1
100040.61,1,30200.0,5,718,0.3949,0
37042.29,8,6200.0,0,650,0.7039,0
28961.22,3,2800.0,0,679,0.4482,0
18000.0,1,10700.0,0,678,0.5008,1
57608.33,11,24000.0,2,611,0.5113,1
38106.85,6,13400.0,3,672,0.293,0
74515.69,4,16400.0,3,573,0.3686,1
20248.28,5,7000.0,4,639,0.2658,0
41942.37,4,7400.0,0,592,0.4568,1
77547.7,6,13500.0,3,609,0.2193,0
33982.13,3,5300.0,2,506,0.4874,1
74988.59,6,9400.0,2,643,0.4028,0
44074.54,4,24000.0,0,711,0.2309,0
58803.43,0,18900.0,3,688,0.6001,1
83061.53,2,41000.0,4,756,0.4607,1
101117.49,6,26900.0,1,604,0.281,0
62998.79,1,13000.0,2,639,0.3452,0
38265.13,4,6600.0,2,744,0.4391,0
46540.52,3,18800.0,2,669,0.3078,0
84993.11,11,48500.0,2,689,0.4832,0
34142.92,7,14400.0,1,834,0.6962,0
54288.27,1,29000.0,3,656,0.3057,0
48424.63,6,7600.0,5,639,0.0926,0
56565.3,3,3900.0,4,601,0.2689,1
34368.46,4,17300.0,3,653,0.3296,0
21621.22,3,13800.0,3,752,0.2312,0
79730.58,11,28600.0,5,718,0.3915,0
101749.81,10,40500.0,3,782,0.4069,0
22343.79,2,5000.0,2,702,0.2856,0
73343.52,8,42100.0,2,507,0.4151,1
108635.18,2,61100.0,2,722,0.2453,0
83095.94,2,4000.0,1,683,0.2263,0
47611.59,4,10700.0,1,675,0.5761,0
35634.77,4,18000.0,0,766,0.5204,0
62601.09,2,25900.0,2,654,0.2306,0
68616.05,1,14700.0,2,718,0.1563,0
63113.76,4,4800.0,3,594,0.242,0
54226.55,2,14600.0,6,561,0.4202,1
33009.2,3,15700.0,4,630,0.4283,0
75544.61,8,30200.0,2,651,0.279,0
77572.63,3,6000.0,2,716,0.6292,0
66866.42,1,9100.0,4,593,0.4357,0
63643.12,8,25900.0,4,788,0.5334,0
150781.53,5,18900.0,1,603,0.2042,0
42471.63,7,23200.0,4,668,0.4385,1
121150.55,4,27400.0,0,676,0.4234,0
39986.07,4,11000.0,2,697,0.2825,0
110185.75,14,31600.0,1,709,0.2923,0
117989.65,5,26000.0,3,845,0.284,0
50961.3,8,11300.0,2,630,0.088,0
149272.64,21,79300.0,6,698,0.4297,0
77495.08,14,28900.0,5,669,0.213,0
36956.62,1,8100.0,1,749,0.3494,0
48737.98,2,23700.0,1,709,0.2399,0
111638.28,1,17400.0,2,691,0.417,0
99477.38,4,39300.0,7,563,0.1917,0
33459.06,16,12200.0,0,641,0.3856,0
55459.51,0,26400.0,5,602,0.3911,1
66965.82,2,10200.0,3,641,0.2256,0
45288.91,4,11900.0,0,613,0.3144,0
218991.86,1,73400.0,1,636,0.2148,0
68085.19,3,9000.0,1,644,0.3932,0
57872.83,3,12100.0,2,645,0.4248,0
115262.58,1,60100.0,2,653,0.564,1
48978.3,7,10800.0,3,605,0.2871,0
104201.85,3,45100.0,1,678,0.1781,0
23926.63,1,14500.0,2,607,0.1974,0
46652.9,4,6200.0,1,630,0.4223,0
106615.98,7,45400.0,2,671,0.479,0
142003.75,4,73700.0,7,481,0.4611,1
39131.67,2,18200.0,0,850,0.1222,0
36702.42,4,12100.0,2,714,0.1377,0
81805.15,13,29900.0,1,699,0.4368,0
42503.06,2,11300.0,3,636,0.3036,0
51651.89,2,18400.0,1,682,0.4688,0
96956.99,3,57000.0,0,584,0.2521,0
44388.86,2,26000.0,2,712,0.4608,0
20312.99,2,7800.0,0,549,0.4784,1
29272.49,1,12700.0,3,580,0.4858,1
60202.89,8,20700.0,3,622,0.3243,0
21485.15,6,15200.0,3,788,0.683,0
50846.26,3,14200.0,5,592,0.2146,0
27843.28,2,5800.0,1,700,0.3318,0
147556.5,5,61200.0,1,520,0.3692,1
196974.28,4,42500.0,1,677,0.6286,0
33456.17,4,11700.0,4,805,0.4607,0
68955.54,9,37800.0,3,713,0.2997,0
35304.93,5,9000.0,3,520,0.351,0
50507.46,27,6400.0,3,678,0.3038,0
161443.11,2,29700.0,2,640,0.3252,0
46319.64,13,16600.0,1,767,0.1196,0
51158.27,5,5900.0,1,667,0.0898,0
35653.72,1,12700.0,2,567,0.5354,1
112465.77,2,35400.0,1,665,0.5913,0
18000.0,6,1000.0,1,623,0.204,0
46932.3,1,22500.0,2,513,0.1842,0
58381.99,4,2400.0,1,662,0.2617,0
41622.97,17,12900.0,3,675,0.2548,0
96273.66,0,10400.0,1,704,0.4976,0
115973.27,3,30400.0,7,751,0.6033,0
27539.55,2,7100.0,0,654,0.4055,0
189362.35,14,46300.0,3,562,0.3012,0
27370.13,3,9200.0,0,612,0.2752,0
121630.97,2,57300.0,5,674,0.6102,0
65017.08,1,31800.0,1,766,0.2939,0
45386.25,1,28800.0,2,675,0.4102,0
47803.22,13,20400.0,1,665,0.4855,1
58780.65,0,13000.0,3,657,0.6502,0
67146.35,5,24600.0,2,674,0.2639,0
36095.2,10,15400.0,5,818,0.1813,0
52645.34,3,7500.0,1,669,0.2137,0
39188.16,1,12400.0,1,655,0.272,0
30690.94,5,11200.0,2,678,0.4843,1
38195.71,2,16500.0,1,624,0.6973,1
31809.3,2,11600.0,3,558,0.4999,1
47520.42,2,22800.0,1,544,0.5845,1
75952.33,2,35000.0,2,620,0.1118,0
63984.15,7,25000.0,2,764,0.2144,0
177351.63,3,50500.0,0,763,0.3737,0
18000.0,6,14000.0,4,591,0.4767,1
77508.08,6,12200.0,2,663,0.3144,0
60085.94,4,10200.0,2,685,0.4879,0
93771.73,10,46300.0,2,621,0.5684,0
88792.36,1,42100.0,4,773,0.287,0
54680.07,3,36100.0,0,732,0.311,0
65838.38,0,35500.0,3,702,0.3332,0
39765.78,4,16900.0,2,680,0.3884,0
83912.01,7,46100.0,2,558,0.4189,1
21303.32,1,12200.0,3,777,0.3204,0
91789.62,2,42000.0,3,719,0.3719,1
59115.86,2,21500.0,2,706,0.2918,0
45803.5,0,6100.0,2,620,0.3046,0
52686.09,1,8400.0,4,626,0.3697,1
54854.64,6,11000.0,3,712,0.5796,0
122212.56,4,12600.0,3,758,0.1528,0
354485.07,5,150000.0,1,804,0.3068,0
117117.03,7,57600.0,2,620,0.2508,0
43873.72,12,16600.0,3,663,0.3291,0
84658.43,1,29200.0,3,518,0.282,1
86710.57,5,25600.0,2,490,0.336,0
35995.95,2,20800.0,1,714,0.3316,0
29928.32,1,14000.0,3,611,0.405,1
57826.1,3,14000.0,1,527,0.3535,1
93361.95,6,11000.0,4,588,0.414,1
24674.0,4,13400.0,0,701,0.1663,0
40275.8,3,8500.0,1,704,0.31,0
82039.69,6,12600.0,0,552,0.2704,0
61264.02,6,20000.0,0,768,0.5298,0
130476.77,2,35400.0,3,623,0.4388,1
27549.73,5,1000.0,1,696,0.4126,0
218314.23,4,47100.0,1,678,0.3106,0
25696.35,2,7300.0,6,674,0.3437,1
19613.24,6,10300.0,3,605,0.2419,0
57965.19,6,14400.0,3,673,0.0944,0
32081.91,1,7500.0,3,695,0.4518,0
58611.39,5,23600.0,0,660,0.4153,0
57494.82,8,24800.0,1,683,0.2965,0
53762.11,1,7800.0,2,758,0.1699,0
37672.06,4,4200.0,1,640,0.209,0
75959.9,1,17400.0,1,724,0.5539,1
50285.13,1,11100.0,2,659,0.2127,0
109865.89,1,37600.0,1,782,0.1841,0
54219.47,8,35200.0,1,570,0.3947,0
35222.63,8,4300.0,1,773,0.1512,0
23665.16,8,5700.0,1,635,0.1525,0
54466.43,3,14500.0,3,833,0.4017,0
29790.28,7,8700.0,3,708,0.376,0
28496.06,1,14800.0,2,739,0.143,0
80025.57,1,45100.0,4,663,0.3319,1
22522.76,3,14100.0,4,726,0.6462,0
130184.29,7,65600.0,1,726,0.0912,0
65371.65,4,6500.0,3,664,0.3073,0
58447.64,2,23700.0,2,732,0.2606,0
33890.12,2,12700.0,1,423,0.1608,0
91163.03,8,33800.0,3,627,0.4811,0
59778.56,6,18700.0,2,677,0.3488,0
41054.14,9,19600.0,5,713,0.4894,0
66829.75,8,34400.0,1,748,0.4877,0
23729.35,0,2500.0,1,656,0.3316,1
24356.89,8,7900.0,2,646,0.3373,0
32334.75,6,9100.0,3,740,0.2638,0
72565.15,2,31800.0,0,761,0.5116,0
59766.94,3,29400.0,3,730,0.1253,0
106610.64,3,28600.0,6,664,0.4237,0
36098.46,12,9800.0,4,850,0.309,0
82130.71,4,18600.0,1,681,0.5926,0
56239.31,6,18300.0,3,691,0.3113,0
35643.61,8,9800.0,2,797,0.2141,0
74007.32,3,23600.0,3,790,0.1768,0
57739.31,8,9900.0,1,728,0.2716,0
42361.04,4,14900.0,1,607,0.1264,0
61273.3,17,12600.0,3,683,0.3548,0
55757.0,2,34100.0,0,714,0.3716,0
55021.07,3,20200.0,1,821,0.1034,0
47718.47,8,31700.0,2,850,0.5182,0
29210.35,2,18100.0,1,630,0.3822,1
62387.55,7,29700.0,2,739,0.333,0
38503.6,3,21300.0,2,614,0.455,1
34160.29,1,3000.0,2,666,0.4362,0
52449.97,1,12900.0,1,610,0.3102,0
89654.13,4,25000.0,2,800,0.3114,0
66309.43,5,11200.0,4,693,0.4147,0
44706.39,1,14900.0,0,697,0.1082,0
43728.69,6,12200.0,6,679,0.2542,0
84939.74,1,29300.0,1,703,0.3722,0
18000.0,3,4300.0,3,706,0.36,0
92832.38,3,22100.0,2,624,0.3331,1
21360.34,3,13500.0,2,548,0.4263,1
27488.57,4,6000.0,0,575,0.4891,1
45123.29,3,13300.0,1,554,0.3274,0
197514.7,3,66100.0,2,690,0.3486,0
150629.83,3,61600.0,1,614,0.483,0
88306.44,2,19200.0,0,749,0.4811,0
72845.67,6,40600.0,4,693,0.1525,0
21498.7,3,4800.0,1,537,0.1659,0
65265.38,2,28400.0,4,644,0.2108,0
44264.05,5,18200.0,2,516,0.1843,1
38209.21,5,20500.0,6,589,0.2471,0
65195.24,1,8800.0,2,638,0.4468,1
46207.13,9,14600.0,3,604,0.2993,0
96578.82,3,52700.0,1,816,0.2071,0
20644.93,3,9400.0,3,731,0.4187,0
62395.99,4,6400.0,1,650,0.2551,0
36919.55,5,15300.0,3,782,0.1084,0
47796.15,4,24200.0,5,602,0.1916,0
70795.06,2,41100.0,1,650,0.3335,0
32385.97,0,19900.0,1,739,0.6054,0
65534.22,9,29000.0,2,591,0.6196,1
53274.55,2,12500.0,1,726,0.3525,0
41634.2,5,11300.0,2,697,0.4526,0
46220.8,4,25400.0,1,719,0.383,1
54994.94,0,15100.0,2,810,0.5083,0
39249.34,2,17900.0,3,709,0.1236,0
60108.22,11,7400.0,2,684,0.3926,0
51379.93,1,18700.0,4,563,0.225,1
42778.66,3,13500.0,4,691,0.1869,0
143546.35,5,72100.0,4,639,0.2894,0
75235.76,2,18300.0,2,666,0.2335,0
48509.18,4,20200.0,1,639,0.2747,0
64875.36,5,28000.0,0,712,0.3915,0
34038.55,5,4500.0,2,601,0.2357,0
47088.1,4,11100.0,0,691,0.455,0
50209.39,3,24700.0,3,597,0.6898,1
30159.74,2,11500.0,5,540,0.6296,1
74090.66,5,36300.0,3,649,0.3691,1
45338.55,4,11800.0,1,710,0.3596,0
49241.56,11,10000.0,1,617,0.4741,0
43791.9,6,13900.0,2,685,0.449,0
304827.04,2,146300.0,3,648,0.2242,0
41587.78,4,18200.0,0,597,0.1945,0
19191.59,1,2800.0,3,717,0.2251,0
24835.7,0,13200.0,2,626,0.372,1
90909.2,2,51700.0,5,703,0.3594,0
124872.56,1,35100.0,2,565,0.3607,1
41151.33,6,15400.0,2,685,0.3435,1
120985.06,11,9400.0,3,722,0.1175,0
90027.86,8,52800.0,1,701,0.5583,1
53948.54,3,11100.0,1,742,0.287,0
51883.42,6,12000.0,2,723,0.4818,0
66136.67,2,14000.0,0,697,0.3425,0
97013.04,8,43300.0,1,738,0.5165,0
74496.84,5,40200.0,4,647,0.5209,0
41264.4,4,20800.0,2,714,0.3619,0
54403.63,3,33400.0,2,677,0.2326,0
178027.78,5,102500.0,0,814,0.5579,0
68745.57,3,35500.0,1,696,0.5828,0
96580.2,7,29400.0,6,579,0.3773,0
80574.44,3,9100.0,3,694,0.178,0
69587.95,3,33900.0,1,604,0.2771,1
63562.85,3,14000.0,4,730,0.2686,0
98082.56,3,50700.0,3,731,0.3061,0
88898.74,2,41400.0,0,629,0.3423,1
69226.67,2,21800.0,2,597,0.2971,1
40881.41,4,12800.0,3,685,0.1751,0
74017.54,3,20200.0,1,607,0.4762,1
57707.69,10,25200.0,1,612,0.085,0
50536.91,5,17100.0,3,637,0.2267,0
261274.48,9,150000.0,3,722,0.3753,0
25681.39,1,14900.0,2,564,0.5727,1
101435.87,7,58700.0,1,618,0.6035,1
37254.61,5,10000.0,3,850,0.2662,0
64354.2,3,39800.0,3,822,0.2884,0
245910.55,2,109800.0,1,766,0.4827,0
35266.79,6,4000.0,4,678,0.4524,0
40209.96,5,22400.0,5,731,0.12,0
59300.17,6,11600.0,1,646,0.3471,0
37572.61,2,18000.0,2,472,0.3729,1
97365.87,7,17100.0,0,632,0.167,0
44623.18,5,9700.0,0,639,0.3428,1
85794.08,3,8700.0,2,677,0.385,0
28823.49,9,1200.0,1,711,0.3107,0
22164.4,4,4800.0,0,799,0.2867,0
52789.01,1,31900.0,2,677,0.3331,0
25268.67,3,7200.0,3,600,0.2381,0
138005.37,7,57900.0,4,660,0.5714,0
25812.34,3,5600.0,2,723,0.2408,0
33835.72,4,15200.0,4,667,0.4861,0
75168.76,7,14900.0,3,615,0.1822,0
43368.98,3,19000.0,1,714,0.32,0
25974.92,6,11300.0,2,589,0.3397,0
183869.27,1,70500.0,2,609,0.3356,0
34513.35,5,2600.0,2,706,0.207,0
53747.81,4,16000.0,2,616,0.3146,0
53366.8,5,13500.0,2,649,0.3981,0
88492.23,5,28800.0,3,676,0.4549,0
77210.74,4,26900.0,2,672,0.1808,0
37996.88,4,14700.0,2,602,0.3694,0
50050.86,4,27000.0,1,700,0.3439,0
52848.93,9,26200.0,2,606,0.2658,0
90393.51,4,5800.0,3,799,0.3615,0
31489.93,13,17700.0,2,645,0.2093,0
181672.48,5,114100.0,4,721,0.1411,0
39436.58,4,21300.0,1,730,0.5206,1
59586.71,1,36300.0,1,648,0.6105,1
31634.57,6,18800.0,2,602,0.3508,0
29319.63,3,19000.0,1,730,0.5652,0
37014.48,7,6400.0,3,568,0.2243,0
35108.98,2,13600.0,2,580,0.2923,0
47674.82,4,6300.0,3,721,0.3463,0
34946.35,3,9100.0,0,660,0.2345,0
87776.92,6,19200.0,4,622,0.2812,0
38923.71,9,7500.0,1,638,0.4206,1
36621.89,4,20800.0,2,615,0.2564,0
48236.3,3,19600.0,1,839,0.2537,0
103369.1,1,59900.0,3,751,0.5468,1
67385.28,3,26500.0,3,613,0.2141,0
56679.66,10,1200.0,2,652,0.382,1
27223.21,4,10100.0,3,720,0.4899,0
31936.68,5,2400.0,1,602,0.146,0
29639.84,1,9500.0,3,633,0.3531,0
122855.99,1,14800.0,1,653,0.3097,0
80162.39,1,7900.0,0,609,0.5025,0
37276.14,8,17400.0,0,757,0.5749,0
43896.75,4,17300.0,4,621,0.367,1
38028.47,2,9400.0,4,666,0.435,0
36782.46,7,22700.0,1,684,0.198,0
77123.67,3,29400.0,2,794,0.2306,0
51116.11,7,11900.0,3,669,0.2546,0
188083.68,4,87300.0,3,835,0.3799,0
119097.52,7,41100.0,2,648,0.5308,1
123033.77,2,29500.0,1,658,0.4073,0
86616.56,5,13700.0,0,745,0.4386,0
47455.02,6,19800.0,1,819,0.314,0
83181.89,1,41600.0,2,655,0.3007,0
49421.56,4,28400.0,5,768,0.4012,0
146774.38,1,90800.0,1,739,0.1479,0
74783.58,1,11400.0,1,618,0.4748,0
69168.32,3,49000.0,0,674,0.4512,1
64208.44,5,27300.0,2,672,0.5104,1
155927.52,2,54100.0,0,598,0.2451,1
27212.65,3,4900.0,3,687,0.451,0
164564.57,2,24700.0,1,681,0.2109,0
54047.33,7,13700.0,2,703,0.4303,0
27628.91,8,6500.0,0,680,0.1586,0
39588.13,15,22600.0,2,625,0.2165,0
24150.39,8,11800.0,8,850,0.3016,0
85777.43,5,22000.0,3,691,0.6579,1
33824.44,7,19500.0,4,772,0.638,0
65694.29,2,13900.0,3,708,0.294,0
111727.64,3,69000.0,3,788,0.424,0
41373.29,4,17100.0,0,617,0.2725,0
51665.37,1,20000.0,1,668,0.5003,0
29235.77,2,7600.0,1,641,0.4515,1
48358.8,14,24700.0,4,632,0.6379,0
246646.89,3,79600.0,1,695,0.2353,0
91845.51,1,50700.0,1,657,0.269,1
51761.31,3,29900.0,2,568,0.1931,0
42769.12,4,15300.0,6,652,0.354,0
58486.52,5,28800.0,1,646,0.3914,0
64313.7,4,17100.0,1,741,0.3234,0
47548.79,5,13600.0,2,566,0.357,0
80140.17,2,25000.0,4,637,0.296,0
35440.26,9,2800.0,0,619,0.2222,0
35344.1,7,4200.0,0,731,0.2802,0
73394.74,0,45500.0,3,634,0.3338,1
31484.39,2,16600.0,3,753,0.4393,0
89407.47,7,43700.0,3,671,0.239,0
59405.71,5,21800.0,3,712,0.5126,0
21908.94,4,5700.0,4,758,0.6839,0
63590.83,4,34600.0,1,585,0.3481,1
23698.56,8,13400.0,7,656,0.1117,0
87671.23,5,22700.0,4,707,0.342,1
52219.28,5,24300.0,2,690,0.3919,0
165726.86,4,19100.0,2,578,0.0896,0
107928.26,2,33100.0,4,727,0.1731,0
33410.29,7,3200.0,4,679,0.1599,0
19704.32,3,7300.0,4,685,0.0955,0
39525.22,3,20200.0,1,658,0.4706,1
30586.31,3,5400.0,6,436,0.1768,0
163432.6,1,95400.0,3,716,0.1238,0
59535.43,12,7400.0,3,719,0.4661,0
100045.5,7,32200.0,2,643,0.2558,0
51186.6,2,1000.0,2,564,0.2823,0
54240.49,10,21700.0,0,635,0.3224,0
58809.29,2,11000.0,1,750,0.2145,0
110039.72,3,35700.0,3,644,0.5569,1
71068.08,2,37600.0,2,677,0.3932,1
33472.06,9,2600.0,1,650,0.3477,0
146149.12,8,37000.0,0,699,0.2586,0
50967.91,3,7600.0,3,576,0.3891,0
46605.04,4,18200.0,2,660,0.3175,0
18000.0,6,1000.0,0,757,0.6409,0
84873.72,6,14500.0,0,606,0.5929,1
63294.7,4,16000.0,0,654,0.2962,0
63256.88,4,26500.0,2,754,0.3158,0
47975.53,7,22600.0,3,731,0.5059,0
43635.67,1,10900.0,3,709,0.4969,0
48860.8,5,11800.0,0,704,0.6119,0
77245.08,5,30000.0,3,703,0.2022,0
85094.25,9,24000.0,1,658,0.3914,0
52729.62,5,7000.0,5,758,0.3323,0
100903.07,6,32000.0,3,640,0.2209,0
57329.13,2,4400.0,1,600,0.315,0
45373.14,2,27000.0,3,571,0.3483,1
66777.97,5,32000.0,2,629,0.3783,1
28348.73,0,11100.0,3,628,0.3623,0
68049.8,3,39700.0,1,622,0.2601,1
25637.2,1,8700.0,4,587,0.3387,1
34021.58,2,15400.0,2,703,0.2031,0
19726.53,0,9500.0,2,604,0.4422,1
54376.41,1,21600.0,2,716,0.5068,0
145117.43,8,52100.0,3,729,0.5724,0
56140.22,1,27700.0,2,850,0.2835,0
85303.6,2,13000.0,2,641,0.4655,0
218332.11,3,49800.0,1,663,0.134,0
74774.39,6,18800.0,4,619,0.4333,0
39306.04,3,2200.0,2,587,0.2613,0
42397.19,1,12700.0,2,643,0.1296,0
59895.82,0,7200.0,0,617,0.5403,1
42273.17,3,11900.0,2,586,0.3421,0
44048.75,3,5200.0,1,693,0.1733,0
102938.77,7,32300.0,3,595,0.5234,1
105280.76,1,33400.0,0,717,0.3452,0
24202.45,10,4400.0,2,739,0.2242,0
38177.7,1,12000.0,1,610,0.4105,1
46388.07,1,29900.0,1,780,0.2699,0
83241.3,3,35200.0,2,705,0.3845,0
112273.32,7,28600.0,3,670,0.1787,0
264628.53,4,150000.0,2,542,0.4892,1
46345.51,1,8000.0,0,547,0.186,0
47636.25,13,30100.0,3,793,0.2623,0
82761.11,4,52100.0,1,774,0.1029,0
41141.84,5,5600.0,2,795,0.3867,0
55407.54,6,17200.0,2,814,0.4159,0
47654.34,5,15700.0,3,778,0.4469,0
18000.0,3,10200.0,5,693,0.2838,1
64073.0,10,25000.0,0,717,0.1144,0
54160.19,9,13600.0,1,624,0.1694,0
120472.53,12,45800.0,0,693,0.2838,0
60055.22,3,7900.0,4,731,0.3686,0
30028.1,10,8900.0,2,732,0.2683,1
51950.45,1,14000.0,6,666,0.3437,0
18956.54,4,7100.0,2,523,0.4306,1
30760.76,6,19500.0,1,562,0.2584,1
84925.38,1,28100.0,0,711,0.4132,0
52258.76,11,19900.0,0,637,0.3696,0
99446.94,3,25000.0,3,725,0.2662,0
20296.61,9,1500.0,1,584,0.2061,0
52399.18,1,13000.0,0,777,0.3391,0
46095.39,4,13100.0,3,605,0.5603,1
101287.34,2,57200.0,0,786,0.2801,0
86683.56,2,41500.0,1,559,0.3073,0
85241.07,1,11500.0,2,720,0.5877,0
139773.08,1,29800.0,2,605,0.3037,0
48900.95,2,20500.0,0,674,0.4887,0
124778.38,1,59600.0,2,756,0.155,0
33714.61,8,15900.0,4,743,0.2248,0
33041.42,9,10300.0,3,613,0.4463,1
90581.98,1,53800.0,0,629,0.2264,0
26170.62,3,4700.0,2,557,0.2836,0
82044.83,8,11000.0,0,541,0.3169,0
63305.17,6,30600.0,3,612,0.2751,0
107960.32,3,48500.0,4,611,0.1876,0
57948.26,2,9700.0,2,562,0.2243,0
61748.62,1,13600.0,4,660,0.3007,0
79228.85,11,43600.0,9,673,0.4832,1
41586.99,5,20100.0,2,674,0.4082,0
40602.57,4,17900.0,3,615,0.2971,1
77725.31,2,25100.0,1,632,0.3967,0
58917.4,4,6900.0,1,651,0.5065,0
47857.22,8,32300.0,1,736,0.4523,0
57209.13,1,23000.0,3,624,0.3997,1
143919.26,2,26200.0,2,549,0.2075,0
46926.6,1,24700.0,1,651,0.1275,0
46184.02,9,6300.0,2,642,0.2801,0
23409.7,1,15200.0,1,554,0.1393,0
58495.55,5,4500.0,0,645,0.454,0
85929.8,1,19800.0,0,609,0.1811,0
94836.44,4,55500.0,6,669,0.2094,0
63546.02,1,15300.0,2,706,0.2546,0
101286.51,2,17400.0,0,635,0.4632,1
89516.36,10,52000.0,2,713,0.2629,0
110428.4,5,33300.0,4,652,0.3898,0
102884.93,4,23200.0,3,655,0.7184,1
141986.61,5,32200.0,2,652,0.128,0
54538.86,11,25300.0,3,660,0.4982,1
28857.29,4,15400.0,1,572,0.2895,1
86253.45,8,35100.0,3,538,0.2357,0
91977.96,8,9700.0,5,759,0.1167,0
141987.95,7,89600.0,2,691,0.1165,0
121140.91,16,13100.0,0,634,0.258,0
174557.56,6,65900.0,3,755,0.2209,0
84197.43,7,39900.0,2,850,0.1745,0
67903.7,2,7700.0,1,562,0.3406,0
27952.43,4,8800.0,2,672,0.3516,0
70930.31,4,31900.0,2,725,0.2038,0
44184.23,2,5300.0,1,553,0.2096,0
67260.64,2,36500.0,2,561,0.6327,1
61696.49,4,27400.0,0,746,0.4207,0
77610.15,4,21800.0,2,671,0.3511,0
56753.24,11,12600.0,2,623,0.4449,0
100133.65,2,52200.0,1,552,0.5672,1
18000.0,2,7300.0,0,699,0.2565,0
66469.37,1,36300.0,2,570,0.2934,0
116002.77,6,47800.0,3,599,0.1923,0
167464.5,12,32600.0,2,603,0.3389,1
89552.36,3,14700.0,3,650,0.2671,0
151249.44,5,28600.0,3,592,0.5567,1
65703.98,4,25800.0,2,604,0.5481,1
59968.48,6,17100.0,2,746,0.2474,0
80111.81,1,6000.0,3,688,0.1578,0
59769.04,5,8200.0,0,676,0.2509,0
38937.12,3,7000.0,2,708,0.4761,0
45099.11,7,12600.0,2,596,0.5124,1
32477.92,6,6900.0,4,702,0.1349,0
80066.07,5,14200.0,1,707,0.3441,0
60250.46,3,30100.0,2,598,0.198,0
49111.21,2,14900.0,2,720,0.2243,0
43840.97,6,12500.0,5,693,0.2543,0
79045.66,4,9800.0,2,695,0.2718,0
91972.65,4,53300.0,2,800,0.1731,0
32151.59,3,6200.0,2,684,0.1244,0
29489.02,9,16700.0,2,606,0.1693,0
101212.8,10,60000.0,1,685,0.3305,0
28104.27,3,9300.0,1,676,0.2899,0
80912.03,2,35400.0,2,592,0.3544,1
145699.28,3,37700.0,6,523,0.4019,1
145885.76,2,76700.0,2,670,0.3734,0
89843.98,5,36500.0,4,746,0.5045,0
88419.27,4,53900.0,1,746,0.3499,0
206601.91,6,42300.0,1,696,0.197,0
18000.0,3,11200.0,1,793,0.409,1
46379.62,16,17100.0,3,688,0.0965,0
95479.85,1,55000.0,1,660,0.3511,0
49736.39,4,22300.0,3,690,0.6057,0
118406.4,14,16800.0,2,620,0.1917,0
58592.11,6,25100.0,0,580,0.3994,0
64373.62,3,30900.0,3,602,0.135,0
51478.98,5,10800.0,4,639,0.3235,0
44919.13,1,6200.0,2,740,0.2922,0
44315.49,4,14200.0,1,566,0.1288,0
69504.13,1,28500.0,2,602,0.3069,1
39104.36,1,24300.0,1,735,0.4892,0
101140.17,9,16000.0,1,648,0.4008,0
85757.11,2,13700.0,3,660,0.7563,1
109609.47,1,21500.0,4,647,0.6086,1
32179.72,3,9000.0,1,820,0.4868,0
23512.51,6,1000.0,0,717,0.4413,0
59736.46,1,9500.0,2,694,0.2953,0
294884.88,3,91900.0,5,690,0.2123,0
120140.22,6,42700.0,4,706,0.1588,0
44137.04,4,18400.0,2,814,0.204,0
75620.42,9,23300.0,3,647,0.1923,0
89337.16,7,43900.0,1,688,0.4457,0
28208.72,5,10200.0,4,677,0.4828,1
127171.8,6,11300.0,1,743,0.2491,0
54606.97,1,10000.0,2,803,0.2773,0
56961.2,4,33500.0,2,631,0.1246,0
60662.53,13,14300.0,2,709,0.5354,0
112363.8,3,38600.0,4,688,0.4002,0
39523.46,4,17800.0,0,571,0.3979,0
23415.8,2,10400.0,2,748,0.4497,0
71512.35,2,13800.0,2,792,0.4803,0
19457.5,7,7100.0,2,736,0.4756,0
50736.1,13,16000.0,3,628,0.1547,0
115010.75,10,62500.0,0,573,0.2144,0
82330.89,0,11000.0,2,723,0.2057,0
106222.99,4,24700.0,2,594,0.1802,0
84220.47,3,18400.0,1,602,0.1118,0
225411.74,1,128100.0,0,691,0.4586,0
43324.27,7,10900.0,4,730,0.3169,0
74531.15,3,18400.0,4,650,0.2368,0
47053.18,2,21000.0,3,660,0.1516,0
101340.43,5,9200.0,3,667,0.4581,0
57880.38,1,32400.0,1,606,0.3878,1
154101.18,8,34300.0,2,646,0.3614,0
44714.42,9,19000.0,5,554,0.1705,0
129822.0,6,14000.0,1,730,0.3005,0
82969.37,5,22100.0,0,850,0.2458,0
58814.66,3,13400.0,2,680,0.4031,0
80687.85,5,22300.0,0,764,0.4048,0
69126.64,3,9100.0,1,655,0.2717,0
72822.12,1,40800.0,2,574,0.37,1
53434.98,6,9400.0,3,844,0.195,0
40705.82,10,2800.0,2,612,0.6247,0
49797.04,2,25200.0,1,746,0.5724,0
23724.66,7,14600.0,7,691,0.4094,1
95136.84,4,28700.0,4,764,0.3553,0
30353.28,2,12100.0,4,670,0.3022,0
53119.22,0,9400.0,2,588,0.1665,0
85513.09,6,29500.0,2,625,0.4836,1
95003.42,5,38400.0,5,850,0.4782,0
22560.17,1,4400.0,3,699,0.4967,0
56924.64,3,26000.0,6,838,0.4251,0
77100.08,4,3300.0,3,647,0.2923,0
61611.81,5,10800.0,2,729,0.542,0
125397.16,8,33400.0,2,579,0.4274,1
38101.4,3,13500.0,1,677,0.2897,0
19399.98,1,9700.0,1,842,0.2295,0
93496.5,4,15200.0,1,616,0.433,1
44560.48,3,13900.0,3,623,0.3091,0
22760.97,2,1500.0,1,737,0.1658,0
54875.28,7,19800.0,1,684,0.3321,0
117807.46,2,30100.0,1,817,0.5072,0
29887.96,1,10200.0,2,657,0.1874,0
216381.38,3,122200.0,1,680,0.4062,0
37766.02,4,9400.0,0,699,0.2093,0
62809.15,4,9900.0,2,594,0.4137,0
30622.1,8,19800.0,2,578,0.3622,1
61260.2,2,16700.0,1,571,0.2769,0
55627.82,6,18900.0,0,427,0.149,0
26391.0,3,10400.0,2,669,0.2308,0
283283.89,0,80700.0,1,577,0.1615,0
45595.51,8,10800.0,3,635,0.3977,0
45617.45,1,23600.0,2,752,0.3695,0
102024.65,5,42900.0,0,604,0.2712,0
162403.65,1,89100.0,2,727,0.4524,0
111250.56,5,45800.0,4,556,0.2716,0
30925.95,1,12800.0,2,624,0.3437,0
67349.45,1,21000.0,1,806,0.1062,0
21274.09,3,12100.0,3,643,0.3192,0
98315.58,0,25600.0,2,772,0.1922,0
24358.75,3,1000.0,4,850,0.3367,0
38493.29,6,2300.0,3,644,0.458,1
59768.81,13,24600.0,0,625,0.5163,0
76477.63,4,34900.0,3,513,0.2648,1
51869.49,4,11800.0,1,697,0.5039,0
138067.23,8,34900.0,2,703,0.3909,0
89123.81,1,36300.0,2,733,0.4786,0
85357.07,2,40800.0,2,779,0.3949,0
30449.64,6,13500.0,3,598,0.378,0
152459.21,2,54900.0,6,815,0.3681,0
38496.18,3,12500.0,2,654,0.456,0
155694.08,4,52200.0,0,702,0.459,0
182081.07,1,32500.0,5,670,0.1962,0
79376.77,1,44200.0,2,617,0.1483,0
105620.44,2,55500.0,2,585,0.6147,1
18000.0,3,9100.0,3,691,0.1248,1
53784.93,5,14300.0,5,603,0.3159,0
109775.33,4,59200.0,4,658,0.3921,0
99556.5,6,17900.0,5,644,0.5742,1
30612.15,4,8100.0,3,648,0.4859,0
50942.5,7,14600.0,2,540,0.2611,0
18000.0,3,7900.0,3,437,0.4469,1
75142.84,0,26100.0,3,738,0.1551,0
21251.22,2,1700.0,2,759,0.4731,0
111498.1,4,28600.0,1,483,0.273,0
114748.57,6,20000.0,3,706,0.4006,0
46124.44,2,19300.0,6,691,0.4903,1
79753.97,4,3600.0,2,576,0.6885,1
53135.24,3,30400.0,0,742,0.3501,0
68394.63,2,6600.0,3,760,0.2047,0
31856.84,6,4300.0,2,754,0.2507,0
84319.71,5,45200.0,3,806,0.4673,0
24278.54,16,5200.0,0,750,0.3903,0
21884.6,2,7100.0,3,613,0.2668,0
55990.62,9,29700.0,2,676,0.3766,1
53306.64,1,18300.0,1,704,0.2148,0
69547.55,9,31300.0,3,789,0.3759,0
41888.68,4,16200.0,2,656,0.5535,1
168911.54,3,90700.0,2,628,0.452,1
65403.61,5,19200.0,1,551,0.3523,0
68055.92,5,40000.0,2,740,0.249,0
66734.59,8,12800.0,2,691,0.112,0
103943.26,2,20700.0,0,610,0.1813,0
82191.7,1,45200.0,2,733,0.5156,0
76352.03,5,27000.0,5,649,0.2958,0
89750.71,5,20400.0,1,576,0.3981,1
21948.67,8,10600.0,2,775,0.4358,0
22409.36,2,8800.0,2,520,0.1653,0
57421.13,2,15600.0,3,686,0.2312,0
53705.97,5,26000.0,3,667,0.4054,0
82363.32,4,20500.0,0,552,0.5864,1
60536.96,6,6900.0,2,699,0.1304,0
82456.46,2,31300.0,1,623,0.1032,0
30179.63,9,10900.0,0,801,0.554,0
59521.36,5,10800.0,2,750,0.5,0
28635.97,8,13700.0,4,692,0.1776,0
74070.44,3,33100.0,2,488,0.3773,1
21310.25,2,3600.0,2,633,0.5683,0
72516.58,5,17900.0,3,628,0.295,1
26690.16,6,9300.0,1,766,0.4682,0
48487.42,1,26000.0,1,688,0.4993,1
97949.79,12,37300.0,2,699,0.2025,0
67850.29,2,7800.0,5,751,0.2071,0
24218.86,4,7900.0,3,797,0.4859,0
41364.71,6,16700.0,1,784,0.2531,0
26219.06,4,10100.0,2,716,0.4481,0
23573.6,4,2100.0,1,655,0.381,0
63877.01,4,29800.0,1,708,0.2504,0
81484.17,0,49400.0,2,673,0.5746,1
76292.75,4,14700.0,3,734,0.1639,0
83403.43,2,30900.0,0,632,0.5139,1
59483.19,8,26500.0,1,743,0.5844,0
51515.36,7,4400.0,1,678,0.4462,0
33183.63,1,5900.0,4,704,0.4551,0
47002.51,1,12600.0,1,585,0.3439,0
28948.06,13,7200.0,1,654,0.233,0
37615.03,0,3700.0,1,708,0.4624,0
62875.37,2,28100.0,4,661,0.208,0
56117.71,1,15200.0,2,499,0.3613,1
323062.29,8,150000.0,0,582,0.223,0
28561.43,3,8900.0,3,701,0.334,0
55893.07,2,17900.0,2,788,0.2431,1
27363.01,4,5600.0,3,658,0.4952,0
48374.0,12,12900.0,4,638,0.3572,1
49468.86,5,24900.0,1,754,0.3425,0
95290.37,5,31000.0,3,676,0.198,0
46755.32,1,24300.0,2,731,0.3294,0
53893.99,8,19600.0,4,653,0.2212,0
47255.54,2,17100.0,2,645,0.4628,1
27706.48,5,13300.0,1,737,0.522,0
41828.94,2,13100.0,0,725,0.3114,0
48529.87,4,23300.0,2,651,0.3028,1
62355.32,4,23300.0,3,591,0.2211,0
81423.65,18,11800.0,2,550,0.3615,1
52626.33,3,22500.0,3,560,0.1604,0
52119.95,5,23100.0,2,628,0.4343,1
23238.2,3,3900.0,1,699,0.2976,0
80567.77,1,30400.0,1,550,0.5205,1
40833.42,5,17600.0,2,555,0.6809,1
90302.26,7,10200.0,1,703,0.1981,0
123505.62,1,23900.0,1,793,0.3486,0
53995.0,3,8400.0,5,757,0.1634,0
34104.3,4,12400.0,3,537,0.6028,1
59326.76,6,11300.0,2,704,0.1352,0
72532.22,7,23000.0,1,747,0.2613,0
50335.41,1,22500.0,0,638,0.5385,1
43904.8,12,2400.0,1,657,0.4329,0
81629.23,5,41200.0,0,700,0.2129,0
78721.22,4,18800.0,1,712,0.5722,0
49490.73,6,16700.0,1,703,0.1835,0
24107.15,9,14700.0,0,729,0.3227,0
76957.45,3,38700.0,2,691,0.5488,1
39260.34,3,13000.0,3,628,0.2511,0
67365.45,1,15900.0,5,642,0.2779,0
65064.64,3,28400.0,5,617,0.2493,0
21185.64,6,10500.0,5,640,0.2861,1
62604.66,3,9000.0,4,717,0.3148,0
79458.72,3,36900.0,0,617,0.2219,0
85002.32,11,7800.0,0,755,0.3212,0
63866.56,5,16500.0,2,601,0.1962,0
20182.03,5,7300.0,1,690,0.5082,0
120860.78,6,57800.0,2,738,0.1425,0
75061.46,7,16300.0,0,709,0.3529,0
30889.59,4,11300.0,0,536,0.2593,0
38821.53,2,11600.0,1,685,0.3234,1
67993.9,5,35300.0,2,620,0.455,0
87018.96,8,23400.0,4,576,0.4147,0
45780.82,5,16700.0,1,692,0.6294,0
94281.38,6,31500.0,1,581,0.1102,0
22336.52,3,7400.0,3,693,0.1181,0
33747.02,2,1000.0,1,784,0.2876,0
19237.17,4,9600.0,4,698,0.4487,0
36549.66,2,12700.0,2,658,0.2236,0
137233.96,9,46300.0,1,663,0.3295,0
185682.08,5,31600.0,1,744,0.5328,0
68119.91,3,37000.0,2,652,0.4977,1
42144.69,1,11800.0,3,640,0.196,0
53002.7,8,11500.0,3,605,0.2069,0
77678.74,2,15300.0,5,608,0.2644,0
25345.6,4,8000.0,3,742,0.2183,0
43700.96,5,2900.0,0,639,0.2585,0
131819.81,2,44600.0,4,717,0.4941,0
33686.74,3,8300.0,3,723,0.5223,0
39657.54,9,7100.0,0,603,0.5056,0
60310.2,1,15200.0,0,615,0.2075,1
69963.45,8,30000.0,4,718,0.3604,0
42457.03,4,18700.0,2,686,0.2378,0
62463.05,2,30500.0,3,662,0.2989,0
83647.49,1,17100.0,2,710,0.3883,0
176098.45,3,64100.0,3,751,0.1952,0
55857.86,2,24000.0,1,672,0.1921,0
58529.52,3,9600.0,1,632,0.3922,1
138704.19,6,78300.0,1,684,0.1988,0
44265.41,1,8800.0,2,615,0.1794,0
28900.26,4,14900.0,2,686,0.267,0
68709.1,11,32500.0,0,675,0.2164,0
108217.27,3,33400.0,1,614,0.5203,1
73026.37,5,32300.0,0,645,0.3111,0
56763.08,0,28100.0,2,651,0.2987,0
26994.37,1,14200.0,3,730,0.2313,0
57982.52,2,30300.0,7,609,0.5252,1
117975.85,9,63900.0,0,614,0.2161,1
30370.76,2,8000.0,5,647,0.2688,0
52333.35,5,2900.0,5,717,0.5504,0
48382.01,2,4900.0,3,730,0.174,0
40792.87,1,21500.0,2,695,0.2235,0
68621.26,3,32900.0,3,729,0.1155,0
76406.11,6,37700.0,1,762,0.365,0
75967.04,8,26300.0,3,687,0.3367,0
34987.8,4,13000.0,0,615,0.2971,0
24214.55,5,12300.0,2,669,0.3917,0
69169.39,4,18300.0,3,573,0.3374,0
45330.91,4,17400.0,4,705,0.1018,1
164566.79,2,30700.0,0,638,0.2713,0
168801.77,2,63800.0,2,683,0.2116,0
178953.16,1,34400.0,4,669,0.1306,0
35701.18,3,7700.0,2,646,0.0684,0
81891.71,7,12600.0,2,692,0.5834,0
96666.66,10,11000.0,2,666,0.125,0
90861.79,7,20700.0,1,628,0.4679,0
49270.52,5,12200.0,6,593,0.43,1
120999.38,4,50600.0,0,702,0.2281,0
59889.79,7,24400.0,4,585,0.2171,0
64244.95,21,4600.0,6,810,0.3734,0
25698.6,5,12400.0,3,772,0.4288,0
85358.96,6,27000.0,0,556,0.216,0
51884.41,5,28900.0,0,722,0.6216,0
77313.85,12,45800.0,1,760,0.2903,0
68139.51,3,19600.0,2,631,0.1779,0
66139.08,2,28400.0,1,701,0.2481,0
58387.53,6,23700.0,2,666,0.4667,0
92284.35,2,47800.0,2,726,0.459,0
53669.98,5,14000.0,2,642,0.623,0
26893.54,4,12900.0,4,751,0.2648,0
81873.09,5,11700.0,1,664,0.4648,1
38370.61,4,22000.0,3,651,0.202,0
28901.71,1,10900.0,2,724,0.2129,0
34124.34,6,16200.0,2,743,0.3558,0
69970.77,5,36200.0,1,500,0.6071,1
56778.59,8,23800.0,4,457,0.274,1
18527.74,2,1000.0,4,701,0.2995,0
48484.01,0,7800.0,0,625,0.3299,1
113900.12,6,59900.0,1,576,0.2023,0
46713.45,6,18000.0,3,647,0.2436,0
54665.49,6,24400.0,3,850,0.2636,0
106260.12,0,34200.0,3,575,0.5131,0
92736.66,13,43400.0,1,741,0.4242,0
105025.99,0,14800.0,2,618,0.3536,1
18000.0,0,4400.0,4,566,0.2374,0
155350.27,1,47300.0,2,629,0.3298,0
84967.17,7,14600.0,5,568,0.2889,1
231842.15,9,114300.0,4,557,0.5016,1
38937.8,4,4800.0,6,621,0.3891,0
22699.59,6,9600.0,2,593,0.5786,1
60112.32,2,28400.0,4,664,0.3291,0
51459.23,2,31800.0,1,688,0.622,1
85777.77,1,28300.0,2,616,0.2234,0
108143.1,6,55500.0,1,722,0.3481,0
57067.4,8,24400.0,7,625,0.3573,1
52449.74,1,19100.0,4,663,0.5088,0
79817.33,2,49300.0,4,512,0.5058,1
52001.05,3,12600.0,0,681,0.3287,0
49662.72,1,18500.0,3,844,0.3838,0
105918.39,5,49100.0,3,735,0.3311,0
119716.03,3,27800.0,3,662,0.1583,0
108682.0,9,37000.0,2,588,0.14,0
54582.78,2,28400.0,2,797,0.3233,0
18455.47,7,1000.0,3,663,0.4839,0
55187.22,1,16500.0,0,624,0.1919,0
39462.69,2,3300.0,0,626,0.5439,0
55751.03,4,24300.0,3,830,0.1935,0
41394.36,5,17000.0,3,666,0.3615,0
59195.04,10,35100.0,1,709,0.2833,0
33806.16,5,20100.0,4,660,0.336,0
29602.24,5,13500.0,4,670,0.2168,0
117298.86,2,52200.0,2,643,0.2638,0
35125.7,2,11800.0,1,782,0.1167,0
59885.06,2,11200.0,3,678,0.2138,0
101213.07,4,63300.0,2,569,0.6543,1
98999.22,3,29900.0,2,705,0.1726,0
92703.96,5,10200.0,1,666,0.5236,0
70726.57,9,23100.0,2,704,0.332,0
89161.25,4,44900.0,3,650,0.142,0
127414.2,6,35700.0,0,634,0.0793,0
75641.66,2,6200.0,5,742,0.5285,0
21797.24,10,6200.0,3,814,0.3934,0
44770.59,4,16500.0,3,536,0.4806,1
87816.4,10,40200.0,2,681,0.2367,0
42408.21,3,18400.0,3,634,0.1712,0
145955.69,3,73300.0,1,607,0.2786,0
57829.31,2,15200.0,2,513,0.1701,0
62748.3,1,13900.0,1,702,0.2035,0
111147.04,7,24800.0,2,639,0.1055,0
54145.63,2,14800.0,4,634,0.241,0
65969.8,5,34700.0,1,765,0.3807,0
98176.08,1,62500.0,2,642,0.2581,0
26642.19,12,13800.0,1,639,0.3459,0
51179.07,7,29400.0,1,575,0.2351,0
94469.69,7,51800.0,1,607,0.4503,1
62073.85,4,30300.0,4,785,0.4439,0
134192.9,3,49500.0,0,721,0.3002,0
25165.82,2,5400.0,2,772,0.1597,0
23635.36,10,1000.0,2,612,0.2816,0
91429.88,1,24500.0,1,702,0.4579,0
96393.49,6,36500.0,6,754,0.2821,0
53836.8,2,31100.0,1,718,0.507,0
74623.96,1,30600.0,1,794,0.7061,0
90207.14,3,31500.0,1,705,0.4953,0
38268.23,3,4900.0,0,675,0.434,0
40588.23,5,15400.0,1,498,0.2121,0
66459.59,8,13800.0,0,706,0.3204,0
98444.57,3,46900.0,2,720,0.3487,0
31530.91,0,15500.0,2,761,0.4147,0
53697.88,2,30600.0,1,615,0.4035,1
52348.04,3,18100.0,3,672,0.1845,0
75348.37,3,36800.0,5,556,0.3201,1
59588.38,6,28600.0,3,554,0.6269,1
44345.39,5,15000.0,2,713,0.5806,0
118980.06,7,39000.0,2,770,0.2424,0
44507.29,0,23000.0,1,773,0.4119,0
50988.07,8,8700.0,0,708,0.2882,0
24951.18,1,17800.0,1,828,0.1944,0
40437.21,6,21200.0,1,646,0.3926,1
79526.2,9,41500.0,5,742,0.2749,0
71419.85,0,15200.0,1,576,0.5724,1
83260.9,0,29400.0,5,439,0.2879,1
81067.73,3,31600.0,2,639,0.4142,0
188762.09,3,72900.0,3,666,0.2951,0
39682.98,1,8600.0,5,693,0.2752,0
24570.87,0,11500.0,5,661,0.3108,1
33597.13,8,5300.0,2,702,0.2136,0
40659.65,1,11000.0,2,806,0.3671,0
35035.61,18,13400.0,3,730,0.3643,0
63039.29,1,21000.0,2,618,0.2223,0
119247.95,1,18700.0,1,487,0.309,1
139638.54,0,62800.0,0,594,0.1393,0
79013.16,1,26900.0,2,776,0.2363,0
194405.16,2,21900.0,1,637,0.2484,0
49217.02,4,13500.0,4,726,0.5131,0
24394.54,6,11100.0,6,723,0.1804,0
106857.12,2,15500.0,1,671,0.4389,0
21780.56,6,1000.0,1,668,0.3171,0
39527.36,11,16000.0,4,625,0.6158,1
79702.94,3,26200.0,4,842,0.3272,0
56595.81,2,17800.0,1,603,0.2253,0
53904.86,1,28900.0,3,759,0.2589,0
31274.72,4,13000.0,4,737,0.2269,0
59519.47,10,30300.0,1,721,0.5577,0
103986.29,3,16800.0,6,666,0.5235,0
60535.32,6,8000.0,0,564,0.1817,0
37925.38,4,1300.0,2,589,0.2071,0
30147.4,3,3600.0,0,617,0.2665,0
38358.18,16,26800.0,1,703,0.3783,0
74293.86,5,40400.0,2,742,0.4043,0
72329.06,7,13100.0,3,699,0.1662,0
38550.37,5,17100.0,1,694,0.1888,0
18000.0,4,5600.0,1,753,0.2911,0
75433.52,0,31800.0,2,518,0.283,1
36543.58,2,12400.0,3,509,0.4714,1
87464.16,10,21100.0,1,559,0.3843,1
39503.31,0,8200.0,4,744,0.3839,0
34775.03,2,7200.0,3,524,0.3879,1
65136.77,2,13000.0,3,674,0.2292,0
218979.76,7,41100.0,3,607,0.1846,0
90397.01,10,40900.0,3,687,0.4154,0
64532.27,1,36800.0,3,664,0.6658,1
72938.24,3,26000.0,2,694,0.1259,0
22854.11,7,4500.0,5,645,0.3104,1
32296.46,2,7400.0,4,728,0.4198,0
18000.0,6,9300.0,1,785,0.3634,0
155038.79,3,46100.0,4,770,0.3855,0
138699.13,14,40200.0,0,648,0.3435,0
74313.67,2,29600.0,1,610,0.39,0
64493.09,6,39700.0,3,690,0.3175,0
25504.89,2,5600.0,4,823,0.3002,0
53070.95,4,26600.0,0,671,0.4208,1
160462.5,1,37100.0,0,738,0.2256,0
64362.01,6,23900.0,0,734,0.5837,0
43890.12,8,15700.0,1,733,0.3339,0
22766.86,1,1000.0,2,770,0.2592,0
127921.0,2,51500.0,1,576,0.2192,0
57610.14,8,29900.0,1,603,0.5491,1
22783.6,3,4100.0,2,679,0.2821,0
36013.67,3,24500.0,1,767,0.6028,0
29654.05,1,7600.0,7,767,0.3903,0
55689.17,8,14900.0,0,672,0.497,0
67106.52,1,39200.0,2,750,0.3516,0
45398.33,3,18300.0,3,643,0.6071,1
91800.74,2,53800.0,2,613,0.2808,0
62526.22,6,15200.0,2,575,0.3288,0
107395.31,16,22700.0,1,665,0.5446,0
49194.8,0,21700.0,1,649,0.2655,1
319633.11,2,55900.0,5,750,0.343,0
43893.92,3,7600.0,1,717,0.3308,0
36430.75,1,4700.0,1,679,0.4314,0
34048.28,4,14500.0,2,679,0.216,0
53315.51,7,27500.0,1,644,0.4689,0
23254.53,4,1300.0,1,542,0.3036,0
70404.3,6,35700.0,2,586,0.5101,1
20995.91,2,4300.0,3,734,0.1534,0
65441.97,6,5800.0,1,665,0.3137,0
28475.85,4,10100.0,1,577,0.2695,0
48547.05,1,8200.0,4,778,0.3506,0
83491.26,4,41700.0,1,802,0.3544,0
212611.26,2,122900.0,3,765,0.336,0
33093.75,21,1400.0,2,707,0.453,0
55123.17,7,25300.0,3,696,0.4457,0
40212.48,4,9000.0,2,673,0.3483,0
37107.39,9,9000.0,2,687,0.3237,0
40407.26,6,15900.0,4,722,0.1432,0
94205.76,1,57600.0,1,728,0.5586,1
45778.47,11,13800.0,1,709,0.2896,0
206307.28,1,102300.0,5,429,0.3067,1
75266.36,10,18500.0,3,761,0.3775,0
34354.7,4,8400.0,3,690,0.4009,0
48938.13,4,27000.0,2,573,0.4394,0
38521.98,2,5000.0,5,690,0.1325,0
92970.52,5,33400.0,2,698,0.5953,0
24310.68,6,11000.0,2,557,0.1339,0
28637.63,5,9600.0,3,627,0.2906,0
43245.55,4,20700.0,3,592,0.3203,0
87170.46,3,9900.0,6,602,0.4908,0
117969.71,6,31200.0,2,718,0.7769,0
127937.64,3,66700.0,2,628,0.3056,0
80128.82,3,16800.0,2,682,0.4343,0
57205.81,5,16400.0,2,730,0.4801,0
92692.63,4,21400.0,5,642,0.4062,0
31905.21,1,6900.0,5,733,0.3297,0
21708.05,4,10700.0,2,777,0.2582,0
76126.42,4,20600.0,1,738,0.4215,0
34436.66,4,18800.0,2,720,0.2485,0
57761.71,3,9700.0,2,739,0.3052,0
63946.04,3,25200.0,1,705,0.4893,0
68628.68,4,14300.0,4,739,0.3088,0
100286.4,2,29600.0,7,587,0.2999,0
94621.63,10,50600.0,1,669,0.3889,0
66652.65,5,21100.0,1,704,0.2139,0
46952.49,5,19600.0,4,669,0.5777,0
63530.1,0,15300.0,0,850,0.1579,0
43134.75,8,10400.0,3,661,0.2067,0
53742.75,2,18800.0,0,541,0.6387,1
252709.37,2,117400.0,3,679,0.2186,0
66184.68,2,20400.0,2,737,0.4776,0
76698.3,5,28900.0,1,610,0.3104,0
40618.77,2,10900.0,3,672,0.1943,0
104929.12,7,16800.0,3,670,0.2784,0
90957.7,5,15100.0,3,671,0.4245,0
91312.59,2,8400.0,3,630,0.3369,1
67385.84,1,21500.0,6,757,0.4061,0
105746.98,5,52500.0,4,838,0.4714,0
120502.63,1,24800.0,2,612,0.4453,1
69961.78,2,16200.0,2,577,0.3293,1
56216.37,3,25600.0,3,642,0.4525,0
97930.57,3,12000.0,3,781,0.4016,0
36414.82,2,6000.0,4,656,0.1958,0
40340.93,6,16200.0,5,702,0.3804,1
58144.4,2,15100.0,1,607,0.3455,1
22977.11,2,8800.0,1,809,0.35,0
94388.77,4,51800.0,1,653,0.4458,1
35256.22,4,10600.0,2,694,0.3983,0
46197.45,1,20100.0,1,615,0.5333,1
53246.97,4,4500.0,2,608,0.4381,0
61181.97,2,26300.0,0,675,0.4322,0
49562.55,2,12700.0,2,683,0.2234,0
57696.16,5,10900.0,2,740,0.2069,0
57942.41,2,25900.0,4,548,0.4166,1
46823.15,3,7300.0,0,604,0.3798,1
39133.85,4,9400.0,2,623,0.3355,0
108533.12,5,32500.0,1,684,0.3066,0
18818.15,2,3600.0,0,590,0.2614,0
53468.96,5,9100.0,3,668,0.3531,0
46263.35,6,18900.0,2,627,0.2318,0
75382.87,6,29700.0,1,665,0.579,0
26906.92,1,6900.0,1,617,0.3569,0
45484.1,6,29300.0,1,599,0.2598,0
56596.48,6,31700.0,1,696,0.4656,0
107854.73,11,17800.0,5,758,0.4439,0
71876.29,1,15400.0,4,736,0.1839,0
31228.35,9,7700.0,2,758,0.6864,0
45793.06,1,7600.0,2,767,0.4145,0
97472.76,7,52500.0,4,663,0.3586,0
30932.84,7,11200.0,0,815,0.5193,0
57339.54,6,22800.0,1,732,0.3543,0
59574.55,1,12900.0,3,604,0.222,0
48427.32,8,27300.0,4,625,0.3101,1
263725.34,15,116300.0,5,686,0.1757,0
47714.84,1,8500.0,2,741,0.1413,0
76678.06,3,28900.0,2,658,0.2891,0
39282.5,2,21700.0,3,602,0.0926,0
80038.37,6,27200.0,3,734,0.3177,0
96657.9,3,50000.0,2,591,0.1991,0
43330.83,6,1400.0,0,698,0.1768,0
58099.6,3,22000.0,3,678,0.1762,0
36592.41,4,1500.0,5,574,0.3101,0
31906.91,4,5300.0,2,808,0.4597,0
105898.62,1,34700.0,2,676,0.2846,0
44147.85,4,3900.0,4,586,0.2393,0
18000.0,1,2600.0,5,679,0.2556,0
158094.13,1,42600.0,4,545,0.5391,1
38516.71,9,14100.0,2,702,0.3509,0
52286.57,6,23900.0,2,740,0.4601,0
147635.04,5,60000.0,1,850,0.232,0
55383.77,4,22200.0,4,682,0.4974,0
54729.87,14,10300.0,2,626,0.2167,0
30470.21,4,8300.0,0,691,0.4647,0
24363.5,3,5500.0,4,783,0.2139,0
54638.15,3,15700.0,4,713,0.4308,1
73097.2,8,39400.0,2,737,0.2235,0
70830.07,4,17700.0,0,732,0.4832,0
45949.87,5,10300.0,0,713,0.42,0
60544.98,8,7700.0,1,570,0.1693,0
21797.15,5,5600.0,2,566,0.2604,0
77117.99,7,11200.0,2,557,0.4104,0
65432.43,2,10400.0,2,585,0.3138,0
177284.93,1,48200.0,3,594,0.3525,0
60120.96,10,17800.0,0,814,0.2994,0
35650.98,7,17300.0,0,622,0.3343,0
58226.87,6,20400.0,3,682,0.276,0
49996.59,5,16900.0,6,657,0.0789,0
76045.67,4,24000.0,2,690,0.2291,0
60766.3,2,24300.0,2,680,0.5623,1
29942.36,2,18300.0,3,581,0.3374,1
24351.32,1,1000.0,3,720,0.0917,0
69189.16,1,28700.0,1,624,0.3944,1
128118.77,2,19700.0,2,621,0.6659,1
62544.98,3,35200.0,2,652,0.3266,1
93649.42,10,43600.0,2,736,0.6092,0
104510.73,1,56600.0,3,628,0.2515,0
69337.11,4,16700.0,2,682,0.5696,0
38255.01,10,17700.0,2,705,0.3719,0
66663.94,8,34300.0,6,694,0.3573,0
116295.55,4,20600.0,5,690,0.3609,0
80132.74,2,30300.0,1,570,0.4909,1
90358.01,0,25600.0,3,685,0.2644,0
46425.29,4,23500.0,2,606,0.3864,1
53567.91,6,16300.0,1,543,0.5309,1
56089.28,2,5500.0,3,640,0.5835,1
58207.19,8,21300.0,2,636,0.2158,0
113820.4,3,17400.0,2,850,0.454,0
18000.0,5,7600.0,1,748,0.5172,0
60888.28,4,17200.0,2,734,0.5906,0
57312.67,8,24700.0,2,644,0.3635,0
28160.47,8,4200.0,3,661,0.4033,0
86636.11,5,20400.0,4,850,0.4569,0
40196.09,3,3600.0,4,627,0.231,0
49199.17,4,17400.0,3,694,0.4507,1
165517.14,14,91400.0,3,813,0.479,0
104347.87,11,23100.0,2,621,0.2769,0
82122.54,4,17500.0,4,686,0.5726,1
73823.13,1,11100.0,1,674,0.4313,0
54689.44,7,17500.0,0,608,0.2782,0
179810.27,3,85700.0,5,733,0.4493,0
93077.91,9,23300.0,5,591,0.2547,0
39646.09,2,3500.0,1,733,0.5134,0
27720.95,3,2200.0,5,707,0.3002,0
81777.78,1,30600.0,3,742,0.481,0
58062.31,12,8600.0,1,660,0.2993,0
27284.77,2,12500.0,1,704,0.363,0
75790.06,7,32100.0,2,752,0.3589,0
51639.13,3,7900.0,2,569,0.5411,1
80166.88,3,21800.0,3,584,0.2599,1
76340.37,2,37400.0,7,719,0.1468,0
42849.74,9,15500.0,2,737,0.3705,0
84801.17,19,40300.0,2,685,0.0845,0
45531.16,9,14400.0,0,744,0.2,0
47188.95,0,18700.0,4,648,0.3827,1
44678.64,7,11800.0,2,770,0.3105,0
111528.55,3,68500.0,4,670,0.4516,0
51312.27,3,21600.0,3,617,0.2217,0
127369.01,4,75800.0,1,782,0.1881,0
159678.34,4,100600.0,1,737,0.2401,0
39882.96,5,24200.0,1,641,0.3212,0
18000.0,3,7800.0,2,643,0.54,0
106348.88,7,45500.0,2,720,0.2078,0
49608.4,4,7300.0,3,600,0.4962,0
37182.65,4,11100.0,2,699,0.074,0
43312.87,4,25100.0,2,662,0.2614,0
47660.22,7,17100.0,3,691,0.3616,0
122205.12,3,26800.0,3,523,0.219,0
65378.66,6,28900.0,2,607,0.4836,1
121294.8,4,56500.0,1,694,0.5505,0
78575.96,9,17400.0,0,754,0.238,0
50509.82,3,18400.0,2,665,0.1964,1
48305.64,7,14300.0,0,729,0.3044,0
81542.92,5,36800.0,1,564,0.142,0
94017.3,9,20900.0,2,641,0.3455,0
103594.13,4,56200.0,2,696,0.6136,1
51852.26,3,11200.0,3,670,0.3464,0
65930.95,3,34400.0,0,732,0.2245,1
82555.18,5,22800.0,2,656,0.3247,0
48475.76,4,11000.0,2,656,0.4163,0
32073.42,3,12400.0,3,724,0.3325,0
38428.36,5,15200.0,3,635,0.6464,1
52440.29,0,20700.0,2,607,0.122,0
86181.77,3,15400.0,1,710,0.3637,0
119663.35,4,74900.0,3,603,0.4239,1
28400.84,1,12200.0,1,781,0.5148,0
43107.84,2,15100.0,4,537,0.4589,1
49176.72,2,21100.0,1,653,0.2981,0
92697.28,4,17400.0,2,797,0.1696,0
44781.0,3,21600.0,3,823,0.3231,0
47270.76,3,5300.0,0,668,0.1732,0
27540.26,1,14900.0,4,758,0.3909,0
78110.05,8,16900.0,1,733,0.2126,0
54788.22,9,12400.0,1,638,0.7347,1
41784.27,1,21400.0,0,710,0.1988,0
51910.05,3,28500.0,0,610,0.4405,1
111284.75,3,29800.0,2,558,0.2703,0
34451.65,5,13600.0,3,713,0.2038,0
37687.63,3,16000.0,2,717,0.6208,0
119221.55,7,59700.0,1,586,0.1334,0
62422.19,1,15100.0,1,664,0.3746,0
86540.24,6,35200.0,3,586,0.3547,1
74679.7,5,30400.0,3,640,0.4327,1
58721.78,1,15000.0,1,642,0.2802,0
49436.06,3,27400.0,2,731,0.2652,0
94594.72,1,55700.0,2,637,0.3019,1
113469.02,12,48800.0,2,580,0.3281,1
108695.27,3,58300.0,2,804,0.4462,0
31194.3,3,20700.0,1,712,0.2324,0
122724.96,1,47300.0,4,742,0.2336,0
49174.75,5,14700.0,1,721,0.5497,0
39526.78,3,8800.0,4,746,0.4005,0
54549.82,6,32800.0,5,708,0.5608,0
94572.37,10,56700.0,5,710,0.3256,0
80600.11,7,13600.0,3,685,0.4182,0
52028.01,2,11000.0,1,642,0.6384,1
94913.03,3,39100.0,2,742,0.5444,0
64661.63,1,30700.0,3,655,0.2593,0
43689.61,2,17900.0,1,684,0.1945,0
40561.74,8,16200.0,1,703,0.5812,0
75028.94,2,14100.0,1,709,0.5423,0
57217.51,6,8600.0,3,599,0.2977,1
28098.52,2,4300.0,5,690,0.2285,0
95410.01,7,52200.0,3,598,0.4479,1
45974.8,1,9200.0,3,688,0.2639,0
143726.26,1,39200.0,2,733,0.4493,0
27676.96,12,5400.0,1,810,0.1261,0
54209.44,2,13900.0,2,718,0.2881,0
40741.9,8,14600.0,2,740,0.2037,0
35014.5,5,3600.0,3,593,0.5482,1
45810.34,2,12200.0,4,715,0.2977,0
158547.92,2,44700.0,1,591,0.2367,1
64786.57,3,14900.0,0,765,0.4125,0
38737.39,8,3800.0,3,595,0.3453,0
21900.27,3,5800.0,4,602,0.2754,0
23231.18,6,10900.0,3,732,0.2394,0
44575.75,5,16800.0,3,801,0.2997,0
42254.73,5,26800.0,3,754,0.4011,0
52932.46,13,29400.0,2,648,0.323,0
18000.0,6,4300.0,2,601,0.2674,0
56929.85,5,14100.0,3,643,0.1212,0
105371.91,1,28800.0,2,684,0.3056,0
146175.42,9,32500.0,4,669,0.4469,0
21121.67,7,1600.0,4,598,0.2287,0
38531.6,5,5500.0,2,771,0.3428,0
37427.89,3,10200.0,1,773,0.1019,0
64870.4,1,25100.0,0,816,0.3279,0
30611.32,6,9800.0,1,550,0.2847,0
151031.66,4,14100.0,3,614,0.653,1
61324.66,12,33400.0,2,694,0.353,1
55953.12,6,19400.0,2,675,0.1247,0
143773.23,4,40200.0,0,641,0.3706,0
59348.01,14,13000.0,4,611,0.2433,0
74620.23,4,15800.0,1,600,0.6684,1
39618.88,11,14600.0,3,827,0.2494,0
28175.94,0,15700.0,6,568,0.3169,1
42800.33,16,7100.0,3,558,0.6074,1
199353.86,8,62100.0,2,586,0.1838,0
84809.39,2,31500.0,4,689,0.301,0
69633.02,13,36400.0,1,655,0.5046,1
34996.2,0,7800.0,0,706,0.3445,0
98833.11,1,55900.0,3,622,0.2748,1
28375.14,6,7300.0,1,682,0.3887,0
25288.85,9,9600.0,2,681,0.1862,0
44029.37,5,11100.0,3,793,0.2096,0
175425.55,1,101000.0,1,808,0.2048,0
170048.99,2,56200.0,2,664,0.4679,0
46714.96,3,9300.0,4,739,0.2702,0
41323.66,5,19900.0,2,687,0.2588,0
24289.53,4,13500.0,1,733,0.4864,0
62499.69,9,19300.0,4,704,0.2886,0
65454.27,1,36400.0,1,730,0.2572,0
92434.53,6,47300.0,1,739,0.3793,0
98803.58,1,55300.0,2,707,0.4541,0
53713.41,10,28800.0,1,685,0.3687,0
81293.01,6,44300.0,3,753,0.188,1
40727.08,4,4500.0,2,665,0.3134,0
80448.57,3,18600.0,2,632,0.2219,0
45298.19,5,8600.0,0,558,0.3055,1
77087.94,8,33400.0,2,707,0.2985,0
73730.79,5,43500.0,2,727,0.4073,0
62183.31,4,19500.0,2,546,0.3549,0
92688.24,2,17500.0,2,629,0.6204,1
25242.4,3,1000.0,0,731,0.5988,0
33332.76,9,11700.0,3,664,0.5263,0
51609.82,7,10100.0,2,679,0.262,0
27070.64,9,13900.0,8,743,0.2269,0
47869.05,2,12700.0,4,667,0.5864,0
48725.28,1,2100.0,4,704,0.6668,0
123047.54,6,25100.0,2,594,0.2975,0
64756.77,1,15800.0,3,701,0.3431,0
105470.47,9,18500.0,3,575,0.19,0
70680.22,7,14700.0,1,578,0.3822,1
44595.27,5,23300.0,1,637,0.1604,0
64443.51,1,22300.0,2,716,0.4245,0
89427.59,4,28500.0,2,679,0.4247,0
115424.36,3,36100.0,2,616,0.2305,0
55671.83,5,32800.0,1,741,0.2519,0
24194.22,11,10400.0,1,699,0.3802,0
23276.71,2,10800.0,2,753,0.3094,0
50034.75,3,8400.0,2,608,0.5808,0
18000.0,4,7500.0,3,783,0.2329,0
160702.07,10,97000.0,2,794,0.1296,0
83142.67,4,44500.0,2,743,0.1541,0
42208.76,6,9700.0,5,712,0.1767,1
32522.71,10,7300.0,4,712,0.5268,0
105394.48,5,64800.0,1,700,0.2817,0
32451.42,3,12600.0,4,572,0.3723,1
34199.81,9,9500.0,1,630,0.2589,0
39290.17,11,22600.0,2,667,0.2295,0
63751.51,6,13500.0,1,598,0.1057,0
84241.13,2,12900.0,0,783,0.5192,0
115378.09,3,26300.0,0,713,0.2113,0
106375.89,11,52000.0,4,809,0.4886,0
59899.63,7,13800.0,5,734,0.2809,0
104955.01,3,35400.0,1,570,0.5341,0
41396.44,0,11400.0,2,773,0.1668,0
21993.97,7,15100.0,1,641,0.4868,1
41393.45,6,17600.0,0,777,0.3184,0
38428.58,7,17200.0,6,788,0.1313,0
42294.28,2,1000.0,2,776,0.6543,0
35324.92,3,17000.0,1,756,0.2449,0
46461.99,8,20400.0,1,708,0.6092,0
84204.99,0,34400.0,2,674,0.3658,0
153797.4,3,66000.0,3,816,0.3477,0
23180.33,1,5900.0,2,695,0.4103,0
29488.21,2,9800.0,1,646,0.5221,0
38742.97,7,9300.0,2,708,0.302,0
91231.73,3,19200.0,1,761,0.6457,0
53491.55,1,21400.0,4,758,0.4167,0
40204.73,6,17600.0,6,594,0.415,1
88805.44,2,40300.0,2,756,0.3734,0
101317.52,3,47700.0,2,727,0.2947,0
59259.54,4,4800.0,3,649,0.2068,0
38218.67,9,10000.0,1,613,0.299,0
69470.24,4,19700.0,1,782,0.314,0
52664.8,3,20700.0,2,790,0.2265,1
52440.93,5,19100.0,3,793,0.2099,0
45169.61,6,8400.0,5,577,0.2825,0
99582.41,3,20300.0,1,659,0.3281,0
68695.17,3,21100.0,2,679,0.3118,0
105834.89,4,19100.0,2,788,0.1842,0
124863.87,8,40500.0,3,736,0.4745,0
77067.69,0,41000.0,2,658,0.3806,1
45317.0,5,11600.0,4,687,0.5024,1
106104.47,7,51700.0,3,729,0.3261,0
77351.53,8,43200.0,1,731,0.4704,0
250659.89,1,96100.0,3,801,0.1874,0
71008.62,1,40200.0,2,784,0.4452,0
87880.08,2,24100.0,6,769,0.4352,0
70244.21,6,22500.0,2,618,0.6086,1
56698.09,8,13900.0,1,622,0.3615,0
51930.66,1,23400.0,6,601,0.5235,1
70391.94,5,13900.0,0,707,0.3673,0
79749.57,7,33000.0,1,640,0.3781,0
112974.04,3,32800.0,2,720,0.3761,0
70959.73,5,27200.0,1,731,0.4031,0
46416.53,1,20100.0,1,693,0.532,0
50022.61,6,26400.0,0,743,0.3526,0
28922.78,3,6200.0,4,629,0.2093,0
149293.23,3,58100.0,5,566,0.3532,1
44460.41,5,12100.0,3,624,0.3851,0
101935.17,0,56300.0,2,740,0.1999,0
69710.27,2,43500.0,3,815,0.1806,0
70760.24,7,36900.0,2,788,0.3105,0
56128.76,1,13600.0,5,662,0.2667,0
38820.77,1,10600.0,0,750,0.2333,0
35147.39,3,5800.0,5,574,0.5378,1
154918.73,4,88100.0,2,794,0.2696,0
63747.08,4,25200.0,2,717,0.3817,0
111179.05,12,56800.0,5,737,0.5366,0
128245.13,5,70300.0,1,535,0.1658,0
47764.32,5,12800.0,5,713,0.1814,0
75578.58,8,26100.0,0,817,0.3446,0
61374.88,2,20600.0,2,701,0.384,0
31682.9,5,8900.0,1,672,0.311,0
54067.36,6,13400.0,2,659,0.4227,0
82712.72,6,5500.0,1,625,0.3244,0
45503.02,4,21600.0,1,685,0.5723,0
50077.96,4,5300.0,3,587,0.6517,1
54428.77,1,9300.0,1,712,0.4691,0
191250.84,3,88300.0,2,762,0.566,0
21835.08,10,6700.0,3,647,0.3318,0
78897.42,2,26300.0,6,708,0.3832,1
52086.63,4,29100.0,0,674,0.3542,0
42093.13,4,2800.0,0,708,0.2398,0
51388.43,5,26700.0,1,747,0.2418,0
86427.13,4,18900.0,4,710,0.472,0
89186.77,3,48700.0,0,743,0.488,0
66324.15,7,14000.0,2,718,0.3838,0
109207.8,5,40600.0,6,743,0.5351,0
120313.74,4,51700.0,4,702,0.4073,0
93808.13,2,51900.0,1,704,0.366,1
44337.86,3,7100.0,3,731,0.2307,0
78585.53,5,8700.0,3,673,0.3323,0
78791.5,8,18800.0,4,712,0.183,0
38231.03,9,4600.0,1,612,0.2146,0
25255.74,5,4400.0,1,543,0.1138,0
19682.27,13,7100.0,2,686,0.4759,0
62219.3,3,15000.0,3,619,0.1486,0
70539.06,3,11500.0,2,823,0.2447,0
31257.67,9,12800.0,1,619,0.6592,1
106437.98,4,19600.0,2,736,0.3538,0
65102.61,3,27400.0,1,625,0.2341,0
125768.59,4,44800.0,2,677,0.3535,0
73408.48,2,36200.0,2,595,0.5373,1
33306.79,3,8200.0,4,588,0.1592,0
77038.04,1,25600.0,4,700,0.2833,0
86557.21,2,48200.0,3,649,0.2109,0
44302.97,5,15800.0,5,734,0.3976,0
27088.07,0,12500.0,1,772,0.3464,0
63269.76,1,35200.0,2,559,0.2673,1
34528.33,2,16900.0,3,757,0.5378,0
110911.54,3,23400.0,1,603,0.2023,0
47860.84,6,1300.0,1,650,0.2953,0
154589.83,3,74300.0,2,570,0.2213,1
18614.81,10,7700.0,5,572,0.4364,1
64481.75,2,11700.0,1,529,0.6377,1
131421.63,0,36900.0,5,645,0.182,0
36692.68,2,22300.0,4,680,0.2033,1
54854.5,5,3500.0,3,647,0.255,0
47969.96,2,11700.0,1,541,0.2509,0
41106.76,2,10200.0,4,528,0.4534,1
68496.81,9,25200.0,1,676,0.2562,0
29363.81,10,19200.0,3,734,0.2038,0
56329.13,1,31800.0,0,694,0.2328,0
79522.62,3,34900.0,3,815,0.5553,0
53193.87,5,7500.0,3,672,0.5872,1
34540.5,7,18300.0,1,699,0.2029,0
105514.32,3,59600.0,1,673,0.2242,1
89468.45,5,33000.0,1,616,0.5991,1
33770.64,8,2900.0,4,663,0.3982,0
29385.04,4,19100.0,2,738,0.4717,1
35469.97,0,5900.0,2,741,0.4002,0
80813.58,3,5600.0,1,702,0.2459,1
69672.79,2,17800.0,5,794,0.231,0
92461.3,2,48100.0,2,709,0.312,0
50041.97,2,28000.0,1,700,0.514,0
36004.39,0,22300.0,1,788,0.3991,0
99246.86,10,46600.0,2,621,0.2239,0
44161.26,8,26500.0,3,782,0.6132,0
66343.52,11,19800.0,1,602,0.346,0
25528.26,14,5400.0,4,655,0.155,0
43765.64,4,4700.0,1,537,0.2692,0
104314.74,2,46000.0,2,694,0.4061,0
40378.35,5,12300.0,2,774,0.4705,0
93711.59,6,28000.0,0,605,0.5504,0
18000.0,2,20000.0,6,654,0.2652,1
44017.15,2,5000.0,3,658,0.2963,0
54489.04,4,17500.0,2,659,0.1993,0
156122.65,2,80100.0,1,596,0.3242,1
31477.09,6,14000.0,0,678,0.5697,0
86599.24,1,31800.0,0,793,0.5981,0
107077.96,6,41100.0,1,637,0.6175,1
40262.7,9,22000.0,3,692,0.2548,0
48754.94,16,7500.0,1,692,0.3825,0
64724.55,10,10200.0,1,645,0.4884,0
26507.51,15,10500.0,2,696,0.4909,1
46615.73,6,16000.0,1,646,0.2998,1
120796.38,1,58200.0,1,706,0.3455,0
79814.47,4,41400.0,2,670,0.3173,0
54928.45,13,19600.0,0,570,0.2215,0
63715.92,10,21500.0,5,540,0.2442,0
82412.96,3,3900.0,1,515,0.3638,0
91566.94,0,40300.0,3,644,0.267,1
44089.29,5,14200.0,4,737,0.5034,0
139259.8,1,69800.0,1,620,0.1704,0
123499.39,5,50300.0,1,656,0.2615,0
86898.12,6,27000.0,4,626,0.2255,0
37660.69,10,13100.0,3,612,0.5038,1
34162.26,0,13900.0,2,840,0.439,0
50029.49,7,31300.0,0,615,0.5004,0
61909.0,4,25200.0,3,574,0.2492,0
22636.74,12,4100.0,2,608,0.1514,0
78596.4,7,30300.0,1,681,0.4338,1
121552.83,4,33500.0,3,632,0.249,0
82212.35,2,33200.0,5,696,0.2061,0
41281.55,4,15700.0,2,620,0.2732,1
38680.01,9,9200.0,2,631,0.5592,1
70609.42,4,26200.0,2,622,0.204,0
55032.71,4,11800.0,0,668,0.1973,0
76395.01,4,32800.0,3,729,0.3767,0
83361.91,2,42900.0,3,736,0.2986,0
109156.71,2,48800.0,3,781,0.0983,0
32123.15,2,15200.0,1,577,0.3217,1
67635.65,4,25900.0,2,597,0.4515,1
49025.15,8,19500.0,2,606,0.6683,1
56712.55,5,16300.0,1,675,0.1858,0
96319.38,9,39200.0,4,594,0.5071,1
102254.41,10,48900.0,3,623,0.1784,0
129203.51,14,35500.0,2,726,0.3023,0
75665.28,13,18200.0,2,755,0.2209,0
56358.64,1,19500.0,5,727,0.16,0
52099.82,6,29200.0,0,699,0.3587,0
23060.69,3,16300.0,4,625,0.5658,1
125098.2,2,32300.0,3,677,0.395,0
50159.13,3,6000.0,5,761,0.1548,0
79082.22,11,16400.0,2,725,0.4874,0
86981.27,9,32900.0,2,741,0.3935,0
30184.28,4,14000.0,1,746,0.277,0
36031.88,7,10200.0,4,650,0.2869,0
140205.0,6,19600.0,4,723,0.2544,0
70244.66,3,15900.0,4,647,0.376,0
43507.03,2,15700.0,5,720,0.2165,0
55854.71,4,18200.0,3,767,0.4392,0
108817.81,7,62000.0,2,792,0.3615,0
100094.79,12,47900.0,4,720,0.2442,0
26733.03,6,1000.0,4,705,0.2998,0
147098.27,3,25400.0,3,779,0.4571,0
101862.73,2,16000.0,0,610,0.5298,0
55057.79,5,30000.0,5,783,0.51,0
31087.24,0,20800.0,3,685,0.2019,0
106905.95,19,20900.0,3,685,0.2966,0
77810.77,6,34700.0,1,641,0.1789,0
26855.1,10,11000.0,2,587,0.478,1
52699.28,8,27600.0,1,785,0.2996,0
334166.66,6,36500.0,1,705,0.2185,0
60420.03,6,23400.0,2,647,0.4343,0
39811.7,7,23000.0,0,701,0.5012,0
34383.32,3,15100.0,0,650,0.324,0
158681.52,4,82400.0,0,547,0.3928,1
95441.4,8,33500.0,0,662,0.1875,0
129844.33,1,64800.0,0,569,0.3209,1
68631.16,4,37700.0,1,693,0.2791,0
119337.46,4,63100.0,2,794,0.4833,0
37549.82,0,9500.0,1,627,0.3348,1
65475.09,6,8900.0,1,734,0.158,0
70114.12,5,34500.0,3,627,0.5869,1
128071.73,4,26100.0,3,673,0.3048,0
71350.79,9,30800.0,2,609,0.4243,1
42445.18,8,17400.0,1,721,0.3834,0
62021.76,8,9700.0,0,776,0.247,0
23812.66,4,6200.0,3,689,0.3294,0
18000.0,3,10300.0,0,715,0.3381,0
94583.45,5,38000.0,0,715,0.5159,0
48722.24,6,13700.0,2,656,0.4198,0
51855.72,7,28400.0,2,773,0.2966,0
94562.92,2,50200.0,4,636,0.5069,0
129101.7,6,29000.0,2,557,0.4102,1
80335.62,9,44100.0,1,606,0.3898,1
172895.05,2,89200.0,0,721,0.189,0
78942.82,0,16000.0,3,646,0.2422,0
70701.17,0,22300.0,1,682,0.2064,1
68337.49,3,5600.0,5,657,0.1746,0
29524.55,2,6100.0,2,689,0.3829,0
101295.7,6,43600.0,1,757,0.1706,0
18000.0,5,7900.0,3,789,0.4535,0
43371.63,1,23100.0,1,602,0.0806,0
60634.04,9,15400.0,3,745,0.2425,0
38778.87,2,7900.0,6,690,0.1963,0
46701.63,2,9200.0,2,583,0.341,0
164663.05,5,93600.0,1,712,0.5582,1
109887.58,3,66400.0,3,814,0.4627,0
41060.21,5,7100.0,6,620,0.3468,0
46246.38,4,11700.0,1,658,0.2996,0
29662.76,10,6200.0,0,555,0.2478,0
88233.91,5,49700.0,1,666,0.3164,0
52189.76,3,28600.0,2,687,0.5277,0
20301.37,4,6900.0,4,823,0.1021,0
63286.73,8,33300.0,3,605,0.1494,0
76224.51,2,31200.0,0,747,0.532,0
101694.4,6,50800.0,1,698,0.2822,0
57506.59,4,11600.0,2,843,0.2453,0
48777.81,4,26500.0,3,688,0.3378,1
178518.15,2,61700.0,1,671,0.5543,0
60091.42,3,15900.0,2,738,0.3543,0
88943.71,3,29500.0,1,712,0.604,0
44500.39,4,15800.0,3,745,0.4066,0
87504.92,1,39600.0,2,717,0.4177,1
26887.16,0,4300.0,0,564,0.1081,0
46437.51,3,24800.0,1,714,0.3375,0
30805.52,9,17700.0,4,712,0.3994,0
42927.36,6,9700.0,2,620,0.1135,0
119104.74,4,71700.0,2,697,0.1821,0
42754.12,2,12400.0,7,537,0.1084,0
88879.86,0,49100.0,3,694,0.3456,0
137929.21,2,25000.0,2,726,0.6517,0
58972.85,4,39600.0,2,747,0.3657,0
103421.89,1,49200.0,3,728,0.3042,0
80185.44,6,7600.0,0,609,0.3996,0
63833.94,6,22600.0,2,565,0.3243,1
90460.95,3,56000.0,3,746,0.7794,1
164714.01,4,53500.0,1,705,0.3713,0
42171.59,4,18700.0,1,712,0.3964,0
35328.3,5,4300.0,4,801,0.1395,0
34205.68,2,10000.0,2,554,0.6186,1
103459.49,18,35400.0,5,810,0.3329,0
111430.04,1,45600.0,2,633,0.3506,0
44561.68,2,27600.0,4,737,0.5288,0
18493.83,5,11600.0,1,674,0.1974,0
41310.99,12,23400.0,3,649,0.4,0
80928.38,3,9600.0,1,562,0.2604,0
57716.73,2,8700.0,1,625,0.3032,0
66117.67,3,25800.0,2,710,0.2704,0
44898.54,7,12800.0,2,702,0.5983,0
104584.33,7,52400.0,0,746,0.4478,0
72312.73,6,28700.0,3,623,0.5865,1
82665.28,13,12800.0,3,731,0.1202,0
65348.26,7,21400.0,2,680,0.4817,0
79889.72,8,25700.0,0,722,0.434,0
77050.35,8,47800.0,4,713,0.166,0
35938.3,1,12300.0,2,640,0.3868,0
73510.59,4,29000.0,1,694,0.1586,0
92533.82,2,13200.0,1,710,0.3319,0
113020.87,2,51500.0,4,734,0.1936,0
75271.66,3,30400.0,1,788,0.4529,0
35210.94,5,11800.0,0,627,0.3169,0
38321.85,12,25400.0,1,588,0.3418,0
47130.17,6,22500.0,3,771,0.2616,0
66450.01,6,19100.0,5,579,0.3572,0
55981.14,3,15600.0,2,753,0.4141,0
32271.75,12,14000.0,3,607,0.6844,1
32165.64,1,2100.0,3,628,0.5502,1
18879.14,7,11500.0,3,669,0.2788,0
18000.0,0,3900.0,1,566,0.266,0
55688.0,5,22500.0,2,602,0.1252,0
214513.23,8,50100.0,0,550,0.236,0
160850.19,4,40800.0,4,725,0.4322,0
34960.45,10,9800.0,2,674,0.3778,0
65019.78,2,32800.0,6,676,0.4218,1
26755.12,0,7600.0,5,670,0.2765,1
29095.53,1,8400.0,3,674,0.5045,0
30989.08,3,13500.0,3,639,0.2934,1
52890.33,5,8800.0,2,747,0.169,0
54157.25,2,14900.0,2,543,0.255,1
68801.86,5,3500.0,4,567,0.2956,0
86229.62,6,33600.0,4,777,0.3092,0
49747.5,2,18600.0,0,695,0.5214,0
61078.25,2,13000.0,1,523,0.3282,1
32807.19,1,10100.0,2,699,0.3992,0
28581.83,10,2100.0,1,556,0.2435,0
26253.78,10,2300.0,2,773,0.3351,0
85569.68,5,23000.0,4,744,0.2129,0
49719.41,1,13100.0,4,832,0.2854,0
21394.39,11,12100.0,2,653,0.1957,0
57832.2,2,12100.0,2,584,0.3951,1
30126.13,1,13300.0,1,634,0.5108,0
149224.68,2,33400.0,2,636,0.5386,1
43549.26,2,13400.0,0,704,0.4503,0
87101.4,1,48700.0,0,538,0.4735,1
108981.09,2,50800.0,4,675,0.3848,1
35411.41,4,8900.0,1,599,0.3226,0
62431.54,7,23000.0,5,637,0.612,1
81178.63,3,16100.0,2,779,0.1772,0
63802.67,3,40300.0,3,750,0.4012,0
73028.53,3,9100.0,2,730,0.4185,0
28816.51,1,11400.0,3,723,0.222,0
81204.01,7,45300.0,0,655,0.339,0
45826.13,8,22500.0,3,671,0.3493,0
72562.11,11,10600.0,3,557,0.1169,0
99309.24,3,62400.0,2,582,0.5613,1
86495.24,10,17300.0,4,685,0.2624,0
72532.92,7,10700.0,5,591,0.1998,0
85235.27,1,9900.0,6,727,0.2643,0
87432.83,2,23700.0,4,671,0.1924,0
136288.01,4,24300.0,1,653,0.3244,1
58763.26,3,20900.0,2,629,0.6406,1
65524.3,1,25300.0,3,709,0.2579,0
99971.13,4,18100.0,3,726,0.4175,0
45719.8,4,2200.0,2,609,0.3426,0
28727.29,7,7900.0,2,636,0.5298,0
78533.19,3,24800.0,2,661,0.461,1
53459.89,2,9700.0,4,699,0.5497,0
30818.18,1,18800.0,3,698,0.3447,0
78849.64,5,38400.0,1,667,0.1926,0
131547.48,5,23200.0,2,728,0.2246,0
24431.82,12,2900.0,3,665,0.3818,0
105059.14,7,13300.0,3,570,0.21,0
18000.0,3,2400.0,2,775,0.3612,0
48042.55,4,17900.0,2,748,0.3354,0
164766.36,1,91900.0,2,572,0.1716,0
49982.18,3,16700.0,2,688,0.277,0
62910.36,5,12600.0,5,773,0.2296,0
91087.55,12,26000.0,1,652,0.1988,0
23293.73,2,12900.0,3,733,0.2145,0
62295.98,10,31800.0,4,758,0.5846,0
62026.51,5,24300.0,3,695,0.2741,0
166754.26,7,69500.0,0,836,0.2495,0
30343.65,4,15400.0,0,724,0.2252,0
48540.48,2,7800.0,1,683,0.4169,0
35932.75,9,10300.0,3,662,0.219,0
33896.72,3,19900.0,3,671,0.3717,0
111309.68,7,46500.0,3,633,0.4375,0
60758.26,1,26700.0,3,591,0.3623,1
44109.83,2,13600.0,2,608,0.4596,1
45034.53,0,24700.0,1,664,0.1706,0
43924.39,4,13600.0,1,735,0.2399,0
46138.74,5,23600.0,3,699,0.394,0
29868.36,4,2600.0,1,688,0.1964,0
51932.43,1,24700.0,2,834,0.2924,0
49140.38,2,19000.0,3,801,0.3154,0
39466.67,7,8000.0,2,607,0.3846,0
65203.96,2,9000.0,4,728,0.3163,0
68318.73,4,33000.0,1,586,0.3329,0
44083.64,2,6000.0,1,695,0.1272,0
55310.95,6,13600.0,2,572,0.51,0
196269.31,2,25700.0,2,629,0.2921,0
192189.72,3,87800.0,2,722,0.4316,0
33531.83,8,15700.0,2,641,0.2744,0
36208.67,4,4900.0,0,594,0.2533,0
33433.99,2,17600.0,4,623,0.2632,0
107085.16,6,40000.0,2,604,0.2376,0
48089.01,1,23600.0,5,706,0.3854,0
68310.64,2,16400.0,6,765,0.3369,0
179572.09,1,100600.0,2,660,0.42,0
59530.52,6,24300.0,3,752,0.3835,0
88294.83,5,36300.0,1,632,0.437,1
79716.46,6,17800.0,0,667,0.3095,0
43324.8,5,22100.0,3,809,0.2944,0
107209.37,9,27000.0,1,662,0.2368,0
37521.32,5,17100.0,0,755,0.2444,0
125108.16,2,61300.0,1,621,0.5317,1
43343.06,2,14600.0,2,673,0.2154,0
46033.18,5,24400.0,2,611,0.2695,1
32903.41,9,8500.0,0,680,0.2979,0
36013.79,1,22100.0,1,693,0.3091,0
47347.99,6,14900.0,4,732,0.3195,0
18000.0,3,12300.0,2,632,0.4682,1
52662.94,8,25800.0,5,662,0.3114,1
45279.7,1,14900.0,1,764,0.5025,0
92457.66,12,24200.0,3,584,0.4538,0
75556.76,3,14800.0,2,489,0.4402,0
40570.62,0,13800.0,1,626,0.3957,0
46527.42,1,7600.0,4,721,0.3665,0
52625.71,13,9100.0,2,681,0.327,0
135574.44,6,68500.0,0,603,0.2343,1
38090.97,3,18900.0,2,680,0.2902,0
40301.0,15,13300.0,6,647,0.2052,0
32185.74,4,8500.0,3,558,0.2275,0
26499.42,8,9800.0,1,649,0.2959,0
70887.68,2,28800.0,2,731,0.3613,0
66943.0,3,31400.0,2,654,0.3181,0
121238.99,4,47600.0,2,562,0.3098,0
106167.67,3,30400.0,2,804,0.3912,0
223778.99,9,85200.0,2,601,0.1666,0
57490.21,6,22100.0,3,703,0.2329,0
51881.04,1,22100.0,1,738,0.2861,0
29286.31,3,7700.0,7,707,0.5083,1
87826.45,2,29700.0,4,658,0.3501,1
63907.62,6,31900.0,2,539,0.2686,1
85664.73,3,9300.0,1,763,0.4558,0
31999.7,0,23700.0,6,588,0.2599,1
72648.08,5,12700.0,1,748,0.2943,0
67027.6,3,42000.0,3,758,0.3321,0
64632.28,10,8700.0,2,583,0.2465,0
41118.1,1,14000.0,2,582,0.1714,1
115165.85,2,42300.0,1,646,0.2639,1
184918.26,3,43400.0,2,744,0.3601,0
32510.25,5,16400.0,2,630,0.4038,0
88986.88,8,16000.0,1,682,0.3918,0
18000.0,3,1000.0,2,637,0.2148,0
86485.8,5,7100.0,3,734,0.1689,0
21405.75,1,8100.0,2,627,0.4526,1
44858.48,2,14700.0,1,621,0.4384,1
29080.89,3,1000.0,2,598,0.2565,0
53178.72,3,14900.0,0,595,0.306,0
94971.92,6,13800.0,3,755,0.1826,0
21557.47,13,11100.0,3,648,0.2793,0
49133.0,2,9000.0,2,604,0.2118,0
45145.56,6,25200.0,2,550,0.2511,1
142853.77,9,22800.0,0,655,0.5974,1
75922.51,9,39700.0,1,613,0.4316,1
31336.24,2,9700.0,2,599,0.6002,1
46202.45,8,14600.0,2,617,0.2951,0
140907.28,1,55800.0,1,684,0.2408,0
88689.87,1,52800.0,1,588,0.6948,1
36133.35,4,22800.0,5,652,0.3147,1
51694.73,3,23200.0,5,741,0.3267,0
52611.5,11,23300.0,4,633,0.2168,0
44538.53,0,10600.0,7,595,0.2102,0
23374.09,4,11500.0,3,754,0.3727,0
41245.94,8,10800.0,2,668,0.3234,0
128548.25,0,14300.0,6,662,0.1561,0
48551.02,3,15700.0,1,714,0.2916,0
56568.67,7,15400.0,3,669,0.3965,0
64685.29,4,28500.0,0,680,0.3519,0
202800.45,4,92300.0,4,557,0.4312,1
60167.11,8,6400.0,1,612,0.3823,0
109280.14,5,57000.0,2,815,0.2948,0
43088.05,2,12900.0,5,597,0.1171,0
51913.31,12,19200.0,3,680,0.2612,0
60288.94,3,30900.0,2,806,0.2759,0
39113.65,1,23600.0,4,727,0.3175,1
53527.74,4,21000.0,5,697,0.2124,0
97580.02,4,18100.0,1,615,0.1231,0
38553.4,5,17300.0,8,628,0.1102,0
59877.07,6,28500.0,0,652,0.1388,0
88415.58,1,21700.0,5,700,0.366,1
38045.71,3,1000.0,8,770,0.1668,0
109368.43,5,36900.0,1,684,0.4012,0
62323.01,4,13500.0,3,632,0.3792,1
54676.13,2,28900.0,0,668,0.3391,0
19841.26,7,9300.0,5,714,0.4773,0
48752.57,7,7300.0,3,700,0.2063,0
73451.15,0,17900.0,1,656,0.2997,0
156363.67,5,63400.0,4,591,0.3658,0
81825.08,5,39000.0,4,756,0.3184,0
111237.07,3,47900.0,3,655,0.2256,0
30791.45,4,10300.0,3,693,0.1631,0
55840.11,3,21300.0,2,624,0.3154,0
117173.44,5,66800.0,4,622,0.6383,1
36744.6,3,19900.0,4,712,0.3791,0
101810.9,3,50500.0,4,580,0.4156,1
89619.2,3,53400.0,1,588,0.1924,0
69640.25,5,30700.0,2,788,0.6114,0
49971.77,6,32700.0,5,737,0.216,0
34805.74,10,8900.0,3,706,0.1332,0
158968.06,1,91400.0,2,595,0.1117,0
84755.37,0,24900.0,2,692,0.285,0
72210.36,7,27500.0,0,669,0.235,0
47711.73,4,15000.0,2,642,0.2961,0
61134.36,0,11600.0,3,668,0.3201,0
65551.7,3,42300.0,4,568,0.4828,1
74602.67,8,42600.0,0,520,0.5385,1
89669.61,3,39000.0,0,697,0.5231,0
38934.68,5,6700.0,5,687,0.1557,0
26725.45,2,7400.0,1,694,0.4883,0
62714.91,1,14300.0,3,733,0.3107,0
22903.17,7,20100.0,3,713,0.411,0
50110.53,2,22000.0,2,786,0.1933,0
45249.44,3,15500.0,1,763,0.3592,0
78469.2,4,34400.0,4,679,0.2662,0
178158.41,2,73700.0,3,687,0.2023,0
20547.1,17,6500.0,1,692,0.382,0
209148.91,7,80400.0,0,560,0.3561,0
52670.39,1,11700.0,2,744,0.2271,0
72496.59,8,13300.0,0,719,0.1836,0
27497.28,5,2200.0,0,551,0.1265,0
103598.63,5,11600.0,2,791,0.2336,0
61255.56,3,11700.0,0,643,0.3115,0
57883.81,3,32500.0,2,666,0.5052,1
20628.69,8,3700.0,3,664,0.2335,0
62354.32,1,25500.0,0,662,0.4165,0
95340.08,9,26500.0,1,850,0.3924,0
52577.67,4,10200.0,0,655,0.2291,0
114211.77,1,47700.0,0,651,0.4557,0
111646.44,1,37300.0,0,676,0.5832,1
42082.93,2,28600.0,1,611,0.6682,1
143963.15,2,50900.0,1,697,0.3114,0
61384.47,1,11900.0,4,613,0.4807,1
61534.91,5,30300.0,4,713,0.3076,0
63224.03,6,41100.0,3,597,0.5227,1
62200.83,6,30200.0,0,631,0.3911,0
18000.0,7,6000.0,2,600,0.1993,0
54066.58,3,15200.0,4,635,0.1404,0
28277.72,5,1000.0,1,541,0.2379,0
146456.63,7,47500.0,2,492,0.2248,0
143249.86,5,42300.0,2,651,0.2282,0
95661.01,5,47100.0,3,560,0.2745,0
52514.41,9,13200.0,2,805,0.3286,0
34392.43,3,10100.0,1,648,0.1846,0
41703.09,3,7800.0,3,728,0.3363,0
174286.02,4,52000.0,2,698,0.4102,0
40916.61,4,14500.0,2,595,0.2079,0
18000.0,4,6100.0,1,643,0.6265,1
105513.17,1,57000.0,1,731,0.1932,0
136663.46,8,46200.0,4,726,0.3006,0
149129.25,5,59200.0,5,740,0.3864,0
105989.09,0,21600.0,3,626,0.264,0
115940.9,0,22900.0,2,719,0.3827,0
61642.92,9,29100.0,2,630,0.1437,1
19111.34,2,8000.0,1,751,0.1922,0
60799.36,4,31900.0,4,749,0.4223,0
84277.06,1,47800.0,6,572,0.4484,1
55581.27,18,3000.0,5,696,0.2877,0
54205.63,4,18100.0,3,593,0.3944,0
35232.88,2,3100.0,4,737,0.3635,0
34511.36,7,6800.0,2,590,0.5316,1
164551.96,1,82500.0,5,699,0.0775,0
167860.83,8,29400.0,2,730,0.2377,0
59787.03,3,22000.0,4,680,0.3708,0
69901.19,6,7300.0,4,740,0.3139,0
34909.98,5,8300.0,3,697,0.5312,0
85256.2,3,18700.0,2,792,0.7043,0
157598.67,1,47000.0,3,592,0.4654,1
25820.48,4,1600.0,2,646,0.3439,0
77275.78,2,15700.0,2,531,0.2693,0
80536.21,4,12700.0,4,653,0.2401,0
80032.14,7,29200.0,2,586,0.3093,1
147790.31,5,45600.0,1,571,0.5649,1
183470.66,0,98600.0,2,558,0.3243,1
52658.55,3,26200.0,1,640,0.5004,0
86703.15,2,47500.0,0,694,0.5103,1
62713.28,2,25300.0,2,711,0.4271,0
42291.3,4,19400.0,3,750,0.22,0
69490.67,3,23300.0,1,746,0.1579,0
86623.35,2,38900.0,1,590,0.1664,0
67461.39,1,38900.0,2,619,0.2312,1
36877.26,3,1000.0,1,689,0.2791,0
46399.39,7,1000.0,2,691,0.2474,0
46595.11,7,7700.0,4,779,0.1057,0
37671.38,5,14500.0,2,653,0.5463,0
71142.97,0,11600.0,7,733,0.3793,0
75354.71,4,28300.0,0,664,0.0665,0
102614.52,10,34300.0,3,702,0.3444,0
37358.2,1,12100.0,2,704,0.2373,0
43581.44,3,18100.0,2,673,0.2577,0
140788.38,7,53200.0,3,602,0.3604,0
54694.98,0,34400.0,5,696,0.169,0
60874.65,3,27800.0,3,723,0.1932,0
54376.8,11,21900.0,5,683,0.3611,0
111654.77,10,53600.0,2,468,0.1837,0
114061.7,10,69300.0,2,662,0.3662,0
110444.06,3,29100.0,1,726,0.3689,0
60755.46,9,33700.0,2,602,0.3769,1
37055.06,4,20900.0,1,755,0.6996,0
172623.33,2,39800.0,2,629,0.3007,0
95891.24,2,61700.0,1,651,0.2025,0
46575.86,5,22400.0,2,690,0.2993,0
131019.36,0,52500.0,1,606,0.5639,1
44596.7,3,12400.0,2,743,0.2699,0
130077.65,4,78800.0,2,770,0.4355,0
135003.57,6,53000.0,1,592,0.5339,1
36068.84,0,13000.0,1,661,0.4667,0
82451.63,3,33100.0,1,817,0.2372,0
92060.83,7,57600.0,3,757,0.2317,0
252256.08,13,84400.0,2,554,0.3141,0
39804.47,2,11200.0,3,763,0.3921,0
131649.56,9,22400.0,3,418,0.11,0
60448.09,7,20700.0,1,721,0.4818,0
30249.95,10,5600.0,0,611,0.3301,0
56050.43,0,10000.0,1,709,0.609,1
59955.36,6,23300.0,1,694,0.1581,0
33443.42,9,16900.0,3,685,0.6245,1
71089.54,4,45400.0,2,719,0.401,0
101396.63,3,38700.0,2,638,0.3099,0
68255.3,4,10000.0,4,630,0.2523,0
44444.02,8,14300.0,4,745,0.1897,0
55179.15,2,23000.0,2,675,0.2628,0
59724.71,2,9800.0,1,632,0.1759,1
67475.98,0,20400.0,3,662,0.15,0
110239.1,3,47400.0,0,655,0.4157,0
69533.7,1,42200.0,2,649,0.3176,1
27681.42,3,2800.0,1,708,0.2328,0
43946.29,1,13200.0,0,610,0.3132,0
65598.73,2,33300.0,1,789,0.4155,0
111109.17,3,62300.0,0,692,0.3669,0
122249.04,4,18300.0,4,537,0.1844,0
158907.4,5,36500.0,2,696,0.15,0
64333.64,3,8000.0,4,605,0.5375,0
91109.74,3,49300.0,0,673,0.3051,0
26904.43,2,11600.0,4,664,0.314,0
75844.07,1,37100.0,1,726,0.4527,0
33143.59,8,3700.0,3,725,0.2474,0
57849.69,2,36600.0,4,692,0.3027,0
316922.05,4,140100.0,3,818,0.3991,0
70753.33,1,24400.0,3,621,0.3281,1
37231.21,6,9600.0,3,777,0.5936,0
74928.08,4,22800.0,4,780,0.1551,0
45053.62,5,15000.0,0,700,0.6424,0
35298.32,1,13700.0,3,709,0.2989,0
190370.37,5,51600.0,1,746,0.2017,0
107661.42,0,58800.0,4,651,0.1558,0
72406.05,2,21500.0,3,637,0.3997,1
48266.7,1,4400.0,2,641,0.1216,0
50466.54,4,28800.0,4,697,0.4638,1
139855.5,9,70500.0,6,640,0.2295,1
70871.07,6,36400.0,2,621,0.4196,0
18000.0,10,3200.0,1,597,0.4195,0
226730.23,4,120400.0,1,601,0.2782,0
66216.46,6,40500.0,5,627,0.3578,0
72319.78,8,31500.0,2,629,0.651,1
108845.22,7,62100.0,3,683,0.2496,0
77340.39,1,23800.0,2,617,0.4417,1
90291.6,2,20100.0,4,712,0.3805,0
47427.24,7,8600.0,4,823,0.217,0
30443.04,10,7600.0,6,769,0.434,0
69851.58,2,40900.0,1,595,0.2543,1
131582.34,2,76300.0,2,653,0.2547,0
41927.98,6,19900.0,2,580,0.2121,0
40118.26,3,12600.0,6,690,0.2628,0
117191.03,7,32600.0,4,694,0.3499,0
46560.84,6,21300.0,3,688,0.5212,0
47771.86,8,24900.0,4,596,0.3551,0
48765.12,3,14300.0,1,626,0.5228,1
57772.06,2,30500.0,1,747,0.3392,0
25197.47,2,8200.0,1,705,0.2509,0
44505.27,10,19900.0,3,610,0.5757,1
67961.89,1,34500.0,2,579,0.3776,1
67695.9,1,19100.0,3,670,0.3004,1
113198.27,4,59300.0,3,666,0.2303,1
164664.56,2,53100.0,1,579,0.3446,1
137566.94,8,58300.0,2,652,0.2622,0
99018.19,1,48300.0,4,639,0.241,0
55171.18,3,28100.0,2,631,0.275,0
42502.24,0,18900.0,2,643,0.3199,1
60465.8,3,29200.0,4,696,0.3031,0
82625.06,4,41900.0,3,682,0.6552,1
94095.53,4,55400.0,3,769,0.2796,0
84347.22,3,42500.0,1,690,0.3485,1
56013.81,6,22200.0,2,735,0.5262,0
92297.68,1,41400.0,2,576,0.2521,0
119788.13,5,54100.0,1,686,0.496,1
97157.46,3,13500.0,1,647,0.3729,0
58829.15,3,6200.0,2,729,0.5574,0
37849.88,5,10500.0,1,694,0.4182,0
37359.33,4,12400.0,1,793,0.413,0
41164.45,5,23300.0,3,605,0.5994,1
68967.55,12,34200.0,1,622,0.2143,0
79689.42,3,20600.0,3,701,0.1995,0
27501.81,1,14800.0,0,665,0.2944,0
45378.91,2,30500.0,3,604,0.1826,0
68446.45,10,37100.0,1,703,0.5972,1
36503.96,3,7800.0,1,638,0.2148,0
76012.06,6,32200.0,3,709,0.122,0
50559.92,4,22100.0,4,548,0.3773,1
40219.97,1,21900.0,2,653,0.526,1
61652.13,4,22800.0,4,687,0.2274,0
74291.68,2,39900.0,2,688,0.1574,0
37545.51,2,21000.0,2,727,0.1448,0
52394.83,4,7300.0,0,657,0.1654,0
77437.24,1,12800.0,2,709,0.2454,0
39373.58,6,4300.0,3,670,0.321,0
24058.26,2,2700.0,1,730,0.4462,0
25716.4,6,9400.0,3,560,0.489,1
47575.44,6,6000.0,3,480,0.404,1
28994.75,3,7300.0,1,769,0.282,0
49451.76,4,10500.0,4,632,0.619,1
149599.73,5,60400.0,0,547,0.155,0
28050.76,3,15300.0,4,663,0.4124,0
51254.94,0,7000.0,2,636,0.5252,1
193448.67,4,63800.0,2,703,0.0988,0
74942.13,7,36000.0,4,712,0.6003,0
48910.74,2,27400.0,4,644,0.3793,0
54924.49,7,21300.0,3,745,0.3431,0
75822.43,1,16400.0,3,584,0.2074,0
152157.97,3,29200.0,1,499,0.1342,0
44713.49,3,9000.0,3,686,0.1464,0
39470.72,4,17800.0,6,656,0.2482,0
28047.51,2,5700.0,2,533,0.1448,0
63367.27,1,22100.0,2,721,0.424,0
27635.93,3,9500.0,2,548,0.5983,1
46393.73,5,22000.0,0,667,0.379,0
36323.64,2,11800.0,2,733,0.1523,0
108095.24,3,46400.0,1,694,0.5015,0
45269.19,13,5200.0,6,690,0.5586,0
74481.92,4,24000.0,2,639,0.1487,0
24778.94,3,17700.0,2,688,0.3771,0
64365.23,3,9800.0,2,713,0.1633,0
30892.29,11,10400.0,2,627,0.2332,0
47377.06,6,18000.0,1,590,0.4373,1
202027.97,2,97500.0,2,734,0.263,0
99977.05,6,41400.0,4,814,0.3425,0
55791.29,1,12100.0,1,787,0.3253,0
347812.23,4,88700.0,1,478,0.2531,0
36194.19,8,17200.0,5,769,0.3632,0
113648.88,4,24800.0,1,627,0.3384,0
25771.62,1,8300.0,2,810,0.2758,0
52357.08,4,16800.0,5,597,0.491,1
28530.12,8,7700.0,2,590,0.2155,0
68975.16,2,33900.0,2,671,0.4897,0
61745.95,6,23200.0,3,645,0.3911,0
50553.34,9,15500.0,1,649,0.4673,1
109166.7,5,25000.0,3,746,0.3317,0
43830.95,4,13100.0,1,768,0.4114,0
71665.77,2,5800.0,2,604,0.2417,0
94023.99,2,48100.0,3,798,0.3774,0
26482.21,3,14200.0,2,583,0.5629,1
39670.86,6,3500.0,0,630,0.3101,0
61674.36,14,33600.0,5,850,0.3445,0
84675.74,2,25800.0,6,703,0.1772,0
130833.5,5,47700.0,3,626,0.6456,1
53170.88,7,14500.0,1,695,0.4489,0
50309.08,4,21300.0,4,728,0.1457,0
37051.8,4,24100.0,0,700,0.1696,0
71789.34,1,24800.0,0,771,0.1933,0
50847.45,4,20000.0,2,610,0.571,1
51497.18,3,34100.0,3,626,0.2371,1
56860.79,3,29700.0,1,608,0.1775,0
81096.53,5,13000.0,5,613,0.6548,1
43912.23,1,26800.0,1,678,0.2146,0
39156.16,2,3500.0,0,595,0.5639,0
75920.98,4,43300.0,1,697,0.1633,0
18000.0,10,6400.0,1,722,0.4073,0
42957.95,3,11600.0,3,583,0.4845,1
31785.95,4,5200.0,0,628,0.6367,1
116051.81,4,44800.0,1,637,0.2281,0
46980.46,1,24300.0,0,659,0.2581,0
43985.1,3,11800.0,4,663,0.4773,0
58294.19,4,28900.0,0,743,0.2349,0
43154.64,4,10900.0,3,748,0.4274,0
47980.19,5,4700.0,1,614,0.3779,0
63159.01,1,23700.0,3,727,0.3348,0
47471.17,2,8900.0,0,778,0.3125,0
47284.15,1,1900.0,3,766,0.383,0
34351.92,9,1000.0,2,690,0.3112,0
31742.73,3,9600.0,3,671,0.5492,0
61904.63,4,12200.0,5,570,0.3349,1
70871.97,4,31000.0,2,644,0.2657,0
27296.5,0,14100.0,2,563,0.4484,1
90941.14,1,33600.0,4,761,0.2922,0
91146.76,3,31800.0,1,655,0.3056,0
102342.37,5,19600.0,5,669,0.2524,0
70610.84,5,41400.0,3,629,0.2719,1
84999.03,1,10300.0,4,569,0.4964,1
199140.17,1,51200.0,4,728,0.2211,0
50724.44,5,9600.0,1,713,0.2667,0
33687.08,5,19600.0,2,745,0.0945,0
25751.99,1,11900.0,3,544,0.2789,0
157254.48,5,28300.0,2,774,0.3374,0
158392.75,3,27300.0,2,666,0.3829,0
36007.05,3,16200.0,0,733,0.2958,0
40133.78,10,14900.0,3,477,0.3752,1
50101.43,3,8400.0,1,706,0.1232,0
117399.89,2,62700.0,5,669,0.2627,0
29495.23,6,9500.0,1,658,0.2585,0
20299.66,6,4600.0,4,668,0.5542,1
197231.4,8,52400.0,0,630,0.1288,0
71097.35,6,40100.0,1,569,0.3089,0
76874.33,6,16700.0,3,580,0.4739,0
53486.88,4,18700.0,2,677,0.4117,1
77356.64,14,12600.0,2,773,0.2801,0
26034.73,1,6400.0,0,758,0.4532,0
37702.95,5,8400.0,1,692,0.3406,1
63439.17,1,4900.0,1,638,0.4906,0
18000.0,4,14300.0,2,830,0.1942,0
50696.66,4,8100.0,6,726,0.4097,0
49006.57,4,24900.0,0,720,0.5215,1
50691.85,0,21900.0,2,575,0.4703,1
44218.79,3,1000.0,0,694,0.2374,0
34622.51,15,14200.0,3,582,0.3323,0
21979.87,4,3700.0,2,831,0.3286,0
64835.65,7,28800.0,2,612,0.812,1
50763.45,5,8400.0,2,629,0.7427,0
28101.98,13,7600.0,2,626,0.3721,0
61969.24,5,10800.0,2,647,0.3314,0
50908.1,4,25400.0,2,725,0.1851,0
46464.17,1,28800.0,3,675,0.4788,1
18282.65,1,12400.0,6,678,0.2864,0
87161.86,2,28400.0,0,729,0.4667,0
30388.57,3,10600.0,2,561,0.2927,0
61994.36,1,19500.0,2,731,0.4357,0
38386.16,4,9500.0,3,685,0.2564,0
48348.98,4,19900.0,2,622,0.3092,0
112843.92,11,48200.0,1,685,0.3969,0
80208.92,12,11700.0,1,683,0.5896,0
111471.25,6,69900.0,2,478,0.4478,1
71805.19,6,33200.0,3,778,0.4319,0
74449.7,8,37500.0,3,766,0.5293,0
22479.83,5,6400.0,4,577,0.1943,1
50279.93,8,7800.0,1,618,0.2091,0
52907.48,1,7400.0,1,777,0.3714,0
117361.67,7,45600.0,2,725,0.4577,0
45323.18,1,10500.0,1,704,0.4789,0
69263.46,1,9500.0,5,708,0.426,0
67789.77,8,39700.0,3,703,0.3643,0
113178.48,2,58600.0,2,595,0.2292,1
55627.93,2,22800.0,1,633,0.2285,0
94398.72,5,31900.0,2,750,0.2875,0
23442.93,2,10800.0,4,724,0.1772,0
24644.01,2,6200.0,0,696,0.1196,0
18000.0,1,2900.0,3,626,0.43,0
92253.15,2,21200.0,4,749,0.5906,0
86726.68,6,16700.0,1,603,0.2302,0
98052.19,7,52600.0,0,786,0.3236,0
41251.84,3,24900.0,3,621,0.4084,1
43916.65,11,23200.0,4,610,0.1429,0
56017.75,5,5100.0,2,677,0.1101,0
132459.82,8,73200.0,0,691,0.4198,0
151995.39,2,22900.0,4,682,0.2601,0
92650.97,3,29700.0,1,576,0.2755,0
71830.24,3,14600.0,1,707,0.481,0
124799.1,3,15000.0,2,748,0.0659,0
52014.96,0,12800.0,0,669,0.2188,0
48290.11,4,21600.0,2,559,0.4444,1
55772.59,5,32900.0,4,659,0.2399,0
34951.17,5,2900.0,3,590,0.1625,0
54379.63,11,13800.0,2,530,0.3703,1
32384.19,12,16900.0,0,634,0.2447,0
105214.28,0,60800.0,2,797,0.1821,0
80743.12,9,41500.0,4,669,0.1181,0
131433.9,11,28800.0,0,655,0.3731,0
24438.0,0,5900.0,5,728,0.1473,0
170405.01,6,62700.0,3,721,0.4121,0
25213.59,4,9000.0,3,565,0.2475,0
30974.84,11,1000.0,1,815,0.4688,0
42554.81,10,12500.0,1,690,0.4728,0
122914.76,19,60300.0,3,743,0.1707,0
67782.91,6,27400.0,3,630,0.365,0
52359.77,5,37300.0,3,528,0.1647,0
38717.81,2,6500.0,1,666,0.4175,0
28091.87,2,9500.0,3,592,0.3148,1
111629.99,6,17600.0,1,763,0.338,0
92897.46,2,10200.0,1,569,0.5309,1
125976.13,4,27000.0,0,677,0.358,1
74477.32,1,8900.0,1,720,0.1749,0
18000.0,4,1000.0,4,707,0.3754,0
30196.44,0,7100.0,3,637,0.3633,0
77317.78,8,28900.0,2,541,0.36,1
48857.13,4,15700.0,2,562,0.282,0
44030.46,2,20300.0,6,618,0.3163,1
32637.76,3,9100.0,2,569,0.503,1
100828.29,2,33100.0,3,669,0.3685,0
76949.6,2,33900.0,0,618,0.3372,0
78877.81,3,36800.0,1,578,0.368,0
42256.72,3,11900.0,3,568,0.1236,0
65970.19,3,35900.0,2,556,0.5632,1
28687.86,0,1900.0,5,671,0.4543,0
55747.88,8,12100.0,1,620,0.3813,0
18000.0,8,8900.0,6,677,0.2618,0
25274.12,4,17000.0,3,669,0.6265,1
50147.73,12,28000.0,2,660,0.5088,0
221087.75,3,124000.0,2,724,0.2209,0
22238.74,4,5600.0,2,565,0.4486,1
30213.09,5,23100.0,3,724,0.3978,0
67455.68,4,27700.0,1,704,0.2812,0
158448.14,2,23000.0,0,660,0.4284,0
66916.1,4,33600.0,1,614,0.3903,1
88095.61,1,21900.0,4,678,0.2625,0
49727.73,2,6600.0,2,709,0.5187,0
45213.82,7,7300.0,3,570,0.6059,1
62642.63,17,31800.0,0,721,0.619,0
41686.84,2,17500.0,3,805,0.5229,0
89174.3,3,37000.0,2,670,0.1411,0
24749.25,3,8600.0,1,773,0.2472,0
97683.98,4,22200.0,4,711,0.1985,0
61182.85,8,6400.0,5,695,0.5597,1
53204.78,4,14500.0,3,622,0.2884,1
24254.53,1,9300.0,2,649,0.3935,1
34930.52,2,8000.0,7,601,0.1874,0
115758.14,5,60000.0,2,746,0.4152,0
53384.22,3,17300.0,3,619,0.266,1
69781.15,3,42800.0,2,807,0.3673,0
36910.72,3,19300.0,4,708,0.0996,0
58924.95,4,10600.0,3,705,0.2105,0
28150.39,2,3600.0,8,576,0.2837,0
63255.37,7,20500.0,1,725,0.2076,0
73412.72,1,30200.0,3,658,0.3585,0
71420.35,5,19700.0,1,633,0.5977,1
36425.65,2,17700.0,1,626,0.2986,0
49606.24,4,27100.0,2,582,0.6743,1
80455.28,9,20000.0,3,676,0.3838,0
53300.94,9,21400.0,1,662,0.2892,0
51122.6,8,27500.0,2,576,0.3429,0
170571.05,10,72200.0,5,714,0.3139,0
35488.22,15,10700.0,4,835,0.2244,0
108470.13,7,59100.0,2,568,0.4837,1
31727.07,5,14600.0,0,667,0.3837,0
85830.49,2,14100.0,4,799,0.3713,0
88387.33,6,28700.0,1,617,0.3294,0
45220.2,4,8400.0,6,708,0.2783,0
30649.99,11,16800.0,2,704,0.3311,0
20257.12,7,10600.0,1,724,0.2691,0
42688.62,1,21900.0,3,812,0.3068,0
79971.07,5,37100.0,0,541,0.3876,1
33100.53,7,13200.0,4,689,0.3562,0
63153.38,4,33900.0,2,637,0.3419,1
26581.31,15,15300.0,0,672,0.2989,0
52646.84,6,23200.0,3,678,0.2244,0
31860.61,2,10300.0,0,653,0.5324,1
57360.47,2,30800.0,4,593,0.2453,1
45451.74,2,7400.0,4,599,0.513,1
31110.44,2,10400.0,2,834,0.3579,0
41673.45,4,17600.0,2,571,0.4437,1
35818.28,5,8300.0,3,767,0.1988,0
29066.49,9,7800.0,3,597,0.3932,1
108609.07,7,36400.0,1,682,0.106,0
49114.22,3,28200.0,6,823,0.3262,0
18000.0,3,5300.0,4,735,0.4969,0
42497.29,7,16700.0,1,567,0.2358,0
99021.42,2,51000.0,2,650,0.2959,0
39389.43,6,6200.0,1,673,0.2994,0
136456.22,1,57200.0,2,752,0.5187,0
37377.94,5,22000.0,2,679,0.2497,0
78974.04,5,12200.0,6,663,0.4185,0
105889.48,3,47800.0,5,804,0.4213,0
76696.14,1,35900.0,2,794,0.2265,0
28114.15,1,11900.0,2,727,0.1389,0
35654.91,4,12300.0,2,628,0.1461,0
113952.74,5,38800.0,3,476,0.4007,1
38463.45,0,7100.0,4,579,0.4784,1
102397.96,0,15800.0,1,559,0.3118,0
47256.4,1,26500.0,1,670,0.4828,1
64717.73,2,36200.0,3,745,0.1894,1
27935.15,2,9200.0,4,823,0.3601,0
42849.65,4,18500.0,2,771,0.259,0
36996.61,8,19800.0,0,622,0.4188,1
67783.89,8,39800.0,4,694,0.7056,1
63023.23,6,29100.0,0,705,0.3736,0
77223.37,7,23600.0,1,558,0.5406,1
45716.41,2,5700.0,2,609,0.2135,0
35895.72,6,6700.0,4,643,0.1101,0
66204.32,6,5700.0,1,835,0.3127,0
33986.75,1,8400.0,2,704,0.4093,0
108351.12,9,11700.0,1,576,0.4041,0
56219.15,7,9300.0,3,643,0.2752,0
50042.39,2,14000.0,2,709,0.5397,0
77203.23,0,16600.0,1,656,0.2855,0
57411.48,4,7000.0,4,648,0.2857,0
24054.36,3,9000.0,3,730,0.4056,0
33396.74,1,5400.0,3,780,0.3794,0
107123.73,4,53400.0,4,766,0.3318,0
62701.23,3,20300.0,3,652,0.2301,0
23745.25,7,7100.0,0,663,0.2423,0
72668.38,0,1700.0,2,652,0.4993,0
44020.37,7,24200.0,4,754,0.1293,0
37013.02,4,22900.0,2,646,0.2591,1
31898.68,6,4000.0,2,531,0.6314,1
103773.01,10,17500.0,1,711,0.2035,0
20312.18,5,12000.0,3,715,0.3659,0
37773.28,7,17700.0,3,645,0.7346,1
63963.62,1,36600.0,3,814,0.3396,0
142642.91,1,37000.0,1,634,0.4115,0
81196.06,3,15200.0,2,781,0.3299,0
37597.26,2,15500.0,1,575,0.4715,1
138849.29,5,75400.0,1,696,0.3813,0
28415.27,5,4300.0,2,614,0.1998,0
69281.62,8,32000.0,0,670,0.4795,0
78298.33,4,29400.0,3,732,0.1591,0
36878.59,1,20100.0,3,632,0.2768,0
87875.49,8,31300.0,3,623,0.1533,0
45132.61,8,14400.0,2,658,0.248,0
87757.13,3,23300.0,1,850,0.4743,0
21768.57,8,5500.0,1,690,0.4157,0
71986.71,1,12100.0,3,686,0.2579,0
47731.24,3,10600.0,5,708,0.1935,0
112683.36,1,43800.0,0,546,0.291,1
58443.2,7,26100.0,2,744,0.4296,0
119023.5,2,67200.0,4,728,0.4068,0
79156.88,8,21300.0,2,541,0.4938,0
55819.04,1,32600.0,3,850,0.178,0
92338.65,13,52700.0,2,675,0.2579,0
92663.71,3,34600.0,1,591,0.1414,1
77617.68,3,30700.0,1,699,0.1437,0
18000.0,7,3900.0,3,607,0.1607,0
34877.31,5,17600.0,0,554,0.2557,0
128188.64,3,44700.0,2,655,0.2781,0
30008.31,3,10900.0,0,658,0.4279,1
97280.48,11,55700.0,3,557,0.2831,1
88304.73,3,36200.0,2,616,0.4339,1
40168.41,4,13700.0,1,598,0.3595,1
19982.71,1,9300.0,4,648,0.1759,1
43787.25,9,12300.0,3,724,0.6059,0
187757.83,2,50800.0,2,686,0.3682,0
37242.19,1,17000.0,5,673,0.5642,1
38683.11,7,17200.0,1,538,0.4128,0
34590.34,0,15400.0,5,673,0.3447,1
116789.85,4,35000.0,2,593,0.5441,1
52386.09,3,19600.0,4,546,0.4668,1
42435.97,3,7400.0,1,741,0.1778,0
130276.02,2,35600.0,1,575,0.332,0
82349.01,2,23400.0,3,682,0.2037,0
36112.36,0,24200.0,3,638,0.2457,1
30547.22,7,5500.0,2,603,0.4569,0
113209.29,3,65800.0,4,766,0.3822,0
60429.55,8,29600.0,2,630,0.3558,0
25540.35,14,6500.0,3,635,0.3749,0
22455.4,1,5200.0,1,620,0.2989,0
32408.59,6,5800.0,1,688,0.2902,0
30281.23,1,15100.0,4,663,0.3922,0
19431.63,2,11200.0,3,622,0.2842,0
32704.6,3,8100.0,1,606,0.1144,0
36116.52,13,14600.0,1,672,0.5317,0
46421.84,3,6600.0,2,626,0.5082,1
151918.66,3,82700.0,3,804,0.462,0
51701.2,4,21700.0,1,636,0.3743,0
54602.44,3,30100.0,2,700,0.6745,1
79228.43,1,49600.0,2,668,0.3793,1
52547.62,8,25200.0,4,653,0.2109,0
74614.05,2,30000.0,1,742,0.2568,0
69866.26,1,38700.0,1,719,0.3586,1
64050.28,5,22100.0,4,717,0.4688,0
274184.45,8,118900.0,1,716,0.3645,0
98826.32,2,19000.0,6,554,0.578,1
33026.08,3,14900.0,5,708,0.0799,0
73395.82,3,26300.0,3,656,0.3222,0
38736.78,2,7200.0,2,637,0.1232,0
76529.99,4,40300.0,4,850,0.1908,0
28103.43,11,5400.0,3,564,0.2471,0
32556.14,4,12100.0,0,668,0.4236,0
72341.2,5,26400.0,3,662,0.3894,0
103644.08,3,57900.0,1,669,0.325,0
78940.87,4,16700.0,2,599,0.445,0
95775.72,5,39200.0,1,692,0.2976,0
73541.14,6,43600.0,0,591,0.2923,0
65832.76,2,22800.0,2,696,0.2933,0
45386.44,3,9300.0,2,687,0.2404,0
93634.2,7,37400.0,0,657,0.3249,0
105206.84,3,36400.0,3,670,0.4076,0
57831.35,1,31700.0,1,794,0.2746,0
56144.87,2,24700.0,1,718,0.2487,0
143669.84,7,58500.0,3,688,0.324,0
59205.4,7,22300.0,1,707,0.2315,0
62419.14,6,29600.0,1,678,0.2502,0
78145.23,8,16700.0,3,716,0.6041,0
56738.4,10,4300.0,1,630,0.2375,0
38132.14,14,6500.0,3,841,0.3289,0
73709.06,6,35600.0,0,689,0.4201,0
58611.41,3,14800.0,2,850,0.2322,0
164923.56,1,27300.0,2,841,0.306,0
92378.24,1,26900.0,1,637,0.4391,0
43152.03,2,24900.0,4,693,0.3179,0
89409.58,8,50700.0,2,702,0.4151,0
70921.31,2,28300.0,3,745,0.4682,0
123030.12,2,66400.0,0,685,0.5318,0
44871.14,2,12700.0,2,766,0.2739,0
66421.22,4,9600.0,3,543,0.2084,0
56698.24,5,22600.0,0,629,0.3751,0
61831.22,5,11200.0,3,661,0.5169,0
36795.86,2,12800.0,1,625,0.3427,0
82186.92,7,25200.0,2,545,0.1985,0
75348.58,3,26700.0,4,741,0.4095,0
121403.26,7,13300.0,2,592,0.1883,0
59544.89,4,31100.0,1,624,0.3401,0
47738.25,2,8900.0,0,732,0.3243,0
92421.22,3,29700.0,0,767,0.5538,0
38684.24,2,9200.0,2,633,0.1345,0
108742.88,1,22600.0,6,597,0.4535,1
108614.82,4,40100.0,2,614,0.4427,0
119551.6,1,64600.0,0,759,0.4346,0
73654.66,1,43600.0,3,763,0.2866,0
45817.76,6,16700.0,1,700,0.296,0
63579.94,9,25400.0,0,694,0.6055,0
73794.38,2,30100.0,2,576,0.6067,1
43999.0,23,4400.0,6,710,0.4712,0
124643.63,6,40600.0,2,734,0.4499,0
82375.74,4,18900.0,3,687,0.3667,0
36653.98,0,2300.0,2,690,0.2794,0
168649.95,5,77300.0,2,598,0.3167,0
63168.69,1,32500.0,4,763,0.3969,1
32801.95,1,13400.0,2,573,0.2747,1
37924.79,6,19600.0,1,674,0.3738,0
135710.74,12,72500.0,4,709,0.3603,0
163364.91,4,47900.0,5,761,0.4147,0
104319.83,7,54400.0,1,754,0.3914,0
123700.64,12,50400.0,2,760,0.2071,0
116907.52,1,26800.0,1,652,0.2913,0
81332.74,6,39500.0,1,849,0.3872,0
71752.14,9,42600.0,4,757,0.2283,0
80573.47,8,38400.0,2,649,0.3033,0
89752.26,8,33700.0,2,653,0.3634,0
39819.86,2,13500.0,1,732,0.1516,0
89552.23,5,27500.0,3,640,0.2252,0
133551.07,9,13100.0,2,579,0.5225,0
53449.64,6,13100.0,1,681,0.3652,0
50398.35,1,26300.0,2,505,0.17,1
77815.85,1,17700.0,5,702,0.504,0
41885.22,8,9700.0,3,723,0.3157,0
29020.27,0,5800.0,5,655,0.5947,0
112560.43,6,21900.0,3,761,0.2771,0
46722.3,7,24600.0,0,739,0.3531,0
60484.76,5,10000.0,0,599,0.2685,0
42805.9,7,5800.0,3,678,0.1295,0
120839.1,7,39000.0,4,636,0.4216,1
95726.16,0,53800.0,0,651,0.571,1
52448.83,0,9800.0,4,761,0.3046,0
31290.08,2,8600.0,1,722,0.2445,0
49473.31,5,12900.0,0,621,0.3887,0
81927.01,5,15500.0,1,692,0.228,0
66419.74,1,33000.0,2,618,0.1611,0
63576.8,9,9400.0,4,639,0.2561,0
67267.62,14,11900.0,1,790,0.275,0
90883.88,7,22800.0,5,850,0.5306,0
58511.43,5,7100.0,3,808,0.1263,0
76688.53,5,33500.0,0,696,0.2272,0
34793.8,2,22100.0,0,689,0.5005,1
243925.45,1,74400.0,2,751,0.2407,0
51219.59,7,29400.0,3,683,0.4915,1
66968.4,7,40200.0,5,568,0.557,1
81761.03,7,36200.0,1,811,0.1456,0
47765.8,5,9900.0,2,586,0.5036,0
60132.37,1,15500.0,2,766,0.3489,0
59731.89,1,24600.0,4,732,0.2517,0
36216.82,1,14100.0,2,814,0.1744,0
76208.19,10,39900.0,2,740,0.4375,0
24171.46,1,2000.0,2,631,0.2541,1
156998.2,3,77300.0,1,756,0.3399,0
92608.29,2,47300.0,3,648,0.3832,0
85094.47,1,44800.0,1,602,0.5001,1
23036.77,5,10100.0,2,538,0.3966,1
38719.91,10,16800.0,2,666,0.5294,0
128558.56,4,61700.0,4,548,0.4547,1
400000.0,1,150000.0,1,783,0.4296,0
115506.36,3,64000.0,2,557,0.1815,0
105907.24,2,18800.0,3,646,0.2476,0
79916.36,3,27600.0,3,650,0.273,0
37566.82,3,5500.0,1,688,0.3763,0
103501.95,11,36100.0,3,610,0.482,1
32674.03,5,2800.0,3,760,0.1486,0
30766.39,5,11900.0,5,687,0.2346,0
29719.51,2,14900.0,2,674,0.1411,0
102400.56,7,20400.0,1,626,0.367,0
58012.99,8,11700.0,1,716,0.4913,0
63289.33,6,9700.0,1,780,0.4995,0
59369.02,5,25800.0,3,850,0.3858,0
32236.54,1,10000.0,4,604,0.3113,0
41402.56,5,16000.0,3,665,0.4685,1
42564.06,10,19000.0,7,532,0.2051,1
27642.25,5,7000.0,2,726,0.3695,0
45373.54,6,13200.0,2,573,0.1626,0
33033.63,3,6400.0,0,696,0.5354,0
82266.69,2,25300.0,1,768,0.1537,0
86123.2,1,7700.0,8,644,0.6553,1
29392.61,9,12200.0,4,605,0.271,0
50861.04,3,7100.0,2,774,0.2531,0
166181.02,8,14600.0,4,728,0.6203,0
34911.81,3,16800.0,2,590,0.2687,1
75708.88,8,23500.0,3,685,0.37,0
63451.88,4,12400.0,2,611,0.193,0
109216.58,3,37100.0,1,755,0.22,0
70439.31,3,25300.0,3,684,0.3047,0
47230.14,7,18300.0,4,790,0.4166,0
62113.6,5,8300.0,1,605,0.1881,0
62614.58,7,21600.0,3,692,0.6384,0
56929.43,9,23500.0,1,674,0.5256,0
28983.69,3,9500.0,3,694,0.318,0
118622.18,6,51800.0,3,633,0.398,1
107639.02,4,17500.0,2,506,0.1309,0
33714.93,3,12500.0,6,726,0.3712,0
50746.65,5,14300.0,3,679,0.5113,0
52902.34,1,21000.0,2,613,0.3663,1
31695.01,8,7300.0,1,637,0.2545,0
21445.33,5,4300.0,4,587,0.3044,0
41405.71,2,17900.0,0,536,0.5705,1
49216.23,5,20800.0,1,753,0.3192,0
27100.89,0,11200.0,5,718,0.3106,0
65995.23,1,34800.0,1,574,0.5495,1
113501.46,1,13600.0,4,850,0.2233,0
95145.62,1,33600.0,0,590,0.2164,0
55844.31,3,22700.0,2,729,0.3318,0
21758.8,5,11600.0,2,675,0.1909,0
88755.11,18,29500.0,1,580,0.1577,0
64894.34,8,33900.0,0,701,0.2468,0
75613.73,0,49500.0,3,661,0.6116,1
173660.33,12,108800.0,4,627,0.5062,0
38038.48,2,14900.0,1,774,0.221,0
18000.0,6,2200.0,1,722,0.0802,0
33543.55,3,2300.0,1,729,0.451,0
78223.45,12,39200.0,5,659,0.3969,1
60767.43,8,34100.0,2,701,0.5425,0
30681.04,11,11700.0,1,673,0.473,0
27423.5,6,3600.0,1,712,0.567,0
49264.8,3,10900.0,5,602,0.2691,0
30171.35,6,8900.0,3,497,0.3331,1
79725.79,10,41100.0,2,777,0.3258,0
47749.09,2,20400.0,2,674,0.2658,0
42407.7,5,24400.0,2,718,0.2918,0
39456.26,7,8800.0,0,624,0.1853,0
69197.33,2,12900.0,1,658,0.4779,0
61293.87,3,33000.0,3,789,0.2316,0
66908.18,4,32500.0,6,702,0.3489,0
66109.73,5,32000.0,1,840,0.3309,0
57543.27,4,6200.0,5,742,0.2582,0
33920.61,4,16500.0,2,625,0.2465,0
40066.3,13,11400.0,3,708,0.2301,0
48191.06,4,10200.0,3,801,0.3398,0
186438.63,10,107800.0,1,692,0.3926,0
28513.7,17,14600.0,1,723,0.2978,0
47551.23,2,17700.0,3,781,0.2118,0
63199.2,8,24700.0,7,499,0.6928,1
50673.94,3,21500.0,1,728,0.4676,0
108086.08,8,60700.0,3,776,0.3086,0
50530.18,3,14400.0,2,617,0.4455,1
52627.93,0,20900.0,4,753,0.3547,0
93718.01,7,28300.0,3,675,0.4002,1
162087.47,4,53500.0,4,548,0.4882,1
129848.56,10,20400.0,3,734,0.3147,0
55538.98,3,5300.0,2,674,0.3431,0
58265.6,4,21300.0,2,669,0.2515,0
61432.58,2,14200.0,2,723,0.5962,0
64916.02,1,18600.0,2,604,0.3451,1
37569.9,5,16300.0,3,733,0.4394,0
100220.35,4,22800.0,2,607,0.4813,1
67079.58,0,8600.0,3,788,0.1725,0
58415.06,10,11800.0,2,760,0.4912,0
29758.5,4,12800.0,1,790,0.3029,0
61960.81,2,9400.0,1,710,0.259,0
21136.0,7,3700.0,3,643,0.1839,0
43481.59,8,20500.0,3,621,0.4226,0
43927.52,1,7000.0,0,616,0.3733,0
70111.87,1,27600.0,3,662,0.1575,0
168369.71,3,40200.0,3,624,0.3915,1
82006.12,5,43100.0,6,699,0.1742,0
132802.87,11,75200.0,4,615,0.2994,0
85379.96,0,45700.0,3,628,0.1647,0
111165.95,13,39600.0,1,646,0.3181,0
166278.61,5,70000.0,1,617,0.3856,0
40034.21,9,7100.0,4,649,0.4397,0
38622.59,9,20900.0,4,719,0.4313,0
86495.36,4,10400.0,2,609,0.2302,0
59753.13,3,15900.0,1,585,0.4359,0
67588.6,6,19600.0,1,662,0.1545,0
52220.65,5,22700.0,1,590,0.1138,0
43133.61,2,29400.0,2,775,0.1937,0
146008.57,4,82000.0,0,623,0.268,0
32698.24,3,11800.0,4,679,0.2692,1
87335.8,4,41000.0,2,709,0.1282,0
79883.58,8,14800.0,4,580,0.5688,1
25123.09,3,13000.0,3,612,0.4437,1
37913.81,5,20300.0,3,628,0.2065,0
41586.06,4,1000.0,1,734,0.3827,0
81676.47,4,17100.0,5,812,0.2266,0
48929.25,3,20400.0,4,814,0.3599,0
57120.91,6,12900.0,2,770,0.1975,0
26857.33,0,8000.0,4,582,0.3201,1
215184.58,6,79600.0,1,609,0.507,1
62265.18,5,28200.0,2,779,0.3336,0
78782.84,5,39800.0,1,789,0.3424,0
44473.82,7,25400.0,4,735,0.216,0
41816.86,1,4400.0,6,735,0.604,0
171437.93,8,86400.0,3,643,0.1965,0
20864.47,3,1000.0,0,804,0.2392,0
69790.69,3,43500.0,2,620,0.4147,1
30750.85,2,10000.0,2,554,0.1481,0
47918.14,2,14200.0,4,735,0.1866,0
42152.45,1,13500.0,4,631,0.1088,0
34811.82,4,10100.0,2,578,0.3686,1
61052.72,3,28300.0,0,741,0.1715,0
18000.0,7,4400.0,4,538,0.5892,1
50336.28,5,20500.0,1,709,0.3695,0
56973.44,5,29200.0,3,642,0.2491,0
28350.44,3,12600.0,2,795,0.4976,0
137622.58,3,79400.0,2,709,0.2587,0
43176.34,11,18700.0,3,756,0.5482,0
52542.82,3,7000.0,1,594,0.3211,0
43229.55,0,19900.0,1,548,0.2711,0
57247.46,3,31200.0,0,648,0.1675,0
122943.39,2,41900.0,3,721,0.2806,0
233318.25,3,73000.0,1,680,0.5357,0
90228.58,4,33400.0,2,761,0.3771,0
108923.01,2,60700.0,1,716,0.526,0
153896.43,0,70300.0,3,596,0.2953,1
68657.05,3,19200.0,1,710,0.2617,0
142007.9,10,75700.0,0,688,0.2879,0
92579.28,4,15300.0,2,770,0.3287,0
64808.56,5,31700.0,3,606,0.4655,1
72597.63,3,33500.0,3,625,0.6058,1
21987.31,6,5600.0,0,705,0.4181,0
70309.74,7,40100.0,4,781,0.3294,0
25615.14,9,9000.0,1,660,0.3879,0
24492.0,10,6800.0,2,720,0.1787,0
66574.92,5,17900.0,3,678,0.4956,0
32443.54,9,1000.0,4,672,0.4253,0
59640.34,7,8600.0,3,761,0.4362,0
64610.94,6,19400.0,2,683,0.3801,0
66215.99,4,17800.0,3,642,0.3314,1
36414.9,0,10900.0,1,637,0.2224,0
98152.27,15,35100.0,0,652,0.2888,0
57006.5,4,25700.0,3,623,0.3743,0
76312.47,3,20500.0,4,657,0.5018,1
31006.69,3,4700.0,1,679,0.586,1
54280.47,7,3800.0,1,697,0.1778,0
109481.62,1,47600.0,2,601,0.1461,1
102088.74,10,24300.0,2,643,0.3729,0
38618.59,5,1000.0,4,647,0.2168,0
44353.33,2,22800.0,0,618,0.4483,1
34759.99,6,3200.0,6,632,0.6476,1
41729.89,7,6800.0,3,743,0.4387,0
27736.73,2,7400.0,1,777,0.3098,0
55492.51,6,35800.0,3,652,0.1368,0
84814.87,3,30900.0,3,622,0.4438,1
38879.44,10,13500.0,1,669,0.3033,0
56963.53,3,19700.0,1,681,0.193,0
53035.98,3,30300.0,0,727,0.4301,0
106971.24,0,21600.0,2,645,0.7924,1
42771.38,8,9300.0,3,634,0.3389,0
43635.71,3,12600.0,1,850,0.2019,0
37597.33,3,9900.0,5,578,0.4187,1
32028.13,9,1000.0,1,743,0.322,0
80101.65,5,26100.0,1,787,0.5356,0
55586.13,2,31400.0,2,656,0.306,0
61706.55,5,20000.0,2,708,0.1723,0
120698.7,6,56800.0,1,549,0.142,0
124572.66,3,51500.0,3,677,0.2572,0
24211.21,12,8500.0,2,762,0.203,0
85503.2,3,49700.0,3,684,0.5312,1
67785.65,4,22900.0,1,678,0.2013,0
46449.68,4,24500.0,3,805,0.6631,0
71698.57,7,29600.0,1,736,0.1634,0
23167.12,2,6000.0,1,728,0.5302,0
133847.09,7,68600.0,3,614,0.1231,0
79476.71,15,39600.0,3,492,0.4334,1
37202.87,1,16700.0,4,703,0.284,0
43391.74,2,1000.0,2,675,0.1609,0
23465.1,1,21100.0,2,732,0.4639,1
50378.69,0,22300.0,2,684,0.2396,0
45912.72,2,11900.0,1,678,0.446,0
28888.22,2,5200.0,1,677,0.4065,0
91783.35,7,43800.0,1,592,0.2747,0
120841.91,9,17000.0,0,537,0.3143,0
58979.88,5,25600.0,2,609,0.2917,1
50609.48,8,24400.0,5,592,0.2414,0
76057.24,7,22200.0,2,672,0.2905,0
59230.9,2,4100.0,2,553,0.1655,0
33017.78,5,17700.0,1,639,0.3998,1
41815.7,2,13900.0,1,820,0.4713,0
50866.52,4,20300.0,3,669,0.3616,0
68631.21,5,34700.0,3,679,0.3371,0
60182.4,6,37100.0,3,676,0.3756,0
67218.46,11,10400.0,4,691,0.1602,0
25883.08,1,4600.0,1,636,0.2218,0
86324.59,4,18900.0,1,663,0.4344,0
59986.74,10,29800.0,3,634,0.4831,0
243772.33,2,143600.0,1,563,0.4108,1
48378.03,2,32700.0,1,763,0.1262,0
71532.14,6,32500.0,2,609,0.213,0
283812.91,6,90000.0,1,795,0.3402,0
66619.35,1,14900.0,1,618,0.5568,0
57687.93,3,5500.0,2,573,0.5016,1
34793.75,1,15900.0,5,820,0.2131,0
138766.3,1,54100.0,0,564,0.4079,0
31650.02,6,10800.0,1,505,0.4143,0
75729.0,6,34800.0,3,567,0.2943,1
46145.03,4,7400.0,2,665,0.3008,0
53952.81,1,25600.0,1,575,0.0732,0
27360.0,1,9300.0,2,633,0.3817,0
125331.81,5,60400.0,1,522,0.2882,0
51390.65,1,30800.0,1,757,0.3714,0
30690.26,0,22400.0,2,706,0.2829,0
119250.29,3,58400.0,2,580,0.5183,1
45375.37,4,6000.0,2,501,0.1784,0
71972.11,1,18000.0,0,607,0.3841,0
95109.01,5,55000.0,2,724,0.3889,0
77708.42,4,11000.0,0,756,0.1037,0
18000.0,1,8900.0,3,657,0.4251,0
87767.47,4,52900.0,5,637,0.5434,1
56650.86,0,1000.0,3,632,0.3842,0
49962.81,3,9900.0,1,698,0.4679,0
56387.84,3,11200.0,3,741,0.2167,0
24698.11,4,15500.0,2,664,0.4749,0
66549.01,4,9000.0,5,647,0.275,0
28270.8,7,5200.0,2,734,0.4282,0
51163.83,4,7700.0,2,787,0.5822,0
65247.66,1,27300.0,4,654,0.4629,1
108090.1,2,14400.0,2,681,0.1621,0
38147.4,18,12300.0,2,619,0.5845,1
133035.73,1,75900.0,1,681,0.3051,0
100787.47,13,10100.0,3,606,0.2336,0
47279.15,12,5500.0,2,782,0.5634,0
32538.78,1,3200.0,1,741,0.4435,0
27062.41,8,5900.0,0,805,0.4896,0
69526.59,5,31500.0,3,633,0.2353,0
39914.45,9,18800.0,1,830,0.3847,0
115803.06,2,23100.0,3,693,0.5345,0
41202.82,5,21600.0,1,665,0.2548,0
36484.07,2,21200.0,0,769,0.495,0
68083.79,1,9800.0,3,598,0.3732,0
41055.26,4,24600.0,3,678,0.5804,1
60156.36,7,30300.0,1,663,0.119,0
102980.42,6,24500.0,0,706,0.4338,0
63861.77,8,10300.0,3,642,0.1772,0
63993.09,2,27900.0,7,635,0.3921,1
67025.65,12,27800.0,2,646,0.3246,0
23595.13,4,9000.0,2,653,0.297,0
74273.59,1,22900.0,1,681,0.3485,0
65379.39,8,41000.0,1,772,0.2483,0
97840.47,4,13300.0,5,513,0.2551,0
83549.62,2,19600.0,3,732,0.5142,0
53579.85,2,13000.0,1,640,0.3401,0
105642.51,4,10200.0,0,662,0.4748,1
50973.09,0,13300.0,1,593,0.2193,1
68592.36,11,32000.0,2,678,0.4413,0
50456.55,6,29200.0,4,646,0.4954,1
77185.49,4,31600.0,0,658,0.1756,0
48675.48,3,30100.0,2,719,0.2114,0
148175.61,8,66000.0,5,723,0.528,0
181597.78,11,91300.0,1,781,0.3412,0
96825.54,1,48600.0,1,631,0.2253,0
139764.36,4,16300.0,1,726,0.49,0
25679.08,5,10600.0,0,723,0.1535,0
27398.46,8,10800.0,2,682,0.3855,1
50168.45,6,26700.0,0,801,0.2709,0
61247.42,5,26500.0,3,627,0.3187,0
53690.21,4,11800.0,1,686,0.3042,0
24265.86,1,12200.0,4,698,0.7025,1
112800.43,4,45700.0,3,585,0.2999,1
195792.17,3,72700.0,0,770,0.2708,0
121120.75,1,70500.0,0,667,0.5271,1
108775.11,11,57800.0,4,708,0.2374,0
67803.28,4,30600.0,2,793,0.2988,0
37659.91,6,17000.0,1,691,0.3671,0
62310.82,3,34500.0,2,678,0.5814,1
190626.91,2,82700.0,3,680,0.2885,0
49335.86,7,16100.0,2,600,0.193,0
46619.47,11,18400.0,2,646,0.2517,0
110085.98,8,19600.0,0,664,0.3991,0
114179.53,5,19200.0,0,682,0.3827,0
37558.46,3,8700.0,1,778,0.2994,0
51853.8,5,31500.0,2,745,0.2174,0
45431.09,6,8200.0,4,631,0.2329,0
62213.62,3,14200.0,2,673,0.1302,0
109867.2,6,18100.0,2,780,0.3282,0
38475.8,3,3600.0,0,546,0.1947,0
109023.16,0,25500.0,1,658,0.4374,0
63316.94,2,14000.0,4,577,0.5322,1
215217.77,4,87800.0,1,850,0.4461,0
71350.31,4,7100.0,3,733,0.4895,0
56766.11,8,9300.0,0,638,0.1515,0
82132.83,5,36800.0,2,672,0.4065,0
49740.24,1,26400.0,4,613,0.2727,0
22305.75,6,11400.0,2,824,0.1391,0
52455.13,3,30900.0,2,503,0.431,1
52002.05,1,31800.0,1,700,0.3002,0
24939.93,6,7900.0,3,670,0.4837,1
57516.7,7,16800.0,2,598,0.157,0
19208.14,4,11300.0,4,656,0.4793,0
49452.72,5,30800.0,4,553,0.6413,1
68458.14,4,21400.0,5,793,0.1245,0
63155.04,6,21100.0,0,677,0.1783,0
47758.47,3,25400.0,1,744,0.5334,0
57122.78,0,29200.0,1,639,0.2203,0
38900.58,2,5700.0,3,776,0.4261,0
60231.4,2,37000.0,5,678,0.5613,1
61817.86,3,19600.0,2,755,0.211,0
36492.52,3,14900.0,5,718,0.2965,0
69371.72,10,42800.0,4,672,0.4726,1
69133.79,4,39900.0,3,750,0.381,0
54643.45,5,22800.0,2,850,0.4674,0
226743.76,4,66800.0,5,590,0.5372,1
55415.45,4,14200.0,2,666,0.4078,0
51350.05,5,16100.0,2,578,0.1404,0
47461.96,8,7600.0,3,706,0.1609,0
35100.95,8,8400.0,1,692,0.6146,0
87312.03,1,7400.0,5,821,0.5099,0
41050.74,2,22300.0,3,656,0.3674,0
43810.49,3,4600.0,3,746,0.3937,0
44532.17,8,12000.0,5,519,0.2157,0
34831.63,5,8500.0,1,686,0.2361,0
22854.52,3,1500.0,0,610,0.244,0
46415.24,1,8000.0,2,719,0.2888,0
96793.43,7,23900.0,4,761,0.17,0
66725.26,8,21600.0,1,630,0.214,0
141254.2,2,29400.0,3,716,0.1945,0
90492.84,1,21300.0,4,648,0.614,1
79872.0,4,11600.0,0,679,0.6784,0
168629.11,4,20200.0,0,706,0.2848,0
56759.02,10,21100.0,0,600,0.3662,0
61987.72,2,25300.0,3,600,0.3795,0
59497.8,2,15700.0,0,740,0.1427,0
139955.91,2,33500.0,1,624,0.4445,0
59957.03,1,14100.0,1,771,0.185,0
41917.03,3,19300.0,4,542,0.2554,1
82720.4,7,25700.0,5,745,0.1998,0
38217.82,7,3100.0,2,676,0.419,0
80290.72,1,33600.0,1,668,0.1236,0
75177.89,8,25000.0,1,686,0.2557,0
53950.84,4,33000.0,3,567,0.3841,1
81731.63,0,14400.0,3,759,0.3797,0
26415.75,6,6700.0,0,643,0.4865,0
65488.46,8,5200.0,3,612,0.4132,0
46419.69,3,7400.0,2,837,0.2469,0
289018.21,4,95100.0,1,649,0.3747,0
65231.89,3,34400.0,1,610,0.5352,1
43130.44,4,11900.0,3,736,0.3729,0
28055.33,3,15700.0,3,695,0.43,1
122758.39,5,52700.0,0,751,0.1162,0
49388.95,0,15800.0,0,681,0.5389,1
38744.98,2,14800.0,0,747,0.3032,1
72039.12,4,19100.0,3,829,0.1361,0
85591.85,6,26800.0,0,618,0.238,0
84852.87,0,38700.0,3,641,0.4319,1
60528.08,8,9300.0,7,555,0.432,1
65352.74,4,21100.0,2,703,0.2872,0
68024.31,8,21100.0,0,684,0.1785,0
72042.96,5,24400.0,1,770,0.2129,0
75635.94,9,27600.0,4,673,0.298,0
109310.64,5,33600.0,2,669,0.3614,0
61761.05,1,35500.0,3,690,0.3113,0
38206.4,6,12800.0,3,657,0.4025,0
55306.16,4,33300.0,2,703,0.4065,1
90633.52,2,43900.0,1,692,0.3849,0
22413.3,4,14400.0,4,715,0.2686,1
22484.61,5,7100.0,1,658,0.1769,0
99215.73,5,46100.0,4,716,0.4912,1
138146.16,1,61800.0,2,721,0.2638,0
29855.97,10,6800.0,3,651,0.1603,0
63275.44,7,26300.0,2,669,0.1836,0
48062.15,4,21600.0,1,662,0.2762,0
51872.47,3,22100.0,6,583,0.5677,1
70830.29,10,18200.0,0,639,0.2386,0
29405.04,5,13500.0,4,732,0.3778,0
32566.21,1,5900.0,1,738,0.2226,0
50731.98,10,26000.0,0,700,0.1393,0
55273.2,3,34200.0,3,599,0.4659,1
32232.31,1,7900.0,4,748,0.4797,0
92439.18,5,25700.0,2,814,0.6077,0
47588.26,2,6100.0,3,720,0.3237,0
47476.98,3,8700.0,1,675,0.5493,0
69944.85,5,38000.0,3,610,0.1726,0
55776.08,0,8600.0,0,674,0.2197,0
94903.16,4,28200.0,2,638,0.3567,1
35832.75,8,14900.0,2,660,0.3164,1
27762.39,1,17300.0,3,772,0.3165,0
50494.36,0,26900.0,2,741,0.3883,0
61890.99,7,31800.0,2,649,0.2922,1
30260.07,4,3300.0,3,682,0.2339,0
27909.87,6,4800.0,1,675,0.4637,0
66188.62,3,10100.0,2,643,0.3051,0
39467.02,5,7000.0,2,574,0.4174,0
26933.3,10,8500.0,2,737,0.2423,0
101817.54,6,21700.0,0,764,0.2598,0
42298.75,1,21700.0,3,629,0.1312,0
112690.05,8,37900.0,1,626,0.4023,0
60819.09,4,27900.0,5,743,0.4272,0
70411.89,0,3700.0,4,625,0.1984,0
53299.12,2,27700.0,1,571,0.1961,0
18000.0,1,2900.0,1,642,0.438,0
32040.87,3,9100.0,1,777,0.3597,0
55874.3,8,10100.0,4,636,0.5016,0
73174.41,7,26900.0,3,626,0.1313,0
22374.55,2,10900.0,1,640,0.1591,0
58134.76,5,25200.0,3,589,0.1924,0
32297.81,3,9800.0,2,576,0.5079,1
68121.02,3,27400.0,4,655,0.2922,0
59238.66,5,38700.0,5,570,0.4847,1
90122.57,1,9000.0,0,645,0.1155,0
107662.07,3,36200.0,2,695,0.5104,0
77068.08,3,33300.0,2,703,0.1804,0
96106.91,2,13800.0,2,664,0.5809,0
49380.54,5,10200.0,2,585,0.2215,0
282862.04,5,147200.0,4,644,0.4627,1
30627.38,2,19500.0,0,701,0.4251,1
44789.74,1,5200.0,0,722,0.2071,0
98296.85,4,20300.0,3,655,0.2298,0
90580.72,2,50800.0,0,622,0.2781,0
78281.29,3,25500.0,3,681,0.3394,0
86805.5,0,10500.0,1,648,0.3769,0
19035.17,3,13100.0,2,599,0.3335,0
143503.44,3,61400.0,0,698,0.4402,0
53522.64,1,24500.0,3,676,0.2971,0
118805.36,6,13900.0,1,592,0.3194,0
19566.23,3,13600.0,1,628,0.4116,1
68948.33,4,17100.0,3,661,0.1472,0
43917.75,6,18300.0,2,561,0.2624,0
82015.71,5,34900.0,1,620,0.1814,0
71281.26,1,27900.0,4,722,0.279,0
73227.5,4,28700.0,2,638,0.4326,0
33442.47,2,16900.0,2,615,0.2728,0
58027.19,8,20900.0,4,756,0.5192,0
54225.58,11,22200.0,2,701,0.2701,0
78623.08,8,23100.0,1,727,0.1332,0
103167.93,6,48800.0,0,616,0.2829,0
65040.26,4,11100.0,2,654,0.1596,0
29676.34,7,19300.0,5,674,0.2484,0
63523.7,0,20900.0,1,692,0.3282,0
251724.86,2,119100.0,2,846,0.2322,0
148049.64,5,58300.0,3,681,0.3041,0
18000.0,3,7000.0,2,756,0.1637,0
61996.84,1,20600.0,7,847,0.4449,0
99974.03,5,49400.0,2,804,0.6665,0
54161.2,9,17300.0,3,687,0.695,0
46488.02,9,28200.0,2,761,0.3329,0
51697.76,2,14700.0,2,685,0.3995,0
81121.57,10,24300.0,2,672,0.4939,0
31835.63,3,11100.0,2,738,0.2795,0
115125.57,4,32600.0,0,741,0.3001,0
58058.35,7,7800.0,0,713,0.4552,0
35801.2,0,7900.0,3,662,0.3358,0
111122.96,4,59200.0,2,639,0.4658,0
25595.66,2,3100.0,1,584,0.3265,0
44118.5,3,19400.0,2,687,0.2319,0
43720.78,7,6900.0,6,693,0.2404,0
194690.82,3,107200.0,2,737,0.3295,0
41078.44,4,21600.0,3,566,0.3344,1
18302.06,4,12500.0,1,683,0.6564,1
43477.62,6,18400.0,3,660,0.2368,0
76922.42,7,17900.0,4,671,0.2766,0
92156.78,5,20800.0,3,768,0.5917,0
209419.95,3,52500.0,0,771,0.5294,0
129805.66,4,59700.0,3,751,0.3247,0
66393.7,3,8900.0,1,682,0.2852,0
36670.27,11,4500.0,2,661,0.1897,0
146270.82,4,60700.0,1,765,0.1151,0
48888.14,8,26000.0,1,803,0.1916,0
41689.87,8,22700.0,2,795,0.4515,0
47601.02,5,21100.0,2,712,0.1407,0
30068.74,5,14100.0,5,678,0.4667,0
46362.16,5,4800.0,2,727,0.5547,0
52669.43,6,17900.0,1,732,0.5185,0
89488.12,1,37300.0,4,645,0.4475,1
48365.95,14,8100.0,1,661,0.2439,0
29818.89,4,16000.0,0,850,0.2951,0
24783.3,9,7700.0,3,645,0.1135,0
67188.9,4,10400.0,2,739,0.2209,0
62314.18,5,33200.0,1,636,0.5663,0
44140.28,2,7400.0,1,666,0.1991,0
46300.08,3,2600.0,0,606,0.4468,0
74136.84,0,31900.0,4,606,0.4,1
128643.52,12,76700.0,1,721,0.3595,0
38984.54,8,8300.0,2,712,0.3473,0
62874.54,2,14200.0,4,813,0.2232,0
101422.35,4,35500.0,1,677,0.4044,0
39071.05,6,22500.0,5,687,0.3141,0
59361.57,1,21500.0,2,672,0.4488,0
58635.9,2,17800.0,2,602,0.6339,1
29108.56,4,12200.0,3,719,0.1796,0
65688.18,10,7300.0,3,662,0.4384,0
60922.0,2,35700.0,5,567,0.2185,1
81250.83,6,31100.0,1,758,0.4548,0
31170.03,12,4900.0,2,632,0.511,0
60203.38,8,7300.0,3,700,0.4757,0
128021.53,1,49800.0,1,702,0.2828,0
187704.63,3,102700.0,0,691,0.2131,0
121063.57,4,38300.0,3,600,0.34,0
31338.75,2,4000.0,2,780,0.2919,0
76732.37,7,36300.0,5,620,0.2562,0
45902.25,1,17700.0,5,491,0.3779,1
69992.64,2,18000.0,3,739,0.0606,0
39154.9,5,5200.0,3,736,0.2823,0
23332.2,4,7700.0,4,585,0.435,1
49539.0,2,20300.0,3,675,0.3443,0
89092.59,10,50500.0,0,756,0.2985,0
70150.62,1,22700.0,1,781,0.1593,0
74728.84,7,32100.0,1,721,0.2964,0
67439.94,6,37900.0,1,737,0.142,0
74793.79,6,28500.0,2,729,0.1953,0
80116.05,1,48900.0,3,665,0.2806,1
51478.79,4,18100.0,3,593,0.5512,1
62666.97,5,8800.0,3,655,0.5171,1
156184.32,5,53500.0,2,759,0.0965,0
64738.87,3,6400.0,1,759,0.3878,0
61292.33,6,8000.0,1,690,0.1106,0
63359.9,4,27500.0,0,650,0.355,0
53111.58,2,13600.0,1,805,0.6137,0
47124.78,2,23700.0,4,684,0.2488,0
67155.98,5,9700.0,5,723,0.3657,0
45336.0,2,20000.0,0,585,0.4237,1
55268.96,6,15800.0,2,671,0.2908,0
38762.82,2,1000.0,2,756,0.3822,0
63538.83,1,25100.0,2,572,0.2715,0
82562.2,13,21800.0,3,672,0.3371,0
53286.95,9,12200.0,4,706,0.2741,0
19838.74,4,4600.0,1,782,0.2621,0
82843.15,3,37800.0,0,748,0.1099,0
63965.63,6,30600.0,3,802,0.4331,0
34673.21,14,3700.0,2,737,0.1399,0
91610.27,3,31900.0,2,742,0.2989,0
27746.53,12,7400.0,4,603,0.1349,0
106401.42,3,31600.0,2,601,0.2744,1
58014.51,1,25700.0,2,801,0.1783,0
18000.0,4,11700.0,1,641,0.3783,0
66044.32,1,31000.0,5,634,0.1948,0
47886.75,6,25800.0,1,502,0.3826,1
44078.74,1,23500.0,1,755,0.1188,0
39904.76,6,19500.0,4,591,0.2648,0
55828.03,7,12500.0,0,613,0.3276,0
45850.72,12,20100.0,1,757,0.3604,0
21564.86,1,8300.0,3,509,0.5363,1
120528.0,2,47700.0,2,777,0.3472,0
52344.56,3,18900.0,2,613,0.6005,0
40032.05,6,15800.0,1,664,0.1954,0
32188.58,4,15600.0,1,617,0.288,0
91482.47,2,53000.0,0,575,0.1495,0
29315.23,3,4000.0,1,618,0.4141,1
64453.09,5,10600.0,1,613,0.5202,1
43433.79,3,19100.0,2,583,0.6775,1
44847.32,10,5200.0,1,791,0.1937,0
32631.79,5,9700.0,5,602,0.3561,0
42566.56,2,16100.0,3,533,0.5032,1
60165.05,4,12700.0,3,520,0.4321,1
68146.95,6,9300.0,1,708,0.4509,0
38867.91,5,7400.0,1,545,0.5168,1
56953.25,3,4600.0,1,662,0.2021,0
97601.68,3,50000.0,3,823,0.2951,0
23993.89,4,14400.0,5,689,0.5469,0
59668.06,8,11100.0,3,699,0.1444,0
35492.22,6,17400.0,2,635,0.5123,0
33557.77,1,5400.0,2,674,0.3789,0
69117.02,10,9300.0,2,659,0.3758,0
44360.81,12,14800.0,3,698,0.6369,0
30661.35,3,6000.0,3,799,0.2215,0
124039.55,6,56200.0,2,643,0.4527,0
99314.74,18,41100.0,1,616,0.32,0
20686.4,4,7500.0,2,669,0.1548,0
26610.59,5,6800.0,2,747,0.599,0
82983.86,6,24100.0,1,650,0.1575,0
51191.02,9,24000.0,1,695,0.1514,0
136668.84,1,46600.0,4,713,0.3185,0
84034.69,4,48200.0,0,836,0.3684,0
70594.4,9,22300.0,1,744,0.2344,0
34131.48,7,3300.0,4,610,0.3193,1
78455.92,5,20500.0,1,511,0.322,0
29683.0,5,13100.0,3,686,0.1277,0
122747.48,9,51900.0,3,622,0.4421,1
75521.77,6,10000.0,3,639,0.2535,0
38038.09,12,16200.0,2,600,0.2325,0
93206.49,4,33800.0,2,637,0.2524,1
205425.49,0,75600.0,1,636,0.2934,1
53120.1,8,26900.0,2,666,0.209,0
81042.36,3,22400.0,1,625,0.1472,0
47216.27,4,12300.0,2,621,0.1782,0
62751.87,5,13200.0,3,715,0.69,0
26134.75,3,11700.0,3,675,0.3119,0
59856.71,1,36000.0,4,675,0.3917,1
61326.51,8,27300.0,2,671,0.448,1
161046.56,0,62200.0,3,608,0.35,0
22309.06,15,12600.0,2,783,0.2106,0
51303.49,4,13100.0,5,827,0.379,0
121596.62,0,56700.0,2,768,0.4067,0
52419.07,9,9200.0,1,543,0.4232,0
54489.44,0,24200.0,3,625,0.1543,0
37862.16,3,21500.0,1,728,0.2802,0
35848.86,12,14600.0,1,619,0.4958,0
21933.72,6,11300.0,1,622,0.1537,1
42358.81,5,18200.0,3,572,0.3773,1
34747.22,6,11600.0,2,648,0.2902,0
63890.21,2,18500.0,1,613,0.2664,0
38823.56,0,18800.0,1,496,0.5542,1
45992.1,6,18800.0,1,761,0.3454,0
46690.08,5,27000.0,3,706,0.2809,0
58308.85,4,25900.0,2,575,0.3579,1
44770.86,10,18100.0,3,740,0.1199,0
33390.2,7,13300.0,4,685,0.0883,0
62766.17,1,13200.0,3,762,0.1864,0
107701.17,3,30800.0,3,730,0.3065,0
64257.67,3,15900.0,0,617,0.2989,0
42813.07,2,22300.0,4,725,0.551,0
55953.12,9,14800.0,3,728,0.1221,0
19383.01,3,8900.0,4,754,0.353,0
55455.07,7,30100.0,3,750,0.2571,0
48040.76,6,23800.0,2,831,0.2654,0
35832.01,1,17400.0,1,746,0.3017,0
39590.56,9,1000.0,3,616,0.1839,0
47780.41,4,28000.0,1,688,0.267,0
103347.47,3,54400.0,0,596,0.4773,1
109166.91,1,27300.0,1,766,0.3155,0
35937.3,2,8900.0,1,611,0.5124,1
45028.79,2,5300.0,4,842,0.3217,0
45664.46,1,9400.0,4,653,0.2185,0
93456.38,6,38700.0,1,672,0.1659,0
64862.74,2,13300.0,2,640,0.2279,0
63009.1,4,35800.0,4,621,0.3397,1
80414.07,9,24800.0,3,635,0.5441,0
43129.94,7,7900.0,5,692,0.3223,0
126771.0,5,15800.0,3,676,0.2878,0
59816.72,0,22800.0,0,643,0.4771,1
37393.35,1,9300.0,3,698,0.236,0
52769.99,2,5900.0,2,634,0.6729,1
117896.29,5,68400.0,0,675,0.4292,0
47390.25,2,4800.0,0,807,0.3507,0
100937.5,2,38200.0,4,632,0.3513,0
42449.05,9,9200.0,1,652,0.3479,0
39296.27,3,16900.0,4,588,0.421,1
86058.16,1,36700.0,1,650,0.286,0
37023.76,5,17600.0,2,703,0.3611,0
94126.71,1,15300.0,1,635,0.207,0
72648.96,5,20400.0,1,590,0.3984,0
37031.47,3,11700.0,2,702,0.3139,0
57567.1,4,25600.0,1,710,0.3576,0
44274.94,2,20000.0,5,721,0.3804,0
72543.17,3,21800.0,0,582,0.491,0
169107.36,2,60400.0,1,778,0.459,0
48830.6,2,16900.0,0,638,0.27,0
80304.18,3,8000.0,5,599,0.5617,1
60684.42,0,28500.0,3,752,0.3296,0
60671.65,6,32400.0,3,775,0.3483,0
54673.65,6,25700.0,0,651,0.404,0
37362.41,3,14200.0,2,613,0.3644,1
71993.2,3,34700.0,3,708,0.6192,0
51082.23,3,1100.0,3,575,0.1857,0
36401.31,6,6500.0,2,850,0.3889,0
104589.17,2,26800.0,2,598,0.4123,1
63225.01,7,14800.0,1,702,0.6478,0
52814.74,1,9800.0,3,663,0.2226,0
125120.32,7,28100.0,2,606,0.1474,0
21810.68,0,11800.0,2,605,0.1538,0
120577.92,3,25200.0,4,760,0.2911,0
36897.41,6,13500.0,5,703,0.2622,0
67261.47,7,26100.0,2,623,0.3826,1
43328.46,1,7300.0,1,633,0.4454,0
36038.73,5,19400.0,1,614,0.2484,0
123332.3,5,50600.0,3,741,0.3277,0
166195.34,6,56400.0,0,744,0.1192,0
53014.77,16,6300.0,1,715,0.4672,0
72006.46,18,32500.0,3,694,0.4588,0
61780.63,9,16700.0,2,722,0.4489,0
155092.77,2,16900.0,4,551,0.482,1
18727.85,3,1000.0,3,696,0.403,0
73674.93,4,9300.0,2,755,0.2497,0
40138.07,3,19200.0,3,692,0.1766,0
18000.0,2,4800.0,1,679,0.3911,0
49104.62,7,13800.0,1,627,0.3268,0
165450.42,1,79400.0,2,632,0.2828,1
41738.24,0,3800.0,1,636,0.3213,0
92496.03,6,16600.0,0,692,0.4904,0
115759.46,6,14700.0,3,639,0.2851,0
59457.48,1,20800.0,1,538,0.477,1
63975.19,1,18700.0,1,735,0.1675,0
23295.98,4,5000.0,2,714,0.4172,0
40380.81,5,8600.0,2,702,0.5217,0
98602.73,3,47200.0,1,605,0.2017,0
61906.07,2,14200.0,2,638,0.1935,0
73279.62,3,34700.0,2,714,0.2578,0
64423.69,6,9800.0,2,677,0.5339,0
199905.93,1,53900.0,3,623,0.2749,0
47250.29,4,19000.0,3,772,0.4077,0
144780.71,2,27200.0,3,611,0.3352,1
64435.94,15,11000.0,4,451,0.3096,0
152026.39,4,30100.0,3,682,0.5233,0
30523.8,10,15900.0,0,685,0.4558,0
66274.38,6,13600.0,1,679,0.3386,0
48217.26,12,8900.0,1,705,0.218,0
64647.83,3,15500.0,3,633,0.1374,0
117278.53,4,68100.0,2,752,0.3967,0
73743.29,3,13600.0,2,573,0.6913,1
117150.0,2,33700.0,4,673,0.5309,1
41414.17,1,2500.0,3,628,0.3062,0
38079.87,5,4900.0,4,751,0.2456,0
60406.85,7,23100.0,3,615,0.2608,0
58614.73,3,31100.0,3,680,0.3204,0
54056.08,2,19400.0,2,681,0.277,0
35339.36,10,11100.0,3,690,0.2746,0
115758.15,1,35500.0,2,620,0.3679,1
49042.35,4,4800.0,3,702,0.2717,0
131182.26,6,62500.0,0,677,0.345,0
60295.26,2,13200.0,0,701,0.4712,0
85531.15,4,32900.0,3,793,0.4247,0
81368.24,7,13300.0,3,684,0.2348,0
38049.72,2,5900.0,1,600,0.46,1
73274.04,6,36500.0,3,822,0.3319,0
172919.79,0,27300.0,4,748,0.3892,0
68760.64,3,29400.0,1,724,0.2867,0
98292.42,8,13100.0,3,661,0.1777,0
87666.89,6,15400.0,3,730,0.328,0
70889.48,8,29600.0,2,521,0.4233,1
66340.99,0,28200.0,3,791,0.1884,0
80904.41,3,21000.0,5,742,0.3661,0
91108.41,2,8500.0,1,662,0.182,0
28461.56,3,13600.0,3,740,0.3552,0
68597.86,8,36500.0,1,721,0.2949,0
54109.07,10,27300.0,1,599,0.2424,0
48274.57,14,25300.0,1,688,0.4431,0
122122.56,2,23300.0,1,703,0.379,0
40005.39,0,3400.0,4,665,0.3327,0
27802.38,0,1000.0,1,659,0.2663,0
92748.23,1,34400.0,3,743,0.4667,0
27413.29,7,1500.0,1,688,0.2958,0
20736.1,5,5400.0,6,816,0.4862,0
98671.09,5,49100.0,1,626,0.314,1
65335.92,3,13100.0,5,706,0.272,0
77652.25,2,20400.0,2,606,0.1404,0
46941.85,10,14300.0,3,726,0.2386,0
27961.3,0,5100.0,0,591,0.2672,0
31188.88,1,8400.0,1,697,0.3888,0
51549.41,6,20400.0,3,764,0.5116,0
29737.92,3,12500.0,3,679,0.2992,0
70889.61,7,24800.0,3,601,0.2985,0
46427.54,6,27100.0,5,746,0.2114,0
66288.38,6,29100.0,1,702,0.227,0
65207.61,6,29400.0,1,669,0.4342,0
74068.07,7,20700.0,3,602,0.3666,1
78803.71,7,22600.0,2,554,0.5261,0
49555.8,4,12500.0,0,844,0.2604,0
66249.49,3,2800.0,5,632,0.5058,1
68173.04,5,26300.0,2,601,0.3372,0
18000.0,9,1000.0,2,699,0.2305,0
85441.67,2,52400.0,0,599,0.3646,1
65021.17,3,30900.0,3,712,0.1791,0
81652.43,2,35200.0,3,776,0.3574,0
29502.67,1,16300.0,5,596,0.2178,1
50328.4,3,21700.0,3,653,0.2466,1
32848.42,1,16500.0,3,707,0.258,0
90177.1,1,49800.0,4,584,0.1859,0
27644.61,11,12300.0,1,607,0.1689,0
35926.84,1,11200.0,1,666,0.2599,0
80327.94,6,34600.0,1,822,0.3733,0
42355.1,14,10600.0,3,611,0.4085,0
35932.06,8,2800.0,1,654,0.2975,0
98587.1,6,45500.0,4,850,0.4041,0
100835.07,6,10400.0,5,735,0.515,0
89066.55,2,16500.0,6,548,0.3292,0
95491.29,8,17900.0,0,657,0.4281,0
52713.74,12,29700.0,1,719,0.4944,0
53501.98,3,17700.0,3,784,0.4567,0
41921.55,1,17300.0,3,779,0.2244,0
65660.38,7,8700.0,3,717,0.1411,0
44786.23,16,10500.0,8,729,0.5554,0
47184.16,1,10200.0,3,578,0.3081,0
83278.46,0,39500.0,3,623,0.2061,0
114863.14,3,48700.0,3,578,0.4122,1
74536.42,2,26600.0,1,752,0.4646,0
160632.39,4,70200.0,3,703,0.1619,0
40617.99,2,21900.0,2,683,0.4094,0
21787.98,3,1900.0,3,791,0.3848,0
88702.68,1,41500.0,4,715,0.3024,0
39163.15,0,13500.0,5,760,0.356,0
51506.81,3,38700.0,3,732,0.4586,0
22620.5,6,3800.0,1,739,0.2116,0
36513.39,1,3300.0,5,597,0.3062,0
26206.82,15,10600.0,2,748,0.4196,0
47152.07,5,12500.0,3,710,0.4513,0
48194.33,2,20100.0,0,644,0.3677,0
62911.12,9,34300.0,2,726,0.5226,0
118402.8,7,52500.0,3,771,0.1948,0
86881.33,6,18000.0,0,668,0.2165,0
24533.79,4,6500.0,2,619,0.2654,1
83650.99,2,49900.0,3,622,0.478,1
63669.77,5,9200.0,1,570,0.52,1
56737.77,4,8600.0,0,662,0.2871,0
59131.28,9,4700.0,2,719,0.3386,0
67003.75,6,22400.0,2,805,0.3311,0
40923.6,3,25500.0,1,615,0.2925,0
54160.49,3,26400.0,2,702,0.6084,0
114825.23,2,40900.0,1,677,0.2265,0
40653.97,4,12200.0,3,674,0.4423,0
33981.16,3,19400.0,0,560,0.2593,0
57876.17,1,3500.0,5,599,0.2933,0
32150.67,7,11700.0,0,811,0.2937,0
23213.04,2,1000.0,2,751,0.4348,0
49540.36,3,28900.0,2,696,0.5418,1
132818.93,10,66700.0,1,710,0.4538,0
58616.28,8,34100.0,2,731,0.201,0
66053.31,6,31000.0,4,641,0.5104,1
18553.59,4,10800.0,4,644,0.725,1
76188.74,12,31300.0,3,629,0.4469,1
63029.06,3,26300.0,4,688,0.4069,0
41535.21,2,16000.0,2,589,0.3423,0
66106.86,9,24800.0,1,625,0.1537,0
65746.84,6,40200.0,0,713,0.221,0
33432.43,2,7600.0,3,649,0.2149,0
71863.2,6,31800.0,3,544,0.3304,0
115661.66,1,51500.0,1,647,0.2701,1
52819.31,8,15000.0,2,716,0.407,0
37153.87,5,19800.0,4,684,0.1849,0
54302.79,5,23700.0,0,548,0.4113,1
95801.85,5,9700.0,3,752,0.4857,0
30501.3,5,16400.0,0,657,0.2517,1
82306.64,4,18400.0,2,700,0.3179,0
41237.04,4,18000.0,1,753,0.2218,0
68400.45,3,37000.0,3,666,0.2954,0
43897.73,4,23100.0,2,532,0.4446,1
43832.93,4,12900.0,3,807,0.1576,0
138372.17,4,36600.0,5,509,0.2588,1
27584.31,1,12000.0,5,650,0.1837,0
78194.25,2,33600.0,1,772,0.6085,0
155162.53,0,56500.0,3,623,0.4801,1
87294.0,3,33100.0,3,627,0.4498,0
28793.26,1,4200.0,2,659,0.2197,0
29588.19,0,9800.0,2,661,0.3448,0
39600.86,4,15500.0,2,610,0.3765,1
65306.66,1,10400.0,2,627,0.1514,0
67796.68,2,25500.0,3,756,0.2529,0
29749.48,5,16000.0,4,635,0.17,0
37048.51,7,9300.0,2,713,0.3824,0
38318.37,3,6900.0,5,607,0.1108,0
54208.3,8,24100.0,1,779,0.5697,0
178364.15,9,70600.0,1,745,0.4795,0
35837.39,3,19800.0,2,668,0.2231,1
34984.95,3,15300.0,3,723,0.6285,0
32105.19,2,15800.0,4,789,0.3824,0
84927.18,4,27200.0,0,600,0.2242,0
58528.09,7,30400.0,2,596,0.274,0
36573.36,9,3600.0,2,703,0.165,0
49043.48,2,7100.0,2,578,0.2139,1
38741.6,4,7600.0,2,559,0.4005,1
70455.76,6,10300.0,2,555,0.2974,0
262080.54,0,130700.0,1,686,0.2765,0
81062.47,0,36200.0,2,522,0.59,1
56888.95,4,9800.0,0,645,0.2177,0
41533.83,2,19600.0,1,418,0.4541,1
28599.08,1,5000.0,4,708,0.3763,0
89637.53,2,17400.0,2,713,0.3708,0
86998.38,2,34200.0,4,659,0.3128,1
46334.61,5,15000.0,0,764,0.1652,0
116696.72,0,57200.0,1,735,0.2365,0
60573.26,5,39300.0,5,616,0.3097,0
91685.4,3,37600.0,3,609,0.5186,1
70467.6,1,28800.0,3,741,0.267,0
54316.06,6,23100.0,2,726,0.4171,0
35412.26,5,9900.0,0,655,0.2064,0
55268.3,2,21700.0,0,543,0.1933,0
95142.2,5,42200.0,1,745,0.2917,0
45275.7,8,16400.0,2,680,0.1738,0
76256.49,0,18500.0,4,671,0.4053,0
33007.67,1,21000.0,2,462,0.2509,1
91952.93,0,44100.0,2,715,0.3352,0
71119.56,6,21300.0,2,670,0.4738,0
30910.13,3,11600.0,7,634,0.2905,0
52933.52,3,25700.0,3,612,0.5343,1
99936.72,6,28600.0,1,683,0.3984,0
29957.41,2,13700.0,1,710,0.1938,0
33222.33,6,17000.0,3,646,0.2605,0
57628.74,1,26400.0,3,717,0.1776,0
193557.89,4,77400.0,1,589,0.4516,1
41360.52,7,16300.0,4,626,0.4082,0
78621.52,1,34600.0,2,726,0.1949,0
69083.73,2,12500.0,3,645,0.2562,0
43293.77,3,22600.0,4,804,0.337,0
65422.62,11,34400.0,1,696,0.2599,0
46802.45,4,6800.0,3,587,0.2721,0
49178.28,1,25400.0,4,557,0.3768,1
24011.8,12,12100.0,2,734,0.2685,0
59074.82,10,21500.0,5,629,0.5348,1
98174.46,4,16700.0,2,744,0.4547,0
61795.4,14,35200.0,5,634,0.8293,1
109073.72,2,14900.0,2,693,0.2323,0
82386.77,3,25200.0,0,650,0.2819,0
57945.16,1,5800.0,4,694,0.2717,0
42388.86,6,14800.0,5,730,0.1455,0
45823.62,13,31800.0,2,676,0.3407,0
26667.99,7,9700.0,1,725,0.2359,0
51694.5,2,14700.0,2,548,0.4148,1
64880.3,2,18700.0,0,706,0.1916,0
153811.27,7,56900.0,1,677,0.1991,0
80063.57,1,37800.0,2,655,0.1429,0
37209.91,4,13600.0,1,496,0.3874,1
27128.7,1,8100.0,3,550,0.2537,0
53444.36,3,13600.0,1,692,0.2604,0
93570.5,4,40700.0,2,702,0.3133,0
53032.54,4,11500.0,2,706,0.457,1
80667.52,5,22800.0,1,674,0.471,0
54197.01,10,13900.0,5,585,0.3723,0
88818.5,8,21700.0,3,598,0.2277,0
24872.25,7,4000.0,3,517,0.1822,0
144682.96,7,60400.0,1,684,0.148,0
32472.02,4,18300.0,2,818,0.3292,0
92647.09,4,29100.0,2,668,0.4501,0
51549.55,8,12100.0,0,618,0.6056,0
56178.8,7,17300.0,0,677,0.1666,0
52438.38,2,11800.0,0,665,0.1529,0
68911.79,6,5600.0,0,545,0.2635,0
77005.99,4,32800.0,2,694,0.4569,0
107162.2,5,27700.0,2,667,0.2239,0
129880.74,9,38300.0,2,662,0.2579,1
71861.93,2,32200.0,3,824,0.3406,0
153663.56,2,59400.0,0,667,0.2186,0
63015.43,5,33500.0,5,812,0.4771,0
108292.61,2,42200.0,0,613,0.3061,0
75795.62,1,35800.0,1,562,0.4655,1
44264.46,1,5100.0,1,614,0.2657,0
66149.91,14,24300.0,0,763,0.2675,0
78963.78,4,42400.0,3,618,0.2271,0
58823.17,6,15200.0,0,568,0.1988,0
75137.2,3,25600.0,2,701,0.3447,0
96369.94,8,45300.0,2,646,0.5009,0
59109.37,0,22300.0,3,718,0.1173,0
18000.0,11,4500.0,7,625,0.2322,0
150700.33,4,54000.0,4,606,0.3031,0
50834.2,2,10300.0,3,799,0.4158,0
38070.53,10,6200.0,3,613,0.3937,0
32265.03,6,16600.0,2,612,0.3907,0
49759.4,4,9400.0,1,710,0.2692,0
43935.97,1,13400.0,0,466,0.2649,0
39920.48,4,14000.0,0,730,0.2753,0
41143.88,4,25700.0,2,809,0.3874,0
80126.23,5,51000.0,2,740,0.5998,0
182900.93,2,68900.0,2,597,0.3256,1
94024.85,2,42100.0,3,621,0.5766,1
111015.93,1,22200.0,3,680,0.3277,0
48650.85,2,8500.0,5,702,0.3147,0
63421.99,6,35200.0,1,796,0.3154,0
75702.41,13,41900.0,2,793,0.4992,0
41657.77,3,11100.0,2,659,0.4318,1
47374.93,5,27200.0,3,635,0.1349,0
95798.62,1,40900.0,2,616,0.3925,1
109060.82,1,53500.0,2,723,0.3129,0
62135.68,8,19700.0,1,756,0.5977,0
31028.57,0,7100.0,7,680,0.1614,0
50890.14,6,13800.0,1,675,0.6098,0
27099.43,6,11000.0,0,833,0.1442,0
62402.54,8,6000.0,5,726,0.524,0
68904.15,5,9700.0,2,521,0.3249,0
51591.35,1,17300.0,0,672,0.3009,0
68387.22,9,9000.0,2,690,0.4592,0
75304.54,3,27400.0,3,655,0.0793,0
68959.46,9,14300.0,3,770,0.334,0
30919.99,8,1300.0,1,650,0.2898,1
52088.77,5,19700.0,2,601,0.2212,0
75012.77,8,36900.0,1,622,0.4279,1
142670.27,10,84400.0,1,726,0.3577,0
51556.87,6,10300.0,1,573,0.2409,0
81061.4,7,42300.0,3,638,0.2112,0
97050.19,2,36000.0,0,739,0.2348,0
53736.88,7,27800.0,2,573,0.3779,0
112603.07,2,47600.0,1,597,0.2505,1
115982.62,5,56200.0,4,548,0.1997,0
127926.56,2,44000.0,2,608,0.3541,0
77044.44,3,11400.0,2,636,0.1917,0
219273.59,11,71400.0,0,657,0.6217,0
42684.63,4,19000.0,5,606,0.3818,1
192575.33,5,70800.0,0,646,0.1274,0
91360.15,7,24600.0,5,748,0.4388,0
125143.08,4,64500.0,0,700,0.3712,0
50210.49,7,28900.0,1,835,0.4447,0
95269.13,7,45600.0,1,625,0.4274,1
131246.93,3,74700.0,2,641,0.1985,0
32923.85,1,16100.0,1,687,0.7317,1
54730.18,4,33400.0,3,636,0.3204,1
18440.62,3,6400.0,2,673,0.3033,0
54280.31,7,12900.0,2,531,0.2189,0
38223.11,3,18900.0,4,647,0.3555,0
53115.7,10,29600.0,1,741,0.467,0
298941.7,10,150000.0,1,818,0.337,0
154012.94,10,33000.0,2,784,0.4948,0
27127.52,6,9500.0,1,684,0.264,0
81280.07,2,17500.0,3,711,0.2965,0
92912.37,3,17100.0,1,700,0.244,0
49719.7,6,1400.0,0,633,0.315,0
66043.52,4,38700.0,2,603,0.6502,1
69688.47,4,11100.0,1,694,0.1528,0
28548.62,10,1000.0,2,667,0.2781,0
33954.23,1,12500.0,1,738,0.2652,0
65825.54,6,20700.0,5,496,0.2835,0
63238.68,6,33000.0,4,662,0.1674,0
40549.98,5,15200.0,0,766,0.136,0
38680.59,2,1000.0,0,718,0.1822,0
56989.45,3,29300.0,4,601,0.2471,0
97478.1,5,57500.0,4,577,0.3292,1
57407.65,1,18500.0,4,672,0.3111,0
146166.54,9,67700.0,0,734,0.2614,0
40835.16,4,15800.0,2,714,0.3737,0
66583.39,4,7500.0,4,684,0.2355,0
49273.29,7,7200.0,2,723,0.3548,0
82733.39,11,9700.0,1,694,0.3997,0
38953.61,3,22100.0,1,720,0.2588,0
172830.87,1,44200.0,2,745,0.6205,0
23627.42,12,2700.0,2,642,0.3132,0
153816.27,5,26400.0,2,609,0.1815,0
62912.09,15,38400.0,5,730,0.1659,0
81132.06,10,43700.0,2,637,0.2744,0
124740.23,2,72100.0,1,529,0.226,0
95962.6,4,29200.0,1,782,0.5576,0
40074.09,0,22500.0,2,694,0.1546,0
83287.13,2,52900.0,3,691,0.4166,0
167227.54,1,63800.0,1,661,0.2017,0
36753.53,2,14700.0,3,738,0.3287,0
191977.93,1,71800.0,2,579,0.2576,0
74023.39,2,16700.0,4,675,0.2584,0
47179.97,2,14900.0,4,696,0.5806,1
36632.49,4,14500.0,2,716,0.2729,0
52954.7,1,23200.0,4,547,0.3126,1
20426.67,9,14000.0,4,720,0.2233,0
47648.93,2,11300.0,1,644,0.198,0
51812.67,5,31000.0,0,626,0.2186,0
33159.1,2,16000.0,1,558,0.2836,1
90338.13,4,41600.0,1,842,0.4013,0
53086.53,4,18200.0,2,665,0.4166,0
42205.8,9,21900.0,1,693,0.3021,0
50064.44,3,26800.0,2,596,0.3199,1
72788.2,4,32500.0,2,560,0.4915,0
62334.58,2,12300.0,2,736,0.2284,0
40719.55,1,20500.0,5,574,0.1361,0
64158.34,5,8600.0,3,773,0.6301,0
58228.38,5,14400.0,2,810,0.5359,0
31993.71,5,7300.0,1,617,0.5221,1
51088.89,8,19700.0,1,640,0.4397,0
82341.96,4,45100.0,2,484,0.5804,1
82016.53,3,36600.0,2,544,0.4282,1
52760.58,4,7100.0,1,722,0.4536,0
86874.95,3,23000.0,0,769,0.594,0
34927.32,1,12200.0,1,616,0.0993,0
35527.3,8,19800.0,2,628,0.5034,1
52146.37,2,26500.0,2,556,0.2684,1
136442.88,4,30000.0,2,590,0.4154,0
65498.88,2,26000.0,0,775,0.2662,0
51459.42,9,6100.0,3,698,0.2287,0
139982.95,3,60000.0,4,540,0.5209,1
51132.92,10,32900.0,3,717,0.3404,0
204659.58,2,103300.0,2,850,0.2243,0
45197.37,6,19600.0,1,645,0.4526,0
34322.25,3,11200.0,2,625,0.2458,0
54638.88,1,23000.0,2,719,0.3823,0
52208.66,10,20600.0,2,750,0.3683,0
38397.75,2,16600.0,5,737,0.284,0
250467.82,3,132600.0,4,651,0.5397,1
71342.29,5,31300.0,2,643,0.3402,0
77291.35,1,15200.0,2,546,0.3799,1
46442.32,2,16500.0,1,583,0.3961,1
43576.87,3,6300.0,4,702,0.3599,0
105246.14,1,54900.0,2,635,0.1551,0
23820.15,5,5800.0,2,693,0.4773,0
31933.94,1,13600.0,3,657,0.1751,0
52259.68,6,20300.0,0,680,0.318,1
125878.95,8,17800.0,0,676,0.4388,0
48728.32,7,13500.0,2,731,0.2823,0
75273.49,7,6600.0,4,739,0.4186,0
60794.27,3,16600.0,3,674,0.0988,0
122142.31,1,23900.0,3,660,0.2023,0
25044.32,8,3000.0,7,672,0.2029,0
89749.68,2,52800.0,2,616,0.3165,0
53669.79,4,13000.0,1,756,0.1988,0
99576.98,2,24400.0,2,633,0.2592,0
38154.34,1,19900.0,3,663,0.1694,0
60682.84,5,30600.0,5,688,0.4732,1
56591.91,4,13800.0,6,698,0.5839,0
34498.13,1,20700.0,1,695,0.5065,0
29607.2,2,15900.0,4,665,0.37,0
43511.2,12,14500.0,2,798,0.2569,0
64309.47,6,2700.0,1,681,0.1431,0
39485.87,2,8500.0,2,656,0.2256,0
49934.11,3,9900.0,3,810,0.3638,0
21222.38,4,12400.0,4,617,0.3291,1
48832.07,3,8300.0,3,810,0.2797,0
105132.07,9,40700.0,0,525,0.0973,0
88242.96,6,48400.0,1,645,0.2631,0
57079.08,7,16600.0,3,550,0.2382,0
68460.28,7,28200.0,5,573,0.3449,1
37966.4,6,12800.0,2,709,0.2466,0
146303.9,6,17100.0,4,696,0.1149,0
186702.06,9,105100.0,2,629,0.3712,1
65555.54,6,25900.0,1,798,0.4989,0
248917.6,1,97500.0,0,760,0.262,0
41187.9,11,17700.0,2,671,0.3869,0
30088.74,0,10100.0,1,539,0.1317,0
40526.32,5,24200.0,7,747,0.2065,0
53065.4,4,17300.0,1,639,0.6905,0
213552.21,3,25000.0,1,697,0.3562,0
51295.71,7,13200.0,2,735,0.4301,0
37316.44,3,15300.0,0,645,0.3182,0
36528.48,6,10000.0,6,771,0.2949,0
112084.93,1,23600.0,3,647,0.1518,0
103623.14,8,35900.0,1,715,0.4541,0
45843.42,8,8500.0,1,732,0.1661,0
21339.58,4,1000.0,2,743,0.4458,0
32185.57,2,7200.0,1,806,0.4727,0
154304.64,8,47400.0,3,613,0.4113,0
87451.91,1,17300.0,1,590,0.312,0
62069.11,4,26600.0,4,651,0.336,0
167352.6,3,25200.0,2,850,0.2551,0
175795.99,5,45100.0,4,776,0.6158,0
58702.24,3,17200.0,0,634,0.4058,0
59298.28,7,11800.0,1,649,0.3616,0
43472.09,1,20400.0,1,674,0.3976,0
51198.64,8,25800.0,2,695,0.2777,0
26437.04,4,1000.0,3,723,0.3376,0
26378.05,3,5200.0,1,726,0.3173,0
23214.62,5,3800.0,1,765,0.7475,0
108704.16,7,34100.0,1,825,0.5524,0
25367.62,3,12800.0,1,665,0.2704,0
174989.15,4,51500.0,3,659,0.2617,0
40066.35,2,11600.0,5,648,0.1571,0
155677.59,0,50900.0,1,654,0.2557,0
48982.59,2,17700.0,2,703,0.4639,0
25300.95,4,1000.0,3,723,0.3761,0
121306.83,3,36500.0,2,804,0.4159,0
129446.91,3,26200.0,2,622,0.4826,1
36376.27,1,4700.0,3,702,0.1402,0
49890.77,2,8600.0,3,612,0.2273,0
36381.37,1,15300.0,0,705,0.5811,0
56033.8,4,21300.0,3,850,0.3521,0
63532.45,5,24700.0,1,665,0.2578,0
49352.28,4,19500.0,2,850,0.2329,0
22017.87,6,8500.0,2,612,0.2184,1
43500.01,2,22500.0,1,640,0.3476,0
88162.35,4,31300.0,4,649,0.3644,0
53375.4,3,32600.0,3,688,0.5256,1
50006.47,3,24600.0,3,663,0.2243,0
35884.94,1,9300.0,2,732,0.1911,0
42807.63,1,19900.0,2,469,0.6302,1
129952.13,4,69400.0,1,602,0.2755,0
31988.2,2,5800.0,1,817,0.3488,0
89005.43,2,26200.0,4,569,0.2864,0
61443.93,3,12700.0,8,648,0.2446,0
68503.89,5,11100.0,0,721,0.4093,0
40022.78,7,18100.0,3,672,0.158,0
49341.58,1,24600.0,3,611,0.4116,1
59686.07,2,20200.0,3,708,0.1906,0
44964.71,4,7300.0,0,738,0.2046,0
71846.53,5,26700.0,2,630,0.4067,0
77002.37,6,25900.0,0,706,0.2136,0
197795.44,5,71500.0,2,740,0.4838,0
69773.15,2,7700.0,3,756,0.3912,0
20915.93,4,5500.0,1,703,0.2616,0
113511.62,4,17800.0,2,803,0.2209,0
53523.24,1,20800.0,0,679,0.5296,1
181055.51,2,19100.0,3,601,0.3276,0
134458.17,5,67100.0,1,659,0.122,1
45347.16,6,12600.0,2,766,0.512,1
89058.3,2,46600.0,3,608,0.3611,1
43188.29,12,11500.0,0,507,0.1975,0
59962.82,0,27700.0,1,709,0.213,0
86837.31,4,47800.0,0,642,0.2512,0
110431.44,4,34000.0,2,844,0.2127,0
97964.77,7,24700.0,7,695,0.3045,0
62395.24,2,5900.0,3,768,0.3003,0
234657.7,2,134800.0,2,638,0.4891,1
48983.5,2,6000.0,2,720,0.1639,0
24736.61,7,16200.0,2,703,0.3035,0
27499.29,8,13000.0,3,778,0.1503,0
134686.38,3,26400.0,5,689,0.432,0
57402.37,2,19900.0,0,636,0.121,0
65347.97,2,35800.0,3,753,0.2535,0
44427.41,1,14000.0,1,621,0.2924,0
46677.32,9,14200.0,0,614,0.6672,1
38835.78,4,20900.0,0,672,0.5199,1
77585.28,7,24500.0,1,651,0.392,1
56751.71,3,12400.0,3,676,0.2863,0
76058.11,14,12800.0,3,625,0.4654,0
72163.61,6,28300.0,1,759,0.4985,0
47371.06,5,13000.0,4,758,0.4062,0
26841.33,5,9000.0,2,737,0.4964,0
25586.25,2,5800.0,3,730,0.3548,0
316367.05,2,29800.0,2,536,0.2574,0
134995.32,7,60600.0,2,684,0.2627,0
125128.99,4,62100.0,5,739,0.2824,0
41314.39,6,21700.0,2,776,0.1983,0
60188.13,3,17400.0,1,660,0.6071,1
38236.68,3,4000.0,3,773,0.1417,0
29095.97,8,5800.0,2,698,0.2672,0
43311.55,4,24700.0,2,481,0.2288,1
124169.36,4,71700.0,2,668,0.2664,1
95073.92,4,13800.0,4,612,0.142,0
35118.16,3,10500.0,1,629,0.3396,0
50354.9,3,20400.0,3,754,0.3977,0
90401.65,4,47100.0,4,697,0.3794,0
43737.7,8,27200.0,1,636,0.4689,1
62553.19,4,27500.0,3,624,0.5054,1
74683.62,7,28900.0,3,708,0.3144,0
74236.54,2,17200.0,4,661,0.3342,0
68856.51,5,15800.0,0,727,0.2824,0
41792.27,0,9700.0,0,613,0.305,0
44221.39,2,19900.0,2,646,0.3561,1
32096.19,2,13900.0,4,591,0.2677,1
25368.53,3,6200.0,1,633,0.4856,0
56212.15,7,10700.0,3,838,0.5411,0
93802.12,0,51500.0,3,620,0.4051,1
28024.79,8,4600.0,1,639,0.2411,0
69573.24,0,34100.0,5,613,0.2623,1
92184.49,3,31300.0,2,661,0.6139,1
21802.86,3,13500.0,1,670,0.2901,0
51595.02,10,13100.0,2,766,0.3005,0
148066.33,6,48400.0,3,645,0.4344,0
81110.49,12,31600.0,1,684,0.5095,0
21402.19,13,8700.0,3,534,0.2562,0
85998.64,7,36600.0,2,610,0.5543,1
39685.64,2,22000.0,4,756,0.1425,0
87572.19,5,30900.0,0,611,0.1679,0
40964.25,4,10200.0,2,733,0.5755,0
58152.97,2,14700.0,4,606,0.6134,1
44549.29,7,10700.0,1,662,0.3046,0
59978.22,1,14600.0,2,804,0.2758,1
43826.59,2,20900.0,3,731,0.3388,0
52947.39,0,5000.0,2,529,0.3312,1
31364.04,2,5200.0,0,850,0.2464,0
78422.24,2,44800.0,2,597,0.4345,0
65933.82,3,31500.0,0,815,0.2873,0
24609.98,7,9500.0,1,642,0.3405,0
103373.52,2,60700.0,0,583,0.4727,1
54341.4,8,23100.0,5,641,0.309,0
65445.26,13,30500.0,0,626,0.3777,0
91172.53,8,23600.0,5,634,0.4687,0
71720.6,2,14000.0,3,679,0.4291,0
113648.06,2,52500.0,3,711,0.2344,0
50954.45,8,16700.0,2,782,0.3392,0
105760.9,2,48000.0,3,691,0.535,1
64062.12,4,25600.0,3,681,0.3308,0
79157.78,5,9100.0,5,621,0.4331,0
74756.84,6,16900.0,0,654,0.2063,0
118468.42,4,17500.0,1,637,0.2526,0
89034.29,1,13000.0,3,572,0.2078,0
46928.48,3,27900.0,1,850,0.3265,0
42078.96,8,16900.0,2,693,0.1866,0
58257.91,4,16400.0,3,694,0.211,0
39416.67,11,19700.0,2,766,0.2715,0
33566.85,5,6400.0,3,481,0.5142,1
18574.99,2,4400.0,3,843,0.5866,0
25537.56,6,4900.0,1,611,0.4336,1
178433.9,8,100200.0,2,609,0.399,0
41727.88,4,3400.0,1,634,0.326,0
170570.36,4,77700.0,4,749,0.4053,0
74737.33,5,34800.0,2,836,0.5536,0
58257.79,5,12600.0,4,798,0.2889,0
26230.21,2,6500.0,2,639,0.2611,1
60028.09,1,27200.0,1,540,0.5843,1
169515.74,6,93900.0,4,644,0.4512,0
141026.09,4,32900.0,3,627,0.1413,0
69621.68,5,15500.0,2,552,0.6939,1
31832.16,3,14400.0,1,719,0.1342,0
35367.87,5,18700.0,4,675,0.4899,0
37461.7,2,17500.0,3,713,0.3729,0
120932.18,3,22500.0,2,730,0.2185,0
146891.02,2,59600.0,2,726,0.1018,0
66685.38,3,16700.0,3,670,0.3917,0
50680.97,1,3300.0,2,798,0.3495,0
140335.43,6,82500.0,2,638,0.3013,1
34953.87,9,12900.0,2,627,0.5041,1
61605.28,1,24400.0,3,658,0.5766,0
77236.8,4,35100.0,2,715,0.4544,0
37251.95,3,1200.0,3,726,0.2671,0
42203.02,10,7600.0,5,649,0.4076,0
40434.73,4,11100.0,3,651,0.1394,0
130509.3,8,22600.0,2,773,0.1385,0
171596.66,6,61500.0,1,577,0.1955,0
63776.23,5,11300.0,1,850,0.376,0
51662.1,2,16300.0,2,652,0.355,0
43048.7,5,11200.0,1,660,0.2168,0
59931.68,2,29400.0,5,703,0.6692,1
44239.71,3,14600.0,2,715,0.4007,0
56762.62,0,30100.0,3,626,0.1855,0
75152.75,9,48900.0,2,700,0.2863,0
47909.92,4,25900.0,0,605,0.5307,1
53945.34,9,7700.0,2,630,0.2049,0
54068.12,4,24700.0,0,555,0.258,0
50278.87,4,17300.0,2,686,0.3428,0
46967.15,6,21000.0,6,662,0.3433,0
91054.01,4,38100.0,2,524,0.1204,0
22608.82,3,15900.0,3,624,0.2641,1
142322.93,3,67600.0,1,673,0.3619,0
64507.79,2,28000.0,3,739,0.2028,0
83743.15,3,48400.0,1,579,0.2904,1
89213.96,7,14800.0,5,652,0.2088,0
40561.21,3,27700.0,3,592,0.1681,1
36210.44,12,20100.0,1,729,0.2783,0
33936.69,0,21000.0,0,625,0.4106,0
52266.59,8,14800.0,5,714,0.2668,0
87953.42,3,18700.0,2,648,0.2055,0
43431.09,5,12200.0,1,547,0.2975,0
83647.13,2,32500.0,6,670,0.1233,0
18000.0,1,10500.0,2,586,0.3059,0
48433.07,7,8100.0,3,759,0.4901,0
113769.02,9,55100.0,3,811,0.2097,0
54500.53,4,23600.0,1,723,0.3834,0
37947.96,3,12900.0,4,627,0.3161,1
41720.01,4,11900.0,2,677,0.1673,0
18000.0,4,6300.0,0,697,0.3849,0
34320.87,3,3700.0,4,756,0.2794,0
107096.2,4,45700.0,1,661,0.1194,0
43458.79,5,7400.0,0,706,0.3092,0
46374.3,5,10900.0,3,549,0.4847,1
18000.0,2,10300.0,0,693,0.1874,0
24417.11,3,10200.0,2,610,0.4977,0
115211.75,1,25600.0,4,678,0.3403,0
84078.97,5,11700.0,3,597,0.361,0
29331.24,2,16000.0,2,706,0.591,1
42327.2,0,18100.0,1,723,0.4475,1
58921.14,2,9900.0,3,658,0.2531,0
31012.01,5,7300.0,1,610,0.372,0
19885.0,5,7900.0,0,718,0.247,0
54854.21,8,9600.0,3,792,0.2643,0
82037.74,14,49900.0,1,819,0.1127,0
82910.88,4,31800.0,2,705,0.4863,0
96894.74,3,31500.0,0,696,0.6994,1
25477.31,4,1800.0,2,576,0.3402,1
61811.58,3,19000.0,2,774,0.1879,0
51655.49,1,11800.0,0,501,0.4677,1
57069.7,1,9500.0,3,764,0.3872,0
53290.86,3,21600.0,0,677,0.2494,0
41637.38,9,9700.0,3,493,0.3358,1
18000.0,3,7100.0,2,700,0.2128,0
113437.35,6,45600.0,6,663,0.4173,0
71789.58,8,6400.0,1,641,0.2683,0
26466.65,6,10300.0,1,655,0.1752,0
77669.85,7,15300.0,4,674,0.4162,0
46816.1,1,15500.0,3,673,0.2923,0
47551.34,3,14800.0,3,564,0.5221,1
39236.86,1,9400.0,1,705,0.2268,0
80443.61,2,27300.0,7,647,0.3838,0
38564.87,1,26300.0,2,794,0.3505,0
32752.71,5,1000.0,2,740,0.2175,0
111575.82,1,28900.0,1,748,0.2807,0
54263.94,1,10200.0,1,815,0.2755,0
55209.07,4,12100.0,0,730,0.3099,0
87627.95,0,51900.0,2,664,0.2884,0
41474.22,13,16300.0,3,483,0.2969,0
46282.34,3,24400.0,2,693,0.4301,0
70837.47,8,20700.0,4,805,0.6278,0
25648.55,1,18300.0,2,742,0.2465,0
67616.31,5,21100.0,2,637,0.3324,0
39511.96,5,26900.0,2,679,0.4779,1
95847.14,2,29200.0,2,633,0.4429,1
80875.39,6,42200.0,2,698,0.2034,0
75207.15,2,20400.0,2,637,0.167,0
24739.9,3,9400.0,3,783,0.2947,0
56564.26,2,28500.0,4,684,0.2637,0
31335.39,7,12400.0,5,694,0.3828,0
58672.41,5,29900.0,5,613,0.2992,0
18000.0,4,2900.0,3,644,0.3132,0
25656.24,4,1000.0,0,588,0.2991,0
115147.42,5,57300.0,3,781,0.2752,0
73348.64,2,39400.0,4,637,0.5028,0
49286.29,6,32500.0,2,687,0.3783,0
36322.45,2,18700.0,1,559,0.175,0
32980.12,4,5900.0,2,583,0.2482,0
66841.92,3,32200.0,4,656,0.37,1
49563.12,2,17600.0,2,652,0.2297,0
140176.27,3,43600.0,1,693,0.2997,0
54088.67,4,14000.0,3,826,0.2596,0
61839.42,6,17200.0,2,524,0.2526,0
27898.36,4,6500.0,2,748,0.3752,0
49100.05,7,5300.0,3,712,0.2248,0
65995.73,2,32500.0,1,629,0.342,0
48774.74,3,15700.0,2,642,0.1251,0
45839.63,5,15600.0,3,759,0.1457,0
71668.05,1,33600.0,3,670,0.4932,0
137744.09,15,17500.0,4,651,0.3842,0
64843.58,6,25000.0,0,596,0.3222,0
112341.93,1,20200.0,5,612,0.2692,0
84278.44,11,30600.0,5,584,0.4496,0
108705.14,2,39700.0,1,741,0.3369,0
42815.44,10,15000.0,0,616,0.3549,1
53433.32,6,13000.0,1,585,0.5119,0
53555.54,1,19000.0,2,688,0.6263,0
80858.22,2,26700.0,2,614,0.1548,0
92579.87,1,35900.0,5,791,0.1686,0
64137.27,3,37400.0,3,678,0.3165,0
96973.07,7,26000.0,3,690,0.3395,0
43921.87,10,15900.0,4,691,0.4656,0
97436.65,2,49300.0,2,718,0.2397,0
104683.33,1,53700.0,2,728,0.4083,0
86909.53,5,16800.0,2,677,0.2934,0
64459.56,1,26000.0,4,599,0.39,1
88639.05,7,48200.0,1,663,0.2497,0
36618.09,6,12600.0,2,679,0.2812,0
66776.02,4,8600.0,3,553,0.1421,0
70634.98,7,33900.0,2,517,0.499,1
28818.31,7,11800.0,1,584,0.4472,0
77731.93,2,29200.0,5,529,0.1653,0
30126.18,1,16700.0,6,639,0.5175,1
47317.95,4,8600.0,2,617,0.3054,0
61197.92,7,10700.0,1,682,0.2552,0
40058.45,2,20800.0,3,728,0.2074,1
62655.37,1,36600.0,3,697,0.3801,0
62106.53,1,31700.0,4,708,0.3022,0
38135.47,3,1000.0,1,746,0.2024,0
81828.92,0,36100.0,4,651,0.1446,0
39328.86,2,9400.0,3,479,0.3222,1
210741.16,5,28900.0,1,544,0.3124,0
56375.31,7,31000.0,7,712,0.1828,0
31438.49,13,2800.0,1,690,0.3612,0
34843.16,3,3800.0,1,727,0.3445,0
112551.85,2,30200.0,2,850,0.4882,0
47808.88,11,9100.0,0,691,0.3754,0
28280.56,4,13100.0,1,668,0.1611,0
95754.41,4,51800.0,3,701,0.4053,0
47640.3,8,12800.0,0,586,0.1442,0
85766.24,1,17200.0,3,732,0.1626,0
100163.72,4,26200.0,2,662,0.2479,0
69630.29,1,15000.0,3,801,0.3016,0
223630.2,0,37000.0,1,555,0.2994,0
23188.03,2,15400.0,2,675,0.4905,1
38182.3,10,13100.0,3,628,0.5053,1
52011.88,1,2600.0,1,595,0.6017,1
207657.52,3,32000.0,4,722,0.2335,0
160958.42,6,26000.0,3,651,0.1802,0
121634.99,2,37100.0,1,775,0.3692,0
38685.95,13,21000.0,2,635,0.3113,0
41248.37,4,20100.0,3,646,0.4475,0
37960.14,1,6500.0,2,826,0.1691,0
38914.23,2,15100.0,4,574,0.28,0
136078.54,1,18300.0,1,616,0.2385,0
52361.56,2,16700.0,1,443,0.5685,1
56312.74,3,32700.0,5,641,0.3488,0
91666.54,7,17500.0,0,727,0.2849,0
23982.02,15,6000.0,2,706,0.7571,0
61633.15,3,9400.0,0,686,0.2321,0
32752.04,6,13400.0,2,609,0.2996,0
50923.09,3,26000.0,4,661,0.3438,1
43367.63,2,7500.0,3,645,0.2618,0
42155.08,2,7700.0,2,675,0.2853,0
67783.22,9,23800.0,4,688,0.1185,0
67620.56,3,34900.0,2,649,0.4972,1
53055.76,11,21800.0,3,677,0.1539,0
73414.47,4,28200.0,4,668,0.294,0
37133.02,4,9900.0,0,624,0.4568,1
87105.23,8,12000.0,0,681,0.1244,0
53454.74,4,20700.0,3,579,0.4986,1
45889.2,0,20300.0,2,689,0.4761,0
38672.45,2,23500.0,1,592,0.4216,1
52429.85,4,25000.0,1,673,0.1967,0
167518.92,5,73500.0,3,710,0.3892,0
57825.05,4,34100.0,0,606,0.4288,1
31906.92,3,10300.0,1,752,0.5176,0
99245.36,4,25200.0,2,809,0.1413,0
46186.34,9,23700.0,2,626,0.1881,0
69987.19,3,6000.0,1,664,0.2013,0
42911.14,4,6100.0,5,766,0.1752,0
121106.47,7,40600.0,4,540,0.2197,0
43264.26,7,20400.0,2,678,0.3256,0
129161.89,1,69200.0,0,652,0.5341,1
33621.02,0,8900.0,3,743,0.2362,0
50965.36,6,20200.0,2,657,0.4856,1
129313.85,5,49400.0,2,709,0.3076,0
65676.46,4,5100.0,2,613,0.2869,0
208836.36,7,52900.0,3,746,0.2961,0
51635.92,3,28100.0,2,591,0.329,1
68966.32,5,33600.0,0,740,0.573,0
170728.88,3,88900.0,1,681,0.1717,0
26038.78,2,17900.0,2,498,0.3053,1
24324.45,3,6100.0,4,680,0.4929,1
38656.51,1,14600.0,2,721,0.2106,0
93653.3,2,28300.0,3,583,0.5037,1
24700.58,4,5100.0,0,611,0.4245,0
83147.96,5,22300.0,3,682,0.2239,0
79992.54,8,46900.0,3,637,0.3069,0
181301.13,3,47700.0,3,700,0.3787,0
106405.94,2,49800.0,2,659,0.1449,0
73147.09,1,29300.0,5,576,0.4365,0
126439.99,8,34900.0,1,850,0.4961,0
80530.97,4,9300.0,2,650,0.4613,1
46488.56,3,6400.0,2,684,0.3283,0
31903.37,4,10900.0,4,808,0.358,0
43776.35,7,15800.0,1,740,0.2468,0
58568.91,10,21400.0,4,716,0.4038,0
65924.15,1,22200.0,3,754,0.5288,0
18502.15,3,7700.0,1,716,0.3816,0
53063.35,6,12800.0,1,716,0.3064,0
60822.8,1,29300.0,1,718,0.2893,0
80914.28,12,6900.0,0,662,0.4647,0
146494.11,3,54600.0,1,756,0.1602,0
66310.89,13,25500.0,1,726,0.176,0
36306.08,1,13100.0,1,503,0.4881,1
22027.71,8,12000.0,4,739,0.2067,0
87365.52,2,11300.0,2,615,0.4829,0
37123.37,4,7900.0,4,693,0.3565,0
96448.1,6,50200.0,2,550,0.2701,1
129130.79,7,62300.0,3,631,0.6221,1
25610.53,5,12200.0,2,648,0.2872,0
81197.59,4,20700.0,1,715,0.398,0
121898.29,4,56500.0,1,631,0.2443,0
104869.46,18,47700.0,0,513,0.2814,0
18901.4,8,7600.0,1,638,0.389,0
37439.87,2,8600.0,2,646,0.2685,0
29610.99,4,9800.0,1,722,0.1834,0
79850.39,5,12100.0,3,686,0.3038,0
75156.63,0,21800.0,4,618,0.2323,0
18000.0,9,9500.0,2,696,0.2897,1
50743.69,2,26300.0,0,813,0.4091,0
93003.83,2,42200.0,5,763,0.3825,1
64950.89,1,24800.0,2,532,0.3525,1
64889.87,8,33000.0,3,850,0.5447,0
48984.22,6,16000.0,2,764,0.5871,0
33442.49,8,10100.0,4,794,0.2771,0
59315.11,10,19700.0,2,561,0.2452,1
61614.43,5,20400.0,2,644,0.2546,0
83984.71,3,26800.0,1,719,0.1712,0
87822.67,5,6800.0,1,591,0.1598,0
62769.45,2,18800.0,0,715,0.1796,0
109338.03,6,35400.0,1,797,0.2451,0
48717.4,9,16500.0,2,650,0.297,0
27059.31,2,4000.0,2,803,0.1909,0
77837.57,5,42800.0,2,728,0.4686,1
64183.97,4,30000.0,0,536,0.7652,1
78693.22,4,43200.0,0,610,0.2144,0
29868.26,7,2400.0,3,758,0.4276,0
160321.72,5,23900.0,3,598,0.3696,1
88501.64,3,45800.0,0,756,0.4493,0
51103.16,3,15000.0,4,721,0.6343,0
35792.75,4,8000.0,3,698,0.2294,0
108275.52,4,36100.0,3,632,0.4294,1
32663.93,4,3300.0,8,698,0.3165,0
207679.36,7,95700.0,2,801,0.2568,0
42733.45,1,11900.0,2,646,0.5738,1
154241.97,6,71600.0,4,721,0.501,0
54097.29,6,26200.0,1,825,0.1193,0
142830.04,13,57400.0,1,695,0.5236,0
39967.52,4,8900.0,2,638,0.3208,0
60497.66,5,15900.0,2,637,0.2205,0
93210.17,7,45200.0,1,519,0.3521,0
86175.61,5,49000.0,1,584,0.3217,0
109690.61,0,51600.0,2,700,0.4618,0
45793.17,0,11200.0,2,748,0.266,0
62733.11,3,40400.0,2,643,0.3241,1
118968.46,4,28300.0,3,747,0.4246,0
40623.8,5,20900.0,2,742,0.2752,0
82034.7,1,44600.0,3,617,0.3094,1
53075.03,6,29700.0,3,630,0.2697,0
67052.47,1,39600.0,6,574,0.1815,1
62724.2,5,10100.0,4,731,0.2578,0
38810.43,2,19200.0,4,675,0.2245,1
51876.37,6,9700.0,4,742,0.4191,0
64842.25,7,38800.0,2,671,0.2613,0
56585.15,2,18800.0,2,604,0.2002,0
142202.13,5,35700.0,1,733,0.3194,0
104346.83,4,37900.0,2,526,0.2668,1
70227.08,2,10500.0,4,650,0.308,0
39350.72,1,14500.0,2,617,0.621,1
38054.98,6,18600.0,3,789,0.185,0
177299.57,12,101100.0,5,806,0.298,0
34357.07,3,7300.0,4,707,0.1718,0
63743.52,0,36500.0,0,632,0.2234,0
73022.42,0,22400.0,1,804,0.4062,0
50451.71,4,27700.0,3,623,0.3175,0
34502.53,1,17100.0,0,571,0.4069,1
38882.78,1,27700.0,2,526,0.1839,1
44330.24,2,17200.0,2,683,0.5028,1
40529.24,6,5200.0,2,546,0.299,0
124274.26,6,59600.0,4,781,0.7049,0
59574.37,6,16100.0,1,631,0.2876,0
44887.26,3,14100.0,0,579,0.1881,0
63502.02,3,14500.0,1,759,0.6287,0
86454.69,8,36600.0,3,741,0.7496,0
49536.21,3,21900.0,3,800,0.2705,0
98330.52,1,56000.0,5,548,0.5263,1
29758.48,2,7900.0,2,532,0.4269,1
114030.02,6,61200.0,1,792,0.3775,0
59580.06,5,29200.0,2,465,0.4253,1
58313.75,3,25300.0,0,584,0.1138,0
40898.23,1,8900.0,4,679,0.3047,0
30475.62,5,9400.0,3,575,0.4739,0
23940.59,3,8100.0,2,691,0.5523,0
39358.72,1,12300.0,1,589,0.4127,1
82720.3,6,13000.0,1,772,0.4424,0
35287.95,3,6300.0,3,729,0.2869,0
25549.0,4,11200.0,2,696,0.2828,0
36316.01,9,13200.0,1,648,0.1941,0
48452.62,5,20700.0,1,597,0.471,0
49512.2,6,15600.0,0,665,0.3094,0
55776.56,4,22900.0,2,583,0.285,1
105654.91,7,35700.0,5,819,0.2894,0
119025.13,1,38000.0,0,699,0.1047,0
180413.08,1,94000.0,2,610,0.3314,1
24496.88,1,13800.0,2,792,0.1664,0
37393.94,3,14600.0,3,672,0.2348,1
87918.62,6,9500.0,3,780,0.5672,0
46643.22,2,15000.0,1,778,0.3576,0
96127.68,6,15500.0,3,708,0.3346,0
67098.19,4,21000.0,1,580,0.4301,0
142708.92,13,80600.0,1,631,0.388,0
106244.03,4,28800.0,0,850,0.2287,0
107318.8,2,61200.0,2,634,0.1835,0
47737.41,5,6800.0,5,656,0.0634,0
56749.18,4,30500.0,3,640,0.2881,0
50620.43,1,19200.0,2,605,0.4866,1
26154.05,3,9800.0,2,728,0.2089,0
134520.66,3,34700.0,4,575,0.2192,0
90216.09,3,49500.0,3,613,0.0896,0
49525.11,1,10000.0,2,698,0.3909,0
122703.47,12,60800.0,5,656,0.2744,0
42331.97,1,17800.0,1,687,0.5362,0
21786.07,9,10500.0,2,673,0.3624,1
104198.54,4,29000.0,3,587,0.2193,0
29637.39,2,12600.0,5,785,0.2026,0
53762.07,10,16900.0,6,761,0.4403,0
67061.65,0,17800.0,2,603,0.3067,0
74013.73,2,14100.0,1,711,0.3386,0
95475.08,3,36400.0,2,638,0.1761,0
82410.51,2,26300.0,1,756,0.1736,0
81019.16,3,20800.0,2,739,0.5104,0
38757.77,6,9600.0,4,769,0.2979,0
70391.93,1,31200.0,0,604,0.1411,0
26158.97,4,15200.0,3,573,0.5652,1
141375.64,6,61800.0,2,536,0.3567,1
27683.43,1,18800.0,1,850,0.5421,0
49486.64,4,17100.0,3,743,0.2972,0
28987.48,3,3900.0,0,768,0.1909,0
40071.02,2,4700.0,2,567,0.1509,0
60317.99,2,18300.0,2,723,0.2656,0
44765.05,2,14400.0,2,546,0.2057,0
112345.64,3,56400.0,2,709,0.17,0
67832.42,3,19700.0,1,677,0.2462,0
46416.01,9,8700.0,1,653,0.166,0
55632.89,5,19200.0,1,634,0.2363,0
117106.05,5,26100.0,2,763,0.5498,0
98703.83,4,42900.0,1,636,0.1968,0
32005.91,4,1500.0,2,777,0.4012,0
41177.26,5,21000.0,1,671,0.2875,0
77740.71,1,13100.0,3,703,0.3962,0
72718.54,3,34900.0,2,716,0.2707,0
33600.3,2,3800.0,4,709,0.2347,0
90401.82,7,27800.0,4,692,0.5594,0
36681.18,2,14500.0,0,836,0.2933,0
122651.8,5,57600.0,3,760,0.2811,0
80113.29,6,23100.0,2,483,0.335,0
32126.66,4,9600.0,3,659,0.3044,0
44757.21,4,11500.0,3,786,0.3838,0
44331.32,4,7000.0,3,614,0.7074,1
65377.42,6,31500.0,0,675,0.3013,0
53520.11,2,18600.0,1,681,0.3568,0
31887.87,5,3000.0,0,794,0.4332,0
27810.18,0,13500.0,6,596,0.3208,1
80980.43,2,16400.0,5,607,0.5374,1
70082.63,2,35900.0,0,713,0.4131,0
63452.42,1,15400.0,1,701,0.4231,0
69487.53,4,21000.0,3,714,0.1821,0
42599.36,2,20800.0,2,699,0.6117,0
66250.33,8,21500.0,2,666,0.2409,0
241875.42,3,144800.0,2,717,0.1334,0
114234.88,6,22900.0,3,690,0.2128,0
51091.6,7,1000.0,2,656,0.4834,0
44897.87,5,16900.0,5,670,0.2007,1
18000.0,3,15600.0,6,635,0.2438,1
107772.93,4,25700.0,3,622,0.4137,1
92284.64,1,31200.0,4,717,0.3968,0
44395.55,6,11200.0,0,577,0.5009,1
27243.24,13,7000.0,2,727,0.1186,0
31716.84,7,16000.0,4,655,0.3461,1
76452.03,3,28300.0,0,667,0.4139,0
57003.19,3,26500.0,6,662,0.4339,0
87585.93,7,13800.0,1,713,0.6613,0
62789.54,1,27400.0,5,786,0.5331,0
101896.96,2,33600.0,1,810,0.3503,0
73369.7,2,37400.0,1,754,0.3958,0
94451.09,0,25700.0,1,681,0.4626,1
18971.14,5,6600.0,2,735,0.6868,0
30366.94,3,11000.0,2,523,0.4021,1
49001.52,3,9400.0,2,721,0.41,0
108419.46,4,38800.0,1,704,0.4134,0
168432.67,1,41600.0,2,559,0.2502,0
54702.81,3,29400.0,2,631,0.255,0
42771.66,1,1100.0,2,696,0.1227,0
20430.16,5,7200.0,5,704,0.1919,0
96274.63,8,39100.0,5,747,0.0809,0
44240.47,6,3200.0,0,800,0.5223,0
304700.34,2,78200.0,1,664,0.292,0
39867.94,5,13900.0,1,590,0.6391,1
190594.1,3,58300.0,3,737,0.3425,0
90364.07,4,27900.0,1,772,0.5159,0
34011.52,5,18700.0,1,770,0.5754,0
68028.3,0,29500.0,1,710,0.3327,0
91515.1,1,7400.0,2,825,0.0987,0
52897.5,3,29900.0,1,654,0.3835,0
94929.57,2,29300.0,2,795,0.2524,0
93786.52,4,9200.0,2,588,0.337,0
83115.47,4,22800.0,2,505,0.2713,1
59334.11,2,4100.0,0,587,0.3485,0
31375.51,3,9000.0,1,632,0.1955,0
57398.19,1,24000.0,3,675,0.5629,1
65962.1,4,10300.0,1,605,0.4047,0
21336.45,6,1000.0,1,685,0.3764,0
65714.8,1,29300.0,2,724,0.2084,0
56769.77,6,25500.0,4,701,0.2929,0
29344.36,5,4200.0,2,665,0.2331,0
49853.62,6,1000.0,3,765,0.441,0
50437.21,8,11200.0,3,615,0.5672,1
173087.41,2,30000.0,3,657,0.4256,0
67579.85,7,12100.0,5,634,0.1745,0
105854.93,8,52000.0,3,724,0.1798,0
56117.42,1,13100.0,0,643,0.2345,0
21361.51,4,14300.0,2,705,0.2859,0
86663.49,4,11600.0,1,736,0.2757,0
41689.2,8,22000.0,1,637,0.2023,0
49782.56,15,6300.0,0,555,0.228,0
33552.47,6,10200.0,3,658,0.3335,0
62319.04,12,24000.0,2,615,0.345,1
107564.73,2,43200.0,2,627,0.4179,1
100008.05,5,21600.0,1,490,0.483,1
143258.25,3,40900.0,3,553,0.241,0
154875.63,5,25400.0,1,735,0.214,0
19433.8,6,1600.0,1,605,0.1486,0
31054.8,6,9600.0,2,762,0.1645,0
22147.83,3,1100.0,4,621,0.3641,0
84758.53,3,46200.0,3,711,0.1618,0
40896.71,6,18700.0,5,656,0.4216,1
45750.17,5,10500.0,2,724,0.4747,0
53149.9,2,10800.0,1,656,0.3586,0
73895.99,3,19900.0,4,691,0.2324,0
26451.64,7,8300.0,1,767,0.358,0
29960.2,2,14600.0,2,710,0.4117,0
59916.84,4,26700.0,1,623,0.3204,0
115764.16,1,25700.0,4,535,0.2363,0
59043.6,8,28800.0,4,667,0.2816,0
38738.42,16,3700.0,3,707,0.3936,0
18370.2,9,1800.0,4,687,0.5012,0
101110.73,2,11700.0,3,609,0.0833,0
39944.15,2,7300.0,1,686,0.1781,0
31853.73,7,15600.0,3,724,0.2745,0
23308.45,7,3600.0,4,780,0.4206,0
27132.69,10,14900.0,1,658,0.2978,0
35289.2,4,8600.0,7,850,0.3561,0
52503.4,1,18400.0,0,784,0.4991,0
30797.6,4,8400.0,0,688,0.1028,0
66312.88,3,9800.0,1,695,0.2493,0
52284.42,14,29200.0,4,779,0.249,0
203230.43,6,72200.0,2,603,0.3825,0
23448.37,1,7500.0,1,615,0.1071,0
65435.07,6,20300.0,2,578,0.4506,0
65887.42,8,25800.0,2,656,0.4108,0
33968.65,7,8600.0,4,610,0.4963,1
63094.5,7,41200.0,2,648,0.5351,1
91425.24,4,22900.0,0,672,0.5805,0
63137.51,3,8600.0,2,572,0.1548,0
128213.82,1,31400.0,3,777,0.2092,0
18074.76,10,1000.0,3,764,0.4479,0
37675.74,5,19800.0,2,641,0.4567,0
134764.06,2,44500.0,4,786,0.1702,0
98875.27,4,44800.0,1,704,0.4008,1
80602.22,1,7300.0,3,757,0.2723,0
117979.77,4,55000.0,2,573,0.6428,1
20866.35,8,10600.0,2,650,0.1191,0
92742.85,6,35700.0,4,722,0.1491,0
107516.93,8,23300.0,2,663,0.3634,1
41677.43,7,13600.0,0,662,0.2785,0
254251.81,5,98500.0,0,667,0.7121,0
66702.11,3,33600.0,3,703,0.2043,0
18000.0,3,7400.0,2,683,0.1572,0
73843.23,10,25600.0,4,792,0.2873,0
40298.8,6,15100.0,1,601,0.5011,0
113635.06,5,58100.0,3,682,0.3334,1
80932.38,6,33500.0,6,728,0.409,0
43094.16,3,9300.0,3,582,0.0937,0
136810.02,5,21800.0,1,649,0.3413,0
100377.99,2,40000.0,1,688,0.2935,0
37973.51,3,12800.0,3,788,0.2851,0
55070.82,6,4700.0,1,685,0.3948,0
79562.98,5,11900.0,3,732,0.2846,0
49003.9,6,11100.0,2,737,0.4202,0
49815.44,7,19400.0,1,468,0.6724,1
61095.82,3,27900.0,1,681,0.6038,1
33316.59,4,17300.0,2,642,0.3029,0
18000.0,6,4000.0,2,788,0.3557,0
68290.38,2,21800.0,1,727,0.4392,1
20052.42,0,1000.0,0,741,0.3162,0
34676.89,1,25500.0,0,714,0.1765,0
22598.29,3,7900.0,0,683,0.2173,0
24181.8,3,4300.0,1,738,0.4264,0
75697.12,5,6400.0,2,673,0.0888,0
52983.22,8,8200.0,4,771,0.5452,0
51941.83,3,17400.0,5,595,0.3004,0
29034.91,2,11100.0,2,753,0.2212,0
41742.83,1,14800.0,4,648,0.5227,1
73647.86,2,43500.0,1,726,0.3533,0
58183.2,2,8200.0,4,557,0.4864,1
94133.64,4,19000.0,5,695,0.4863,0
101803.59,2,53100.0,3,664,0.2024,0
52118.7,3,22600.0,2,672,0.4918,0
21617.6,3,4600.0,4,542,0.5913,1
39491.68,4,15100.0,2,677,0.3336,0
56742.05,6,32400.0,4,685,0.3824,0
39063.04,5,16900.0,3,541,0.1101,0
33521.98,2,21800.0,2,589,0.4427,1
62215.77,2,30200.0,3,687,0.2334,0
227901.02,6,21500.0,5,706,0.3909,0
45775.15,8,23900.0,1,671,0.1728,0
59781.81,1,28500.0,1,678,0.1242,0
29096.71,1,14300.0,2,677,0.1175,0
118642.56,10,70500.0,1,634,0.2843,0
96868.4,1,48600.0,2,662,0.4051,1
93260.67,2,39100.0,2,570,0.4114,1
126486.1,3,17600.0,2,631,0.3242,0
47332.96,2,23300.0,3,672,0.4515,1
50699.44,2,23500.0,0,768,0.2541,0
153343.1,2,13300.0,1,666,0.5585,1
84795.73,4,22300.0,1,830,0.1972,0
18000.0,1,2800.0,0,820,0.3287,0
76891.57,6,27500.0,6,680,0.5046,0
43480.42,1,18400.0,0,644,0.2118,0
98124.71,9,14000.0,1,845,0.4878,0
74944.62,3,30800.0,2,731,0.2789,0
22987.4,2,7700.0,3,708,0.5419,0
69414.88,0,17300.0,1,621,0.6124,1
67228.01,0,35000.0,0,643,0.1606,0
73123.45,4,12800.0,2,600,0.2458,0
82169.62,0,11500.0,1,787,0.1137,0
136322.85,2,51300.0,3,713,0.4594,0
75179.88,6,40500.0,2,652,0.2322,0
60632.97,4,14700.0,3,640,0.0889,0
112575.81,3,66200.0,1,601,0.3099,0
205562.91,4,37700.0,2,670,0.3997,0
99040.97,6,23400.0,2,688,0.1506,0
67064.72,3,25500.0,1,504,0.3523,1
75954.66,6,9700.0,1,603,0.3482,0
68928.43,4,19400.0,7,624,0.2438,1
60487.08,7,31200.0,3,756,0.5048,0
196977.34,4,68300.0,0,633,0.1118,0
39656.92,1,1000.0,2,540,0.2395,0
113006.23,2,22200.0,4,592,0.1069,0
55869.77,3,29500.0,2,804,0.3525,0
26523.05,15,9800.0,3,647,0.582,0
53983.04,2,31200.0,0,597,0.2653,1
44323.63,13,13400.0,2,549,0.3992,0
82262.24,7,26900.0,3,677,0.2057,0
62957.5,7,29700.0,5,685,0.4132,1
34128.4,6,13000.0,1,708,0.1742,0
134464.35,12,65000.0,1,850,0.646,0
109051.3,2,58600.0,5,582,0.3449,1
143247.69,7,69700.0,1,647,0.4365,1
68208.92,1,35000.0,4,697,0.3507,0
58708.91,2,33300.0,1,642,0.2499,0
88164.38,6,34000.0,4,520,0.3785,1
43581.53,7,18400.0,0,713,0.3343,0
64314.01,5,33200.0,4,628,0.2458,0
54359.64,0,23900.0,1,595,0.314,0
26807.34,2,14400.0,1,608,0.2626,0
64221.96,1,21100.0,2,791,0.3046,0
46979.57,3,25100.0,0,772,0.4653,0
52396.56,1,18700.0,2,593,0.5861,1
73136.42,2,30700.0,2,545,0.3572,1
120558.84,2,65200.0,1,742,0.3946,0
37540.53,8,24100.0,2,829,0.2114,0
49756.33,2,15600.0,3,850,0.4306,0
39308.83,13,12600.0,0,569,0.3534,0
37926.32,3,18400.0,1,777,0.2624,0
43173.71,5,5300.0,2,675,0.4632,0
53742.12,4,24600.0,1,530,0.4062,1
82638.37,4,37700.0,3,611,0.2161,0
71413.71,7,13800.0,2,616,0.1106,0
33480.84,4,2300.0,0,711,0.2129,0
122001.45,2,40900.0,4,572,0.4312,1
100652.25,6,43100.0,5,746,0.2133,0
36473.74,1,5000.0,1,711,0.2025,0
117390.47,3,37800.0,1,752,0.473,0
71669.18,7,25100.0,1,625,0.3874,0
54937.4,3,31800.0,4,705,0.223,0
72907.3,5,13200.0,3,597,0.3595,0
59031.48,4,6600.0,2,726,0.3168,0
80804.93,2,37300.0,2,657,0.3589,0
66371.53,3,29900.0,1,665,0.1046,0
49732.59,1,23300.0,4,673,0.2913,0
19649.27,7,14000.0,0,544,0.3589,1
80013.48,3,34300.0,6,764,0.2048,0
48751.42,8,23100.0,3,681,0.2953,0
91846.19,3,46300.0,1,765,0.3577,0
78035.67,5,43000.0,2,759,0.1989,0
49453.33,1,28700.0,5,614,0.2896,1
105097.47,7,55000.0,4,655,0.1375,0
67014.41,3,30100.0,2,559,0.2264,1
65512.98,2,25500.0,0,767,0.5293,0
55494.5,1,6600.0,3,699,0.326,0
151139.06,17,39800.0,7,690,0.2087,0
40445.2,1,9200.0,2,654,0.699,1
50137.73,13,24600.0,2,602,0.3034,0
30317.05,10,12900.0,0,771,0.4366,0
89295.12,1,29900.0,1,825,0.3279,0
43469.64,3,6400.0,1,774,0.318,0
46234.45,3,9900.0,2,662,0.5067,0
45057.05,4,22800.0,3,704,0.2524,0
61975.66,4,8200.0,2,755,0.2742,0
30094.03,8,9200.0,4,682,0.41,0
18000.0,1,6300.0,0,821,0.45,0
77013.59,3,25900.0,3,769,0.3202,0
18723.66,2,13500.0,5,850,0.3414,0
95776.8,2,49000.0,4,690,0.6661,1
141095.22,4,29100.0,4,494,0.3124,1
54703.17,3,6200.0,2,680,0.2771,0
122359.79,0,35000.0,5,647,0.1057,0
59080.66,5,36600.0,0,688,0.4838,0
144290.32,0,57000.0,4,809,0.2733,0
46587.16,7,21400.0,3,634,0.4072,1
18000.0,4,11700.0,2,613,0.231,1
57299.58,3,23200.0,3,626,0.3238,0
153181.65,1,13000.0,3,837,0.2079,0
80356.85,5,28100.0,4,640,0.5246,1
45097.06,3,23200.0,2,694,0.4667,1
71746.59,4,33500.0,6,813,0.3818,0
102141.94,4,15200.0,2,725,0.2563,0
57120.08,6,18300.0,1,506,0.398,0
253853.99,5,59300.0,0,639,0.2373,0
45045.13,10,8600.0,3,626,0.4545,1
103920.44,6,10600.0,6,544,0.2648,0
91041.02,4,20800.0,3,639,0.3888,0
40745.27,4,9500.0,1,471,0.2757,0
47408.55,2,12000.0,3,699,0.4241,0
104815.22,1,49400.0,1,676,0.3799,0
64837.11,0,31300.0,4,622,0.5109,1
72109.38,5,35800.0,0,539,0.2694,1
24348.32,4,5200.0,2,780,0.5943,0
85887.99,6,39600.0,3,632,0.3104,0
70123.5,9,16700.0,1,757,0.3922,0
57806.09,3,5300.0,0,666,0.2305,0
73020.14,1,30000.0,2,784,0.3541,0
47807.14,7,17300.0,2,719,0.1748,0
43237.07,3,17600.0,6,683,0.4234,1
52415.78,2,8700.0,1,612,0.5361,1
46383.0,2,4800.0,4,772,0.2594,0
198648.31,5,24800.0,4,660,0.2477,0
98866.81,5,14200.0,2,614,0.2601,0
35148.67,8,10100.0,4,663,0.482,1
183498.69,1,47900.0,3,672,0.3894,0
47189.6,1,5900.0,1,741,0.286,0
60852.03,4,9300.0,0,534,0.5096,1
98083.99,4,33200.0,2,850,0.4048,0
20262.08,7,10500.0,5,710,0.4553,0
52556.07,8,6900.0,1,674,0.2211,0
43680.91,4,2500.0,4,708,0.4323,0
67023.2,8,20100.0,3,560,0.0939,0
73388.85,3,33100.0,2,684,0.4106,0
57383.23,3,36100.0,1,724,0.4132,1
55937.71,3,35700.0,4,653,0.2381,1
107561.95,1,34700.0,3,714,0.337,0
70672.89,1,17700.0,5,734,0.3549,0
61253.96,4,27000.0,0,620,0.736,1
64947.13,7,10200.0,2,769,0.4821,0
164347.6,2,38400.0,2,670,0.5086,0
65839.2,8,25300.0,0,818,0.2105,0
45118.76,9,15900.0,3,773,0.3689,0
20953.28,3,10000.0,3,705,0.2024,0
27209.85,0,7300.0,2,614,0.2613,0
46311.04,3,28100.0,0,667,0.4407,0
56409.49,1,10200.0,3,751,0.3469,0
44108.52,7,24200.0,3,633,0.2641,0
72629.7,4,34000.0,3,708,0.4274,0
43797.0,0,1000.0,2,716,0.173,0
36207.84,5,13500.0,3,667,0.3851,0
83864.2,7,37600.0,2,613,0.3125,0
127155.62,4,61700.0,6,795,0.2249,0
32567.1,2,9400.0,6,711,0.352,0
68462.66,5,17800.0,0,652,0.3473,0
20999.36,10,3100.0,0,616,0.2633,0
26608.98,8,5000.0,2,742,0.515,0
43311.73,1,15800.0,0,670,0.2416,0
111770.25,4,46200.0,0,748,0.4274,0
39015.4,1,20900.0,3,606,0.5447,1
38221.17,2,14100.0,7,698,0.2831,0
61074.4,9,24200.0,3,639,0.1728,0
61107.87,4,19800.0,2,806,0.5349,0
38877.76,2,13300.0,4,703,0.4615,1
178513.92,3,73400.0,2,600,0.3569,0
51743.3,6,21300.0,4,745,0.3543,0
63733.89,2,33900.0,1,768,0.3703,0
48003.12,4,8400.0,3,650,0.1742,0
76266.14,2,39600.0,7,614,0.2229,0
118092.87,3,46900.0,1,510,0.4738,1
149494.52,9,36500.0,0,758,0.3985,0
39369.78,4,18000.0,1,544,0.1013,0
109692.62,5,60700.0,0,671,0.547,1
81009.72,4,10300.0,3,546,0.2759,0
102333.78,1,52800.0,1,810,0.2255,0
56923.66,1,28400.0,0,775,0.3671,0
54020.97,9,19600.0,0,698,0.2632,0
100171.91,8,19900.0,3,754,0.2758,0
101222.96,4,45600.0,3,665,0.2933,0
141654.51,2,75900.0,2,613,0.2946,1
66782.82,1,11700.0,1,549,0.4046,1
56454.88,14,29500.0,0,734,0.4048,0
18000.0,1,6400.0,1,599,0.3651,1
24681.44,2,3400.0,4,850,0.3991,0
48202.28,2,8200.0,4,592,0.1723,0
32676.7,2,8000.0,1,751,0.4467,0
93692.35,4,52300.0,2,771,0.3502,0
29128.97,13,7500.0,3,575,0.309,1
45446.12,3,20900.0,2,641,0.3143,0
46438.56,5,8500.0,1,658,0.3161,0
116146.63,6,35100.0,0,850,0.2651,0
42850.33,7,13100.0,2,657,0.4804,0
76789.77,4,22000.0,0,590,0.4799,1
66678.54,2,19900.0,1,712,0.5874,0
98401.24,6,44500.0,4,596,0.4557,1
95570.39,10,15100.0,1,670,0.1951,0
58783.0,1,11200.0,1,641,0.4389,0
23553.7,2,7000.0,6,714,0.4945,0
52709.05,5,20300.0,3,633,0.3545,0
59220.58,6,34600.0,2,623,0.2941,0
70073.86,3,30000.0,2,756,0.1641,0
39908.5,7,16300.0,4,697,0.4642,0
112139.13,8,33900.0,0,677,0.2634,0
60324.32,5,24100.0,2,531,0.5699,1
36088.39,6,17000.0,1,722,0.1802,0
46535.68,3,13900.0,6,640,0.3478,1
172939.73,1,82800.0,2,696,0.176,0
86284.72,2,41300.0,7,537,0.2127,1
106579.99,12,39300.0,3,696,0.1815,0
33763.21,8,11200.0,1,689,0.4837,0
40992.47,1,17700.0,3,658,0.6915,1
41159.82,1,10700.0,2,609,0.1927,0
66264.96,6,22700.0,0,762,0.4741,0
54409.77,18,16800.0,5,619,0.412,0
45742.27,4,23600.0,1,743,0.2358,0
49009.12,2,10800.0,1,754,0.2718,0
38687.84,7,11500.0,2,613,0.531,0
54235.36,9,28300.0,4,731,0.299,0
110444.52,6,59800.0,2,643,0.3165,0
26050.01,5,3400.0,2,723,0.198,0
72443.61,1,13800.0,7,605,0.3536,1
127906.01,7,45900.0,1,666,0.283,0
54135.59,6,19400.0,1,681,0.3193,0
44762.15,3,17800.0,2,673,0.4249,1
99541.24,1,14600.0,1,704,0.3368,0
34845.45,3,10100.0,3,614,0.2738,1
59131.54,4,6100.0,2,634,0.5931,1
33795.59,6,1000.0,0,729,0.1872,0
21406.38,7,1000.0,2,644,0.3233,0
55072.66,3,37300.0,3,638,0.3686,0
29885.62,3,1700.0,0,612,0.2039,0
59491.05,8,17200.0,1,640,0.4989,1
110554.77,5,29600.0,0,598,0.3025,1
166016.17,6,53800.0,5,730,0.1621,0
63034.73,3,15300.0,2,641,0.2871,1
104879.64,8,17800.0,1,594,0.3649,0
74565.22,2,33300.0,2,660,0.4864,1
48498.47,13,7500.0,2,570,0.3907,0
20772.25,1,12000.0,1,611,0.2119,0
146469.25,4,77600.0,0,777,0.3671,0
33623.95,1,11000.0,2,593,0.3516,0
128094.56,6,58300.0,2,664,0.315,0
80438.18,8,24700.0,1,840,0.6151,0
35003.14,6,6100.0,3,694,0.1232,0
71082.69,3,17000.0,3,637,0.2292,0
193513.22,1,110300.0,3,526,0.2678,1
139331.17,3,80100.0,1,688,0.44,0
45161.84,6,8800.0,3,617,0.1432,0
40473.82,2,4900.0,3,717,0.3589,0
63266.7,1,17400.0,1,624,0.3848,0
54664.37,3,10200.0,3,696,0.2446,0
115827.3,1,53500.0,0,783,0.4042,0
89928.84,5,13400.0,2,725,0.444,0
23606.26,4,8400.0,1,576,0.5076,1
77054.74,3,8200.0,2,682,0.4015,0
54257.69,14,10000.0,6,747,0.4232,0
61108.7,5,18700.0,2,561,0.4137,1
68659.77,0,6800.0,4,802,0.1866,0
115763.08,12,54600.0,1,686,0.1821,0
102517.23,4,16500.0,1,718,0.2417,0
39641.88,3,18200.0,3,649,0.2178,0
57974.78,4,19200.0,0,678,0.2747,0
46784.78,1,4200.0,6,608,0.4911,1
23741.62,3,7100.0,3,791,0.2566,0
56378.67,7,25500.0,1,809,0.1532,0
165150.91,3,37000.0,2,836,0.5589,0
23350.56,2,1700.0,2,543,0.3307,0
59086.99,2,26900.0,1,700,0.3563,0
58053.72,7,22500.0,1,707,0.2345,0
70140.42,5,31100.0,2,622,0.2582,0
35259.89,12,14500.0,0,703,0.2224,0
27342.27,11,11700.0,2,567,0.3385,0
28050.77,3,3700.0,2,785,0.246,0
124494.1,6,22600.0,3,560,0.591,1
34874.9,3,5200.0,2,694,0.4801,0
45489.68,2,18100.0,3,734,0.4104,0
190526.76,2,72200.0,2,630,0.4125,0
39980.99,2,12800.0,1,778,0.2321,0
72281.23,8,25400.0,2,538,0.3041,0
107483.91,2,25600.0,1,673,0.2074,0
104678.19,3,49900.0,5,549,0.2197,1
28785.67,5,16900.0,4,617,0.558,1
40443.3,4,14900.0,4,638,0.467,1
70707.02,4,27000.0,5,633,0.1793,0
172984.9,8,92200.0,3,770,0.406,0
39386.14,2,20700.0,2,587,0.1817,1
45638.77,2,6500.0,1,558,0.3132,0
75415.34,0,10200.0,4,643,0.2101,0
84188.37,6,22800.0,2,683,0.2828,0
87041.45,6,40400.0,2,713,0.4183,0
37590.41,8,15700.0,3,762,0.2133,0
44684.12,3,22600.0,1,514,0.3557,1
67408.45,4,36600.0,4,802,0.2994,0
119882.96,7,70500.0,4,614,0.2177,0
52513.93,3,18400.0,2,654,0.2743,0
59144.21,4,5300.0,2,677,0.356,0
34055.25,8,23300.0,1,512,0.423,1
166837.37,6,80800.0,2,643,0.1896,0
65175.87,3,33800.0,6,749,0.3965,0
108311.34,7,12500.0,3,722,0.3732,0
60866.82,4,17100.0,3,637,0.1986,0
62748.94,7,16200.0,3,691,0.3812,0
26234.49,5,6800.0,2,710,0.3078,0
18344.42,3,17200.0,3,656,0.501,1
119198.79,1,57400.0,1,712,0.1493,0
62500.64,7,15400.0,4,615,0.1621,0
67072.91,7,33200.0,3,604,0.6136,1
30122.28,9,11000.0,1,653,0.2515,0
36436.08,6,9600.0,4,494,0.3608,1
107394.7,3,22200.0,2,727,0.2905,0
155917.0,5,42900.0,3,681,0.5179,0
42544.22,4,6500.0,3,658,0.3821,0
86622.58,3,43200.0,2,735,0.2561,0
66470.51,1,32500.0,1,704,0.4378,0
56033.73,1,17400.0,1,755,0.2653,0
165806.62,7,59200.0,2,793,0.5863,0
46664.51,2,15500.0,0,700,0.3045,0
118467.26,3,49500.0,1,621,0.144,0
73849.37,1,18300.0,1,729,0.3624,0
59320.54,1,7300.0,0,621,0.4295,0
127339.17,2,44900.0,3,618,0.3681,0
70233.03,6,10600.0,2,653,0.3446,0
56781.44,7,18600.0,3,762,0.2534,0
127860.26,4,30800.0,2,731,0.47,0
119025.64,2,43400.0,3,741,0.5767,0
115969.19,10,39800.0,3,684,0.2175,0
18000.0,3,9100.0,4,718,0.1641,0
76274.74,10,23600.0,2,720,0.6317,0
67283.11,5,13500.0,3,623,0.2767,0
58737.0,8,15200.0,3,719,0.1729,0
83732.19,8,44100.0,2,675,0.3199,0
69099.74,0,38800.0,1,645,0.1087,0
86924.4,1,18900.0,1,648,0.3675,0
51669.4,3,14300.0,2,634,0.1727,0
136489.01,2,27300.0,3,654,0.3931,0
91896.6,5,46300.0,2,674,0.6356,1
80691.59,6,48400.0,2,725,0.106,0
78553.71,3,31800.0,1,788,0.3139,0
113153.97,2,23100.0,0,718,0.2492,0
105022.33,7,15500.0,2,684,0.2092,0
56273.3,3,12000.0,2,525,0.2578,1
103225.45,8,50400.0,3,850,0.272,0
65889.13,5,43400.0,3,622,0.2796,0
171838.39,5,67000.0,1,624,0.4593,0
109507.72,2,17100.0,6,770,0.3056,0
42442.9,6,11200.0,2,592,0.3043,0
215753.29,1,42500.0,1,703,0.1522,0
18842.65,6,10800.0,5,640,0.4486,1
85011.78,6,14100.0,1,656,0.1301,0
40825.57,6,21300.0,2,679,0.3336,1
168585.64,6,81800.0,1,585,0.5249,1
68805.8,7,12800.0,2,666,0.4368,0
38692.94,5,7000.0,2,752,0.2681,0
51711.11,1,7800.0,0,669,0.225,0
40430.42,5,14300.0,3,850,0.3106,0
50605.86,2,8600.0,1,682,0.5738,0
49973.28,1,15800.0,1,585,0.2515,0
39611.08,2,19300.0,0,636,0.2882,0
69462.0,2,31000.0,2,530,0.2978,0
74248.53,6,8500.0,4,756,0.09,0
34614.62,3,12800.0,0,795,0.5045,0
24051.49,7,7700.0,0,738,0.3399,0
71041.97,2,19800.0,1,612,0.3481,0
80222.26,3,22400.0,1,610,0.3037,0
89466.47,2,40800.0,3,730,0.2763,0
81076.3,0,27600.0,3,636,0.3608,0
142200.63,4,18600.0,3,610,0.31,0
103609.81,16,35700.0,2,602,0.2041,0
261425.73,1,41100.0,1,815,0.1696,0
329508.02,6,144600.0,1,640,0.3755,0
22766.46,7,8400.0,0,737,0.1901,0
18000.0,4,7800.0,2,716,0.2792,0
59631.23,1,28600.0,3,611,0.2937,1
79009.85,13,35400.0,1,678,0.5194,0
57426.62,6,30100.0,3,600,0.2873,0
88165.34,10,30700.0,1,784,0.2191,0
51604.64,1,24800.0,4,607,0.3645,1
40877.17,2,16900.0,4,702,0.5584,1
44418.44,1,8900.0,3,638,0.2418,0
53632.33,8,26900.0,2,606,0.1614,0
95218.72,1,22300.0,1,756,0.2974,0
45811.6,3,6000.0,3,636,0.1945,0
51075.86,3,31200.0,0,538,0.1521,0
81929.9,0,11700.0,3,707,0.1279,0
53672.82,6,22800.0,5,622,0.3008,0
110657.02,5,30800.0,3,687,0.2889,0
36108.07,2,16900.0,2,739,0.3776,0
32048.32,10,7700.0,4,702,0.3384,0
70795.16,1,32300.0,1,742,0.2299,0
74783.96,0,25700.0,2,578,0.559,1
37207.75,4,2400.0,3,765,0.3297,0
125364.09,2,72000.0,3,653,0.4652,1
172597.1,4,71400.0,3,568,0.3938,0
42390.53,8,16900.0,3,491,0.2056,0
135674.7,1,20400.0,2,652,0.2692,0
18000.0,8,4100.0,0,616,0.2667,0
108213.54,1,23900.0,1,617,0.3738,0
37355.31,3,2600.0,4,700,0.3638,0
102420.28,9,47100.0,2,804,0.4007,0
35288.0,6,10600.0,2,607,0.2817,0
57660.74,2,11500.0,4,682,0.4156,0
38347.19,5,19200.0,2,632,0.3358,1
53229.37,2,24600.0,1,601,0.2048,0
163809.3,3,69800.0,2,599,0.2523,0
56423.12,3,23000.0,2,798,0.395,0
191121.74,5,83800.0,2,676,0.1929,0
48426.53,4,31300.0,3,661,0.3057,0
136008.22,3,66700.0,1,624,0.3417,0
24486.3,3,11500.0,4,680,0.1026,0
51145.0,4,20100.0,4,627,0.3831,1
44584.41,4,10000.0,2,820,0.2187,0
139488.59,2,62800.0,1,694,0.5624,0
66296.13,5,32500.0,1,685,0.1889,0
18987.84,5,6600.0,3,684,0.4592,0
29127.23,5,9900.0,1,773,0.2096,0
34304.64,7,15600.0,3,673,0.2833,0
100080.25,2,51500.0,1,639,0.4857,1
93223.41,2,12400.0,2,687,0.5029,1
50755.76,9,7700.0,2,734,0.3658,0
44281.38,2,10500.0,4,764,0.1554,0
88788.6,3,16500.0,0,691,0.2323,0
32169.12,0,7500.0,2,692,0.1993,0
77012.11,1,45000.0,5,749,0.2193,1
73488.55,3,26600.0,3,470,0.19,0
51481.39,3,11700.0,0,682,0.6003,0
74512.55,3,25000.0,3,631,0.3939,1
63332.37,11,25000.0,2,679,0.3256,0
78714.35,0,36900.0,4,702,0.4064,1
28745.71,4,14200.0,0,768,0.3505,0
83949.95,3,41900.0,4,571,0.5852,1
105306.53,12,25300.0,4,621,0.3056,0
71433.58,7,12200.0,1,608,0.5008,0
83338.73,3,35000.0,2,629,0.4448,1
56361.66,9,8900.0,4,572,0.1596,0
97756.3,2,44200.0,5,835,0.3416,0
62061.8,7,16500.0,5,740,0.3402,0
31844.89,10,17500.0,2,617,0.2176,0
94006.47,4,37100.0,1,676,0.2752,0
24372.72,1,9700.0,1,642,0.3988,0
69949.5,0,33300.0,4,687,0.3364,1
48468.89,4,11200.0,2,617,0.3108,0
46794.96,7,13300.0,2,561,0.256,0
65814.39,18,35100.0,1,632,0.315,0
40533.8,9,13600.0,1,779,0.3228,0
79357.11,4,14300.0,1,564,0.4508,1
61774.02,1,15700.0,3,757,0.2847,0
42637.45,3,21000.0,0,717,0.5454,0
124991.22,11,19300.0,3,645,0.1768,0
67012.23,13,17400.0,1,731,0.326,0
84705.9,2,22200.0,3,691,0.334,0
130499.39,3,49200.0,1,515,0.1873,0
129326.85,10,27600.0,2,645,0.4051,0
82362.21,9,33900.0,6,647,0.3862,0
50692.74,2,18900.0,1,783,0.5041,0
27273.28,6,7300.0,1,645,0.341,0
67082.59,3,21600.0,5,659,0.1118,0
109318.55,8,25300.0,5,588,0.2794,0
72756.47,4,41500.0,1,670,0.4924,0
18000.0,3,2200.0,2,586,0.3973,0
96619.34,7,61500.0,5,756,0.3862,0
99939.93,4,10700.0,2,643,0.305,1
50732.79,7,30600.0,0,586,0.2926,0
103114.87,1,30000.0,4,767,0.1798,0
84573.9,2,42400.0,3,577,0.3705,0
41067.46,4,11600.0,2,694,0.45,0
120477.18,2,42700.0,0,563,0.3321,0
29818.6,3,19000.0,2,697,0.4646,0
58018.4,4,8700.0,4,755,0.1946,0
54920.87,2,19900.0,1,626,0.5736,1
38025.38,10,26900.0,4,587,0.0933,0
70762.65,2,5700.0,1,589,0.3047,1
123093.92,3,36200.0,2,671,0.182,0
118926.15,4,44600.0,2,820,0.4978,0
89144.62,4,16800.0,1,755,0.2317,0
23558.52,3,12500.0,1,763,0.1585,0
28716.47,7,7300.0,4,595,0.1033,0
65604.07,7,24100.0,1,757,0.2104,0
58757.3,2,7900.0,4,749,0.2549,0
45526.78,8,12900.0,4,698,0.1749,0
170745.22,2,90800.0,3,628,0.1751,0
63463.68,3,17100.0,1,748,0.0936,0
80686.54,4,33200.0,0,624,0.429,1
103088.35,1,56900.0,1,724,0.3475,0
61711.6,2,30400.0,2,646,0.2066,0
248969.13,1,94900.0,4,601,0.2914,0
35696.05,4,3300.0,1,645,0.3892,0
42901.44,1,11100.0,3,823,0.1624,0
35647.91,10,11600.0,3,588,0.3423,0
141416.12,3,25000.0,0,749,0.3543,0
93073.73,6,23700.0,2,738,0.161,0
44387.65,6,6000.0,1,661,0.5661,0
37229.92,2,1100.0,1,634,0.3464,0
128243.97,3,61800.0,1,581,0.4932,1
73052.11,3,41600.0,2,772,0.4038,0
130057.23,5,65800.0,1,586,0.3545,1
57925.78,17,34900.0,3,466,0.205,0
79327.84,4,45600.0,1,698,0.3259,0
70623.99,2,9800.0,4,574,0.2183,0
42477.88,5,26400.0,4,667,0.1057,0
55310.65,1,22100.0,4,574,0.2872,0
31214.35,2,13600.0,3,631,0.3453,1
78571.06,10,33700.0,1,680,0.1898,0
91006.55,3,46600.0,2,695,0.212,0
103216.98,2,19800.0,1,775,0.2505,0
86387.62,1,24100.0,2,675,0.2446,0
55797.5,4,22700.0,2,683,0.4852,0
140587.29,1,22900.0,5,657,0.1214,0
97808.78,8,16200.0,1,744,0.1645,0
128502.09,6,45800.0,1,590,0.439,0
133013.74,2,23300.0,1,642,0.594,1
55877.67,11,20400.0,1,675,0.5806,1
74112.07,3,22900.0,2,607,0.3201,1
91675.54,3,13300.0,2,780,0.2571,0
31823.87,2,6700.0,2,699,0.1731,0
32214.27,6,6200.0,3,583,0.4826,1
29301.05,1,11300.0,1,706,0.2857,0
56418.08,2,29500.0,0,773,0.3296,0
49845.11,2,22200.0,2,621,0.2292,1
27183.93,4,2400.0,3,777,0.2986,0
65000.29,1,18400.0,0,694,0.4217,0
56806.7,3,5200.0,5,690,0.3746,0
114717.99,8,67400.0,3,765,0.3089,0
181160.47,1,98100.0,4,690,0.228,0
76960.51,6,31600.0,3,704,0.2734,0
40816.97,7,10100.0,2,682,0.2508,0
85451.0,3,52500.0,1,543,0.3246,0
60181.28,0,25400.0,2,706,0.3007,0
52466.55,6,13000.0,1,694,0.4211,0
37276.54,8,10500.0,2,646,0.3086,0
46382.57,11,25400.0,4,484,0.2272,0
54296.49,4,19800.0,1,722,0.2344,0
93176.7,1,25300.0,5,610,0.2494,0
79305.6,6,14400.0,3,590,0.3869,1
163418.04,1,45400.0,1,583,0.451,1
86758.7,5,46300.0,3,528,0.4237,1
75611.39,6,37400.0,2,710,0.5117,0
50593.24,8,14900.0,1,850,0.1752,0
33839.88,3,16000.0,2,632,0.1805,1
43763.64,2,13900.0,1,737,0.2074,0
40745.01,4,15500.0,3,668,0.2475,0
18000.0,1,5600.0,3,696,0.562,0
34380.76,3,11600.0,5,670,0.1658,0
144526.1,2,65900.0,5,734,0.2085,0
73330.37,7,15500.0,3,584,0.2664,0
48674.56,9,23800.0,2,682,0.427,0
74545.42,5,30900.0,0,760,0.2512,0
20447.74,7,3300.0,4,728,0.3835,0
69923.27,4,40200.0,3,699,0.4579,0
120888.12,4,34700.0,1,682,0.476,0
56015.64,1,13100.0,3,648,0.3028,0
22593.23,5,9000.0,1,649,0.1578,0
47683.12,6,24200.0,1,559,0.411,1
121005.84,3,27800.0,1,713,0.1936,0
69026.54,3,39600.0,2,777,0.3565,0
27444.73,0,8100.0,4,697,0.5072,0
220178.98,3,44600.0,1,676,0.208,0
30043.61,7,23200.0,2,720,0.4427,0
52385.83,5,19800.0,1,516,0.2987,0
33841.32,3,10100.0,1,637,0.3479,0
33867.09,1,9000.0,1,669,0.6775,1
46691.48,2,16500.0,1,547,0.3191,1
84955.48,2,35300.0,1,687,0.3377,0
121758.19,1,51500.0,2,536,0.5641,1
48417.06,5,1900.0,1,727,0.2851,0
34352.19,3,9200.0,2,692,0.5149,0
77905.48,7,23500.0,4,661,0.501,0
79172.16,3,33000.0,1,732,0.2602,0
68337.02,12,25600.0,2,686,0.6233,1
69679.18,2,38800.0,2,711,0.3787,0
56279.66,8,34600.0,1,696,0.4158,0
63195.16,9,31100.0,2,610,0.449,0
54181.34,2,7700.0,2,793,0.6862,0
107864.82,3,13800.0,2,768,0.2484,0
203954.61,3,115000.0,3,707,0.5752,0
66092.41,2,30600.0,0,686,0.5712,1
59658.1,6,22100.0,3,731,0.2978,0
68921.52,6,21800.0,4,770,0.231,0
41695.27,2,12000.0,5,818,0.162,0
91193.43,2,42200.0,2,634,0.1487,0
76316.7,4,37100.0,2,753,0.2445,0
47512.18,3,20900.0,3,668,0.1412,0
98335.14,1,17300.0,5,554,0.4625,1
60502.77,6,29900.0,4,738,0.4246,0
35117.99,1,12500.0,2,785,0.1341,0
72648.09,2,31400.0,4,748,0.5328,0
68209.96,4,14000.0,4,662,0.3699,0
101542.22,6,29100.0,4,704,0.3078,0
94594.14,2,19500.0,3,727,0.4544,0
56383.14,3,24100.0,2,718,0.4228,0
46182.31,3,14600.0,2,767,0.134,0
59931.59,0,29000.0,1,746,0.3284,0
73117.27,3,20600.0,2,632,0.3118,0
78124.96,1,35300.0,3,677,0.1902,0
70670.02,4,35900.0,1,637,0.1971,0
56958.65,1,23900.0,3,687,0.2333,0
103595.52,2,18700.0,4,535,0.126,0
41321.32,3,15700.0,2,820,0.2961,0
234139.39,4,55700.0,0,617,0.3796,0
91097.78,3,17800.0,2,637,0.2381,0
32205.19,8,2100.0,1,681,0.2291,0
66295.42,4,34200.0,3,572,0.4378,1
91580.71,5,34100.0,2,650,0.4257,0
49406.98,3,16900.0,2,688,0.4036,0
26309.12,0,5000.0,0,799,0.1948,0
33810.1,1,5300.0,6,686,0.4146,0
80672.35,1,17400.0,5,645,0.3862,1
22810.15,3,10500.0,2,591,0.5555,1
26980.25,9,2400.0,2,835,0.1401,0
80439.38,4,38200.0,2,681,0.5548,0
52976.19,7,17500.0,0,681,0.311,0
40836.06,2,18700.0,2,572,0.4475,0
45610.69,4,25200.0,4,714,0.3442,0
26663.54,8,9600.0,1,631,0.1494,0
78155.01,7,18800.0,3,785,0.243,0
38422.6,2,5400.0,4,710,0.0877,0
44593.18,3,28300.0,2,684,0.5559,1
72455.79,7,24300.0,4,576,0.3417,1
51992.51,2,11500.0,1,668,0.2393,0
40637.26,3,7000.0,1,659,0.3329,0
20046.48,0,12100.0,3,684,0.2677,1
73283.02,6,35600.0,4,527,0.3123,0
62532.78,6,23600.0,0,607,0.2903,0
45045.88,0,17300.0,2,638,0.3902,0
33841.07,3,7600.0,3,713,0.2061,0
60295.9,7,11500.0,2,530,0.3343,0
77984.04,1,13300.0,0,779,0.4696,0
63181.54,4,29000.0,1,768,0.5513,0
147404.54,2,54600.0,0,600,0.501,1
88223.26,7,25300.0,1,850,0.2874,0
56443.44,0,27600.0,4,693,0.396,0
89864.06,0,28900.0,2,667,0.4009,0
61498.27,2,37700.0,1,720,0.2003,0
61381.02,4,11600.0,3,706,0.2127,0
122149.39,4,72800.0,2,684,0.7236,1
36536.54,1,15500.0,3,594,0.4242,0
60646.69,5,5400.0,1,642,0.2104,0
115190.26,6,50700.0,1,702,0.5619,0
70965.19,4,15900.0,2,738,0.3605,0
48874.98,7,16100.0,2,783,0.3715,0
23426.24,5,9700.0,1,641,0.5303,0
18000.0,2,5800.0,2,681,0.5869,0
187568.55,9,98200.0,4,625,0.1641,1
70946.51,10,17900.0,3,757,0.4735,0
43423.66,5,22300.0,2,652,0.2986,0
72562.34,2,32500.0,3,631,0.277,1
35552.98,7,7600.0,0,680,0.5415,0
49903.14,1,12700.0,2,550,0.1602,0
35684.9,2,13200.0,3,716,0.3756,0
27520.86,7,8800.0,0,652,0.2172,0
18812.15,2,1000.0,2,850,0.2229,0
24866.79,8,4900.0,3,629,0.4767,1
104999.23,2,53800.0,2,655,0.1989,0
34794.51,3,25300.0,1,751,0.469,0
80353.48,3,21000.0,1,734,0.2078,0
101331.85,6,19900.0,0,753,0.4466,0
60422.62,6,16100.0,0,654,0.4116,0
50806.93,3,20000.0,3,589,0.2432,1
64418.92,5,30400.0,1,850,0.1084,0
47612.89,4,7100.0,1,714,0.4497,0
116093.37,6,65600.0,3,692,0.3901,1
168062.91,5,37200.0,2,735,0.4216,0
132905.88,2,18800.0,2,577,0.1479,0
18336.34,8,5800.0,2,641,0.4381,0
47081.49,0,20600.0,5,597,0.2421,1
60011.26,3,10600.0,6,688,0.2407,0
77240.71,5,10200.0,2,572,0.2913,0
23155.25,3,6800.0,1,726,0.1948,0
22950.75,3,7800.0,1,764,0.4911,0
122851.84,3,29800.0,4,761,0.1109,0
44023.74,2,20800.0,0,708,0.6112,0
26421.32,8,13100.0,4,689,0.4642,0
32630.33,3,8200.0,2,644,0.3383,0
74217.93,3,32500.0,6,709,0.1985,1
38085.88,2,11600.0,2,667,0.4389,0
68384.0,5,16700.0,2,535,0.2477,0
34950.92,1,20300.0,0,629,0.4422,0
22941.21,11,10300.0,1,734,0.2643,0
131059.81,2,33300.0,2,591,0.3424,1
74533.54,3,12000.0,3,589,0.1449,0
49833.22,5,17900.0,2,660,0.2894,0
44947.53,7,18300.0,1,512,0.1363,0
134013.42,3,21400.0,3,730,0.4176,0
82895.95,2,8500.0,2,723,0.3329,0
112504.35,4,38000.0,0,746,0.4884,0
43432.75,2,14200.0,3,692,0.2952,0
61566.1,3,33100.0,3,611,0.0871,0
74698.06,9,11300.0,3,583,0.4317,0
44243.42,2,14400.0,0,716,0.3002,0
56809.41,0,37600.0,2,729,0.4587,0
43434.72,2,6200.0,1,591,0.4433,0
74569.18,1,40500.0,2,581,0.397,1
28947.33,5,19000.0,0,674,0.342,0
82008.94,2,17100.0,1,685,0.4938,0
71032.46,7,3400.0,1,745,0.1939,0
53539.79,3,9200.0,1,725,0.583,0
76667.6,1,42200.0,2,669,0.5759,1
48985.65,7,28000.0,1,753,0.3058,0
41416.23,2,7000.0,3,649,0.2921,0
80744.84,0,40900.0,0,652,0.2116,0
82690.31,5,15900.0,0,739,0.2005,0
45297.24,2,10900.0,0,747,0.1459,0
43209.74,5,18200.0,1,749,0.3911,0
54141.95,6,23600.0,5,662,0.23,0
44196.32,4,15400.0,2,680,0.1782,0
138526.3,2,24300.0,2,610,0.208,0
71257.95,7,43700.0,3,742,0.4801,0
60356.87,1,24600.0,1,631,0.1364,0
35846.5,5,12400.0,2,525,0.1469,0
89899.19,5,37300.0,0,642,0.5311,0
42771.07,4,19600.0,3,611,0.5087,1
41814.1,6,15100.0,2,472,0.5709,1
91577.24,4,39300.0,2,632,0.171,0
74089.38,5,29800.0,2,734,0.2412,0
18000.0,6,11700.0,0,706,0.1745,0
54897.66,4,27100.0,1,706,0.3685,0
64153.62,6,13500.0,2,782,0.4601,0
49673.26,8,12300.0,4,632,0.2334,0
65394.93,5,18000.0,3,589,0.2456,0
22129.61,6,6400.0,1,712,0.2301,0
18000.0,4,7900.0,2,702,0.2078,0
35013.62,8,1000.0,0,580,0.44,1
69929.01,4,39700.0,1,662,0.1374,0
18000.0,6,6700.0,4,715,0.1411,0
37648.55,1,6300.0,1,696,0.6378,0
20795.28,5,10700.0,5,730,0.4511,0
52394.49,4,20900.0,3,625,0.3753,1
175754.71,5,81200.0,2,569,0.3653,0
53132.99,6,11500.0,3,607,0.3328,0
56436.62,6,3600.0,6,740,0.3047,0
94994.76,5,18300.0,3,753,0.1388,0
60579.91,3,25000.0,1,662,0.4016,0
53196.85,10,12300.0,3,788,0.5703,0
99673.51,7,34800.0,4,663,0.2872,0
77616.7,3,3100.0,4,637,0.5196,1
70174.77,3,30600.0,3,569,0.3977,1
55474.07,0,28600.0,1,669,0.439,1
49496.86,1,7600.0,2,755,0.1634,0
99155.44,2,11400.0,4,770,0.3728,0
49758.95,3,14800.0,2,755,0.428,0
117852.5,8,18100.0,3,712,0.2011,0
33660.14,3,19600.0,2,795,0.3785,0
131739.42,1,11400.0,1,602,0.5076,1
77623.23,5,23300.0,1,764,0.4133,0
35147.4,5,19500.0,1,696,0.2838,1
79216.37,3,28500.0,3,691,0.2175,0
41870.36,7,9500.0,4,568,0.4129,1
60985.14,8,43700.0,1,701,0.1156,0
45814.46,0,9700.0,2,762,0.5387,0
55653.39,5,14200.0,2,515,0.6561,1
100487.33,0,42000.0,7,735,0.2312,1
79632.8,3,21000.0,3,504,0.1445,0
32242.77,13,3900.0,2,569,0.5693,1
33274.51,5,13500.0,4,668,0.3773,0
69489.2,2,23600.0,1,794,0.199,0
72312.55,6,19100.0,1,665,0.2434,0
41318.07,2,13300.0,3,710,0.2581,0
143662.71,4,78500.0,4,607,0.5223,1
93659.6,2,46200.0,4,660,0.4623,0
42443.67,3,24500.0,4,671,0.0951,1
40245.75,7,2600.0,0,797,0.4062,0
52823.04,10,12400.0,4,619,0.4668,0
49885.22,4,10800.0,1,626,0.4444,0
119477.89,6,50700.0,1,756,0.164,0
102897.4,2,13100.0,4,656,0.3735,0
61040.22,1,28100.0,3,683,0.2095,0
86929.09,4,27400.0,0,708,0.3249,0
94149.23,4,46800.0,2,627,0.282,1
61823.78,14,2000.0,2,521,0.1189,0
74715.31,3,13400.0,2,756,0.2706,1
83017.21,3,1300.0,2,684,0.5222,0
78290.63,5,42600.0,0,579,0.5294,1
39013.3,2,19500.0,2,733,0.2119,0
41243.95,2,10100.0,3,826,0.3135,0
51086.37,5,23900.0,2,764,0.15,0
40592.34,1,11700.0,2,831,0.144,0
26630.03,5,11100.0,2,583,0.2893,1
86835.74,3,36000.0,4,694,0.3968,0
72440.76,6,16300.0,1,702,0.3472,0
28662.6,8,8400.0,5,666,0.1322,0
52443.72,2,23000.0,5,650,0.2637,0
54102.89,3,18500.0,3,453,0.2329,1
66175.75,7,7500.0,4,802,0.5293,0
33022.44,4,5600.0,5,554,0.237,0
28432.93,10,10600.0,1,743,0.1797,0
79685.94,5,39900.0,4,676,0.3962,1
25753.37,8,3600.0,0,673,0.4317,0
52682.31,1,7000.0,1,660,0.3814,0
50043.98,2,15900.0,1,690,0.4561,0
55948.88,9,15200.0,5,723,0.1029,0
68802.45,2,21500.0,1,746,0.2562,0
144237.11,9,41900.0,1,666,0.446,0
24841.71,2,12600.0,1,585,0.4661,0
96966.41,1,36800.0,6,582,0.4273,1
18000.0,3,6600.0,1,753,0.2228,0
128867.64,1,33300.0,1,655,0.6607,1
19465.95,6,10100.0,2,598,0.3753,1
228665.85,0,112900.0,2,619,0.4295,1
48321.3,12,12300.0,2,668,0.5271,0
121748.25,4,62600.0,1,579,0.6007,1
108693.34,6,51600.0,1,673,0.1671,0
47095.42,6,5700.0,2,769,0.6073,0
49125.72,4,20800.0,1,666,0.4204,1
37781.04,5,13900.0,2,542,0.3111,1
92323.46,3,29800.0,3,740,0.2809,0
47433.9,6,26700.0,6,758,0.2427,0
38160.61,0,5700.0,3,762,0.4584,0
80458.9,10,23400.0,0,679,0.2698,0
36554.26,3,7200.0,0,850,0.4357,0
49964.09,7,25800.0,2,730,0.4137,0
63507.18,8,18400.0,0,850,0.2317,0
42052.07,3,13600.0,2,776,0.2652,0
45690.62,4,25900.0,2,765,0.2751,0
139279.89,3,38900.0,4,628,0.4822,1
53512.5,3,16300.0,5,604,0.1662,0
49129.02,2,11300.0,3,684,0.3051,0
54376.16,4,13200.0,2,661,0.3534,1
76876.09,3,7200.0,2,635,0.2099,1
33906.94,9,8700.0,3,665,0.6097,0
75732.94,4,25200.0,4,660,0.3067,1
68919.96,2,24300.0,2,627,0.399,1
22387.09,9,1000.0,4,724,0.2401,0
160627.06,8,48000.0,1,619,0.2242,0
133712.53,3,17400.0,3,672,0.5793,1
38549.19,4,16800.0,2,584,0.3384,1
32294.93,9,16400.0,2,683,0.3353,0
67875.36,7,7800.0,3,690,0.2671,0
27330.95,1,1900.0,2,603,0.3914,1
126798.64,2,29300.0,2,680,0.2842,0
46274.69,2,21500.0,5,668,0.1768,0
146092.29,3,67300.0,1,640,0.3304,1
38047.02,4,16000.0,3,641,0.5527,1
56290.94,5,7700.0,0,709,0.5299,0
120206.57,4,26200.0,4,677,0.1458,0
50122.15,8,29800.0,1,747,0.2312,0
69539.52,3,24500.0,2,597,0.0736,0
109202.84,8,15700.0,2,661,0.3285,0
44098.18,4,12800.0,1,629,0.1221,0
29912.85,4,14900.0,3,680,0.1605,0
26841.63,6,15000.0,4,695,0.1459,0
82527.6,6,19400.0,1,586,0.2897,0
74148.72,4,39000.0,2,719,0.4985,0
107356.97,2,31000.0,1,837,0.2906,0
51496.82,9,7600.0,0,688,0.3934,0
27257.79,4,6600.0,1,610,0.4861,0
18000.0,4,1000.0,0,653,0.3028,0
289925.54,15,55800.0,2,651,0.2465,0
80002.06,8,20900.0,2,625,0.373,0
64552.59,3,32900.0,0,729,0.2448,0
69790.41,4,34200.0,1,538,0.2013,0
27248.77,2,12600.0,1,695,0.3679,0
38670.04,1,6600.0,2,772,0.168,0
156190.48,3,63000.0,1,767,0.4101,0
85999.01,5,33900.0,1,752,0.1592,0
39340.95,2,15600.0,1,625,0.2923,0
30492.97,7,20400.0,2,784,0.2396,0
45087.86,2,30600.0,2,702,0.1512,0
50337.88,3,15400.0,3,782,0.1031,0
184800.16,6,79000.0,0,756,0.3916,0
53984.54,12,22300.0,1,699,0.2763,0
31124.37,9,10400.0,1,657,0.4368,1
57975.09,8,34400.0,0,850,0.3241,0
69243.61,4,18000.0,3,542,0.4343,1
29605.02,7,2300.0,0,662,0.5818,1
74696.69,3,16800.0,0,570,0.2244,0
116413.5,6,40000.0,3,684,0.42,0
64619.35,1,16100.0,1,702,0.373,0
38623.42,5,2200.0,3,627,0.3707,0
44762.29,1,10700.0,3,632,0.189,1
24043.99,8,12600.0,2,576,0.2054,0
55625.14,7,31700.0,2,709,0.1933,0
71035.07,10,20500.0,1,640,0.5487,0
36565.19,1,8500.0,0,707,0.5291,0
174004.26,15,35000.0,3,636,0.1921,0
92573.09,4,38100.0,2,694,0.4691,0
22336.39,8,7000.0,1,730,0.1697,0
22589.84,2,5700.0,4,711,0.1134,0
34849.25,5,14300.0,3,691,0.3799,0
142237.29,3,27900.0,3,667,0.4097,0
97734.21,7,31400.0,6,711,0.4115,0
146245.46,1,53600.0,1,630,0.3881,1
60211.29,2,24900.0,4,660,0.1911,0
53358.09,8,15200.0,0,701,0.3033,0
30147.88,2,12800.0,2,790,0.422,0
72571.4,4,43600.0,1,629,0.2105,0
53750.46,3,11300.0,0,609,0.2743,0
52624.14,5,6600.0,2,696,0.2758,0
145790.8,2,73700.0,2,766,0.1713,0
55854.75,9,20300.0,2,736,0.1295,0
124497.36,5,27800.0,2,677,0.3991,0
24998.2,9,15200.0,4,767,0.5093,0
262619.56,7,39600.0,4,539,0.1875,0
48761.74,5,9100.0,4,751,0.3994,0
88340.26,0,47500.0,1,651,0.4453,0
96418.18,6,18500.0,3,722,0.3266,0
45544.89,6,24600.0,1,751,0.5098,0
93945.17,9,21100.0,1,690,0.303,0
96669.36,4,47500.0,3,680,0.3334,1
40447.92,0,10300.0,2,646,0.1979,0
40712.27,4,15600.0,2,802,0.2987,0
61384.88,6,6600.0,3,701,0.2728,0
56189.11,4,11600.0,1,692,0.3946,0
128826.47,3,33500.0,0,788,0.575,0
88121.12,7,9200.0,5,637,0.1413,0
57599.38,0,21900.0,4,656,0.2276,0
83561.89,4,34600.0,1,745,0.1967,0
19425.48,3,8300.0,0,808,0.3631,1
42683.98,2,22800.0,2,678,0.4103,0
70143.72,5,12000.0,2,704,0.3517,0
110575.19,10,38000.0,4,556,0.4769,1
66827.71,2,40000.0,1,771,0.4549,0
133523.32,6,39000.0,2,594,0.4134,0
96506.62,5,28000.0,2,635,0.3955,1
45771.59,1,17200.0,2,689,0.661,0
55435.93,5,31900.0,3,626,0.593,1
74954.15,3,36200.0,1,530,0.3583,1
46781.84,2,10400.0,2,582,0.63,1
138997.27,2,18800.0,2,682,0.3945,0
32539.19,16,4300.0,1,787,0.3388,0
71243.48,1,31000.0,3,781,0.4827,0
89724.2,8,41300.0,2,704,0.4716,1
50392.83,3,19300.0,2,687,0.3111,0
44518.51,2,26100.0,0,735,0.4427,0
57420.42,3,18900.0,2,774,0.4339,0
93582.55,8,37900.0,4,684,0.4077,1
45482.53,9,10400.0,0,686,0.2104,0
33259.42,2,22500.0,1,690,0.4977,0
112737.98,5,57500.0,3,751,0.3661,0
74578.91,5,15100.0,1,572,0.3529,0
104226.49,3,29300.0,3,676,0.3266,0
90910.65,6,5400.0,1,705,0.2842,0
198578.37,6,121000.0,3,533,0.1423,0
110551.26,2,64900.0,4,744,0.4069,0
40205.39,1,23800.0,1,756,0.1871,0
77547.61,1,31500.0,0,529,0.4308,1
44063.24,3,17300.0,1,644,0.4562,0
46640.78,3,4600.0,4,646,0.2391,0
27532.57,7,5300.0,2,608,0.3739,0
51156.14,4,12900.0,3,619,0.403,0
80802.96,3,26200.0,3,636,0.2645,0
57739.0,1,25900.0,2,721,0.3012,0
32707.1,8,5300.0,3,769,0.2584,0
25908.84,2,4600.0,2,716,0.3426,0
191284.14,9,99300.0,3,606,0.4503,1
71599.15,3,21200.0,2,734,0.4282,0
38054.02,1,13300.0,2,720,0.3318,0
77186.58,4,30200.0,4,455,0.2534,1
199596.35,2,48500.0,3,768,0.3854,0
84225.61,3,44800.0,1,685,0.1571,0
18000.0,4,9700.0,3,688,0.1629,0
257496.25,6,36500.0,3,544,0.3717,1
21653.33,12,12300.0,2,796,0.2863,0
53460.24,2,25700.0,4,700,0.0858,0
32100.52,4,20000.0,4,733,0.189,0
39854.83,1,7000.0,1,576,0.2916,0
70012.24,6,15200.0,3,713,0.1635,0
19166.84,4,16200.0,1,715,0.1786,0
56974.83,1,17300.0,0,663,0.3969,0
112537.11,5,24800.0,5,578,0.2845,1
37654.88,2,14400.0,2,670,0.2476,0
27871.03,3,18000.0,1,603,0.1693,0
55458.05,10,8600.0,0,623,0.5335,1
49707.55,1,26000.0,3,762,0.5458,0
43158.07,6,17000.0,2,682,0.2362,0
31145.02,2,16200.0,4,669,0.5353,1
79662.28,1,28800.0,4,587,0.1694,0
83066.35,2,32800.0,3,672,0.1239,0
33319.37,1,11800.0,1,664,0.4314,1
35954.53,14,4000.0,5,601,0.5185,0
64541.94,1,39200.0,2,756,0.2467,0
35216.34,1,11600.0,6,753,0.2233,0
66056.39,0,28900.0,0,617,0.2221,0
134245.51,2,66100.0,1,705,0.3148,0
57936.19,4,14400.0,1,536,0.5353,1
30715.14,4,1300.0,0,699,0.2979,0
74284.45,5,38700.0,1,734,0.4925,0
54300.56,5,13900.0,3,591,0.3201,1
55128.03,7,5800.0,1,676,0.6787,0
77763.51,10,10700.0,1,685,0.1549,0
87559.21,6,5800.0,1,850,0.523,0
61054.74,4,16300.0,1,850,0.3247,0
57908.87,2,14900.0,1,699,0.3065,0
186269.13,4,89300.0,2,625,0.1728,0
115879.33,6,42200.0,2,693,0.3258,0
94698.21,3,21900.0,2,759,0.5578,0
64354.57,6,29500.0,2,549,0.3512,1
34435.43,5,18400.0,2,518,0.4372,1
111308.68,2,59200.0,1,589,0.4046,0
64819.5,2,14300.0,6,732,0.6493,0
43588.87,8,25400.0,5,737,0.3047,0
52379.61,0,7800.0,2,708,0.4403,0
35192.9,0,7900.0,5,758,0.5668,0
107101.36,1,51100.0,2,661,0.2185,0
87174.78,14,34000.0,1,655,0.4766,0
66164.4,5,8500.0,2,704,0.693,0
58481.63,2,16100.0,6,803,0.081,0
41176.88,5,26700.0,2,706,0.3797,0
18554.36,2,2500.0,0,668,0.3044,0
27526.11,4,3400.0,0,705,0.3473,0
39796.93,2,7500.0,2,782,0.4368,0
36639.0,5,13000.0,4,648,0.4609,0
70203.14,3,23600.0,4,641,0.2017,0
93556.57,2,40300.0,2,639,0.2281,0
55790.47,4,17000.0,1,736,0.3679,0
129949.91,3,62500.0,2,617,0.2841,0
38925.55,3,16800.0,1,723,0.3225,0
55573.1,1,21800.0,5,565,0.3688,0
58218.42,5,32200.0,3,656,0.1593,0
109174.47,17,54500.0,4,671,0.4118,0
63464.62,4,25300.0,2,809,0.1952,0
64438.26,3,38300.0,4,748,0.2312,0
24096.85,3,8400.0,2,648,0.3713,0
36499.41,8,13400.0,4,636,0.4755,1
109400.83,0,48600.0,4,624,0.268,0
19121.37,4,3200.0,2,591,0.4784,1
125322.53,3,66500.0,4,796,0.3435,0
78811.6,3,26100.0,1,618,0.2998,0
39690.35,4,7200.0,4,804,0.3075,0
37887.37,1,8200.0,5,682,0.3669,1
169867.74,2,60000.0,2,669,0.1517,0
130127.91,1,16900.0,3,682,0.1687,0
56067.27,5,27800.0,1,766,0.2341,0
64474.52,0,14400.0,2,611,0.2071,0
41965.38,4,18200.0,2,713,0.3914,0
64481.34,2,22500.0,0,672,0.2374,0
41330.37,1,1800.0,1,705,0.1933,0
57342.73,4,27000.0,0,660,0.4454,1
162053.4,3,44600.0,4,648,0.2411,0
56806.85,4,24200.0,5,714,0.3474,0
33643.93,2,5700.0,2,571,0.1458,0
28240.02,5,18700.0,2,780,0.7963,0
64210.03,3,11800.0,0,683,0.1485,0
39399.47,6,18800.0,1,634,0.337,0
68571.46,1,22500.0,4,703,0.5904,0
24569.8,2,9500.0,1,623,0.4074,1
87521.31,2,53100.0,2,681,0.3996,0
33419.98,5,3400.0,1,681,0.2694,0
61418.32,7,24300.0,3,769,0.2779,0
49708.6,4,23800.0,1,696,0.298,0
154062.54,3,84500.0,1,591,0.4861,1
65796.31,6,32400.0,1,719,0.4455,0
174557.52,3,74100.0,3,729,0.2831,0
81504.08,10,49400.0,4,554,0.4122,1
131133.77,2,47400.0,3,586,0.5914,1
53378.38,0,22000.0,1,826,0.286,0
72404.71,1,22200.0,3,650,0.3843,1
117038.0,3,42400.0,4,652,0.3152,0
98491.74,13,19400.0,2,672,0.3062,0
80181.36,2,11200.0,3,627,0.2386,1
49992.88,10,14800.0,0,542,0.2606,0
54867.31,4,30200.0,1,591,0.3422,1
111939.53,1,60800.0,2,627,0.5075,1
125523.87,3,68500.0,3,637,0.0894,0
43214.25,7,14400.0,0,617,0.385,0
39772.56,3,14100.0,2,563,0.1845,0
36414.65,2,20900.0,1,633,0.2354,1
94498.13,3,55700.0,1,759,0.3347,0
35910.63,8,5800.0,3,625,0.2034,0
93871.48,16,26500.0,3,661,0.3054,0
80832.12,6,15100.0,1,783,0.1846,0
44364.7,11,17100.0,1,623,0.1524,0
141509.57,6,85100.0,3,850,0.1482,0
26789.29,6,18500.0,2,742,0.1597,0
149155.24,5,48900.0,1,681,0.2846,0
71352.47,5,22600.0,0,656,0.4242,0
19141.11,2,10200.0,1,776,0.175,0
143707.29,4,45700.0,2,623,0.1809,0
102203.06,6,10400.0,0,643,0.1897,0
47310.31,5,16900.0,2,796,0.2892,0
35221.21,1,17000.0,1,647,0.1367,0
25260.91,8,1400.0,2,640,0.2297,0
226046.36,6,50300.0,1,625,0.3746,1
36031.18,7,19500.0,2,530,0.5721,1
29882.44,1,8000.0,3,751,0.3357,0
69380.11,1,38300.0,6,672,0.3418,1
24322.54,3,5100.0,1,755,0.3596,0
34896.73,5,10500.0,2,662,0.5774,1
103490.29,9,55700.0,1,643,0.3634,0
77289.69,4,39900.0,3,625,0.4957,0
48411.69,12,23800.0,3,726,0.2805,0
60480.04,2,7200.0,0,615,0.1862,0
46940.74,5,4300.0,3,704,0.5368,0
57866.92,0,19600.0,0,678,0.3518,0
39379.62,7,13000.0,1,597,0.5972,1
43515.32,9,19600.0,4,641,0.1984,0
42792.88,5,10600.0,5,676,0.2739,0
40166.02,1,8900.0,4,652,0.124,0
106313.87,4,60300.0,0,817,0.3386,0
91451.55,2,15500.0,1,693,0.5137,0
35853.63,3,1000.0,1,660,0.2775,0
31041.6,4,10700.0,1,648,0.3253,0
54912.59,1,23700.0,1,658,0.3762,0
195909.52,4,113300.0,3,629,0.6151,1
34021.98,3,7400.0,2,613,0.5197,1
54793.49,5,11500.0,3,720,0.1311,0
62868.23,5,24600.0,3,790,0.194,0
56401.26,1,2200.0,3,641,0.1315,0
46536.14,3,7600.0,2,707,0.4611,0
113017.05,3,37300.0,1,625,0.1944,0
76876.25,4,46500.0,2,683,0.2107,0
95338.87,8,45900.0,4,577,0.3975,1
82797.98,2,35500.0,0,611,0.4263,1
97897.04,3,56900.0,1,608,0.463,1
143117.78,5,37900.0,2,664,0.6249,1
124501.64,4,57500.0,1,587,0.4322,1
215053.51,7,66200.0,0,507,0.2033,0
116954.2,5,36700.0,2,572,0.5843,1
41431.81,3,4800.0,1,662,0.3532,0
95417.91,4,10700.0,3,616,0.6601,0
88498.36,8,37400.0,0,632,0.3473,0
172157.01,1,78200.0,2,695,0.2271,0
35174.01,1,9600.0,3,613,0.3494,1
81379.05,2,33900.0,2,669,0.5565,1
41167.78,3,14700.0,0,835,0.4038,0
79371.91,3,38000.0,3,646,0.572,1
53204.03,8,28900.0,4,660,0.2074,0
77941.03,2,9200.0,1,704,0.6085,0
27565.33,1,6000.0,0,614,0.2644,0
92621.31,8,22700.0,1,631,0.5838,1
67059.31,2,29100.0,3,668,0.4239,0
65101.71,6,35400.0,3,690,0.5802,0
175014.76,7,46500.0,1,605,0.4184,1
48515.28,4,18900.0,3,717,0.3011,0
72275.9,4,37300.0,4,791,0.1512,0
63268.88,2,38500.0,0,532,0.287,1
66764.15,2,41700.0,3,704,0.5387,1
203209.38,7,113500.0,3,668,0.5692,0
62012.66,5,18200.0,5,653,0.3868,0
43826.6,7,17600.0,6,699,0.486,0
167543.21,2,29700.0,3,778,0.3133,0
50552.68,8,19400.0,3,694,0.2973,0
24764.14,10,12100.0,3,747,0.3831,0
39836.38,1,12100.0,3,672,0.201,1
30163.17,1,21900.0,3,702,0.3931,0
22248.26,6,5900.0,0,634,0.3748,0
49037.56,4,16600.0,1,678,0.3795,0
57605.95,3,23900.0,3,655,0.1525,0
114610.0,7,24500.0,2,683,0.3265,0
84640.73,2,19000.0,1,551,0.4498,1
82545.82,2,16000.0,1,591,0.127,0
36634.09,1,19600.0,2,764,0.4167,0
97412.84,7,29300.0,1,780,0.2398,0
128692.11,1,40200.0,0,545,0.2233,0
74385.33,7,36700.0,2,632,0.3034,0
75537.51,5,38400.0,0,619,0.4527,1
29864.31,7,13600.0,2,694,0.4025,0
106931.07,1,45500.0,2,669,0.4802,0
159445.4,3,25000.0,1,726,0.4728,0
71512.23,2,7200.0,2,574,0.1496,0
43178.74,9,10100.0,2,701,0.2463,0
54770.27,4,12800.0,5,650,0.3291,0
47513.47,2,8700.0,2,620,0.1994,0
49106.79,2,11200.0,2,708,0.5748,0
85510.18,4,28100.0,1,656,0.368,0
69822.06,2,18600.0,3,667,0.1214,0
104001.97,3,63200.0,2,775,0.3548,0
73423.29,3,31200.0,3,680,0.7062,1
37225.59,13,6300.0,3,821,0.1447,0
45461.42,4,18400.0,2,500,0.0937,0
43933.72,2,18800.0,2,674,0.7444,1
54037.93,4,30600.0,1,592,0.1799,0
160667.54,2,54400.0,1,605,0.3265,1
175464.98,9,23100.0,2,626,0.2534,0
94857.46,6,54400.0,1,744,0.4739,1
63915.69,1,18800.0,1,645,0.1171,0
28313.42,6,13700.0,2,589,0.1961,0
67575.76,4,19600.0,3,724,0.2753,0
38773.64,5,20400.0,2,586,0.331,0
146794.22,8,66500.0,2,800,0.2524,0
24751.51,2,8300.0,2,578,0.1826,0
73973.81,3,27100.0,2,653,0.5109,1
37018.33,5,1000.0,1,819,0.2407,0
59561.62,7,33700.0,5,651,0.5675,1
86364.98,6,32100.0,4,707,0.5464,1
105038.56,3,29200.0,1,667,0.1647,0
57908.55,7,16200.0,4,675,0.6174,1
91004.94,3,20500.0,0,614,0.3379,0
41591.1,3,19700.0,3,709,0.3361,0
68531.32,0,20500.0,2,775,0.2858,0
103903.11,1,46300.0,1,529,0.3436,0
71872.91,3,18300.0,4,606,0.3337,1
44750.64,1,1800.0,1,634,0.6579,1
51355.47,1,11900.0,2,608,0.3394,0
104674.5,2,54600.0,2,723,0.4278,0
32842.72,10,8800.0,1,630,0.2201,0
35618.72,1,1000.0,2,681,0.2281,0
83355.83,1,25100.0,3,787,0.3623,0
47026.71,7,7400.0,1,540,0.1974,0
26925.2,5,14500.0,7,699,0.1848,0
125863.12,3,39000.0,0,666,0.3167,1
32702.93,6,5300.0,4,666,0.4141,0
53654.12,4,28100.0,3,607,0.2419,1
42585.27,0,19000.0,1,646,0.3925,1
50831.63,2,20600.0,2,674,0.4223,0
36807.59,14,9500.0,0,661,0.2764,0
88685.67,4,43900.0,1,727,0.2576,0
63637.17,8,18100.0,3,593,0.2059,0
102848.21,8,50100.0,3,570,0.3504,0
42828.43,6,24600.0,1,525,0.6052,1
193525.0,4,79500.0,3,686,0.3071,0
21003.47,2,10700.0,3,732,0.1407,0
25038.65,1,5300.0,2,587,0.4564,1
157030.71,8,67800.0,2,580,0.4584,0
77708.73,5,22600.0,2,817,0.4895,0
72240.95,5,15900.0,0,771,0.2573,0
75902.24,6,16800.0,1,775,0.1005,0
81974.54,3,23100.0,7,701,0.2972,0
70606.13,7,36000.0,3,728,0.2272,0
35198.28,4,9800.0,5,653,0.3255,0
93901.82,3,44700.0,3,568,0.161,1
86109.33,5,40100.0,3,572,0.3824,1
131352.15,7,31300.0,1,675,0.3563,0
157997.2,3,68300.0,4,744,0.2994,0
71808.77,14,18900.0,1,662,0.234,0
30480.67,1,9200.0,1,721,0.3399,0
158718.52,5,61600.0,0,668,0.1626,0
34201.25,2,18100.0,1,698,0.1139,0
72105.12,4,11700.0,5,733,0.2372,0
51989.46,6,29600.0,2,775,0.5829,0
47247.55,28,4400.0,1,696,0.4658,0
91159.42,1,44400.0,3,820,0.1525,0
68490.67,1,34700.0,4,658,0.4701,0
79402.32,6,44700.0,1,774,0.2286,0
38229.87,7,25100.0,2,719,0.6267,0
54407.58,3,7500.0,1,538,0.1971,0
39212.69,1,8600.0,3,781,0.5019,0
53664.7,6,13800.0,3,606,0.4373,1
56088.2,2,30500.0,5,656,0.264,0
165110.02,9,86800.0,2,740,0.4609,0
51913.61,5,13800.0,3,619,0.3452,0
18600.08,6,3300.0,2,670,0.2604,0
128965.52,8,78400.0,5,724,0.2524,0
76656.73,12,15800.0,3,613,0.5172,1
55711.63,2,25700.0,3,657,0.3712,1
47076.61,3,3400.0,5,648,0.3797,0
35567.62,9,8800.0,2,747,0.2843,0
173846.23,4,58200.0,1,793,0.6184,0
61606.01,2,17100.0,2,592,0.2158,0
23022.72,4,2900.0,1,681,0.1753,0
71700.79,12,5800.0,1,636,0.2796,0
116237.92,4,63400.0,2,677,0.4916,0
65253.77,6,10000.0,3,808,0.5595,0
36465.56,3,13000.0,3,703,0.2525,0
34714.37,1,19800.0,3,633,0.111,0
36151.53,7,8700.0,2,572,0.3519,0
138262.85,3,83500.0,0,750,0.2477,0
57560.09,8,19300.0,4,641,0.2767,0
23782.41,6,1200.0,1,617,0.2474,0
73959.55,5,15600.0,5,698,0.489,0
64703.48,9,32800.0,2,718,0.5068,0
46775.16,3,22300.0,2,647,0.4433,0
34158.83,7,7800.0,5,604,0.3609,0
33351.49,4,6900.0,1,778,0.311,0
108841.57,3,16500.0,2,726,0.4147,0
68605.78,5,14800.0,4,749,0.4883,0
77905.67,3,13800.0,2,648,0.1765,0
68501.94,3,9900.0,1,613,0.3875,0
71698.76,4,39800.0,5,635,0.282,1
46276.19,9,19500.0,2,561,0.4499,1
53465.61,10,14200.0,2,650,0.2856,0
113629.85,1,13800.0,5,624,0.129,0
130356.02,3,32900.0,0,669,0.2952,0
30572.29,6,11700.0,1,679,0.3484,0
53394.21,2,32200.0,0,682,0.2554,0
94997.6,3,33000.0,1,631,0.2112,1
168576.32,4,64400.0,5,586,0.515,1
159544.44,6,20600.0,2,567,0.3394,0
38651.2,5,16200.0,5,690,0.4075,0
120725.59,10,29400.0,2,685,0.2526,0
61836.55,4,16100.0,3,571,0.4669,1
106343.44,5,62600.0,1,782,0.63,0
92369.61,4,53500.0,4,738,0.3208,0
29876.27,5,11800.0,2,598,0.4213,0
81022.78,3,29200.0,0,695,0.1365,0
104102.69,5,41000.0,6,665,0.1335,0
59214.08,2,16700.0,4,695,0.5574,0
52288.2,9,11700.0,5,688,0.3715,0
25224.85,4,16500.0,3,725,0.2804,0
87202.62,11,40900.0,3,786,0.2232,0
67158.56,9,32300.0,2,697,0.3689,0
36054.93,5,7600.0,1,715,0.2126,0
50050.51,7,21300.0,0,785,0.49,0
65184.49,6,20100.0,1,635,0.3149,0
44035.45,1,14700.0,1,605,0.4514,1
59962.37,5,30300.0,3,725,0.4243,1
22868.99,5,8500.0,0,583,0.3529,0
125766.45,4,71600.0,0,614,0.3384,0
60400.35,6,25600.0,3,788,0.7605,0
32707.37,5,6500.0,4,546,0.1361,0
18000.0,5,14400.0,1,698,0.4647,0
105453.38,11,62400.0,2,567,0.5205,1
81385.33,4,25400.0,1,706,0.2539,0
67230.15,7,18800.0,4,812,0.6078,0
96279.09,4,15200.0,2,599,0.1995,0
96133.6,11,27300.0,0,517,0.4001,1
66632.05,6,28300.0,3,702,0.2083,0
52061.56,5,15300.0,4,628,0.1492,0
47599.24,3,4100.0,1,661,0.2786,0
75472.08,11,23500.0,2,702,0.182,0
129103.19,8,27900.0,1,717,0.4974,0
56579.57,2,14500.0,1,718,0.5024,0
134869.45,1,78700.0,2,673,0.2986,0
73514.2,3,45400.0,1,708,0.239,0
73819.64,2,44900.0,2,661,0.5472,1
224764.89,4,72900.0,2,650,0.2345,0
148594.0,7,25700.0,2,674,0.3768,0
150728.44,8,18900.0,0,718,0.1925,0
38611.77,1,18800.0,0,626,0.469,1
199925.56,1,44400.0,6,691,0.2506,0
57226.98,2,30300.0,3,641,0.3281,0
52832.4,5,14900.0,1,620,0.2923,0
18259.0,8,9500.0,2,754,0.2285,0
71643.66,4,39100.0,0,703,0.3137,0
32996.45,1,14800.0,2,704,0.5308,0
74947.23,5,13400.0,0,604,0.539,1
31607.17,3,25200.0,2,657,0.1582,0
160931.63,3,31600.0,3,720,0.4305,0
81094.12,5,14500.0,0,703,0.3984,0
209804.07,6,45700.0,3,850,0.6764,0
34109.69,8,20200.0,3,691,0.4447,0
140371.62,9,48100.0,4,625,0.1843,0
22214.67,7,2700.0,0,642,0.3252,0
67133.71,7,39700.0,3,611,0.2005,0
42302.75,1,13400.0,2,627,0.14,0
46799.32,6,19800.0,2,682,0.537,0
45067.97,4,12900.0,1,640,0.3358,0
36203.32,9,19500.0,1,775,0.2848,0
29946.61,3,12900.0,3,741,0.2562,0
46941.87,4,13500.0,1,740,0.2694,0
63819.6,3,32500.0,2,656,0.4439,0
113553.79,3,22700.0,2,744,0.264,0
70434.8,10,35400.0,2,752,0.1415,0
113731.66,3,29900.0,3,795,0.5365,0
26555.78,4,8800.0,2,634,0.1424,0
47186.68,3,20200.0,4,676,0.3087,1
88526.1,4,34800.0,2,619,0.2871,0
72312.69,5,12200.0,1,850,0.1264,0
37285.27,6,23600.0,3,660,0.4418,0
100081.28,4,46700.0,1,771,0.3181,0
44703.17,10,15300.0,3,687,0.479,0
39044.22,1,14000.0,2,741,0.3412,0
78262.3,3,15800.0,1,674,0.2536,0
60077.65,2,17000.0,0,744,0.2669,0
44909.21,2,17900.0,5,696,0.4556,0
44078.28,6,10300.0,0,803,0.2265,0
33243.41,2,15300.0,5,698,0.38,0
48162.62,0,11700.0,5,621,0.6223,1
109645.22,5,58300.0,1,714,0.3855,0
68494.09,10,18600.0,4,676,0.2512,0
101440.4,0,34400.0,4,601,0.6431,1
79525.87,6,24600.0,2,703,0.1387,0
42755.99,8,23400.0,1,629,0.2786,0
24172.53,3,6400.0,3,657,0.4261,0
35962.43,5,18800.0,1,678,0.2574,1
41391.06,0,13200.0,1,523,0.1226,0
39667.18,5,13900.0,5,643,0.2437,0
102699.34,6,39100.0,5,744,0.2281,0
102111.81,3,16300.0,2,661,0.1923,0
202103.21,3,111000.0,2,532,0.3212,1
39338.28,5,8700.0,5,669,0.4482,0
144148.11,4,22600.0,0,711,0.4158,0
143658.89,8,73200.0,1,653,0.1295,0
52693.9,4,12300.0,1,655,0.1685,0
77687.95,5,14100.0,6,642,0.2377,0
118468.61,3,16300.0,2,722,0.4816,0
57964.81,3,22900.0,3,613,0.4603,1
55546.99,7,26800.0,3,716,0.3555,0
42402.58,7,14800.0,1,655,0.2777,0
18000.0,1,6700.0,2,769,0.2065,0
62240.39,4,14700.0,1,639,0.6094,0
40520.85,6,15300.0,1,592,0.2288,0
33142.05,0,14600.0,3,721,0.2132,0
75523.97,4,20400.0,0,712,0.2168,0
26951.07,13,6700.0,3,706,0.1615,0
93278.41,2,24100.0,1,738,0.4318,0
78118.3,2,41600.0,1,600,0.4725,1
48045.02,4,13800.0,8,616,0.2885,1
57825.17,4,19600.0,2,774,0.4029,0
31112.92,3,1000.0,2,708,0.1948,0
90462.1,7,7400.0,2,641,0.1957,0
66373.31,1,9000.0,2,543,0.316,0
69148.9,2,19000.0,0,582,0.1922,0
78908.14,4,29800.0,1,603,0.2497,1
42052.39,8,3900.0,3,633,0.3751,0
25965.34,3,17900.0,3,698,0.3085,0
101369.25,2,44800.0,1,573,0.1923,0
87447.61,0,45800.0,3,635,0.1888,0
44602.83,2,30400.0,1,580,0.2901,1
74982.54,0,6600.0,4,643,0.1636,0
119597.28,2,44900.0,1,850,0.3983,0
112003.5,6,59300.0,3,764,0.3164,0
43892.23,5,14900.0,1,718,0.4551,0
26401.64,6,15000.0,1,636,0.3016,0
29013.94,1,9300.0,2,594,0.4064,1
50440.55,1,23800.0,1,668,0.4562,0
133823.15,5,23800.0,1,558,0.2441,0
40108.96,7,16700.0,0,724,0.3034,0
43131.97,4,12000.0,1,660,0.4369,0
42646.43,5,6300.0,3,673,0.2975,0
44691.92,4,22800.0,1,550,0.46,1
59505.57,3,33600.0,0,679,0.3246,1
29613.11,3,16400.0,1,657,0.2261,0
108705.53,7,21400.0,3,603,0.1647,0
55290.06,4,31300.0,2,692,0.5424,0
234104.77,7,68100.0,3,645,0.157,0
31399.15,4,16700.0,1,697,0.1743,0
143548.24,2,41800.0,2,721,0.3178,0
128700.07,6,62800.0,3,594,0.6208,1
47742.33,4,6200.0,1,683,0.2674,0
48180.84,8,14900.0,3,682,0.5139,0
36072.5,2,7900.0,4,768,0.2675,0
36300.91,0,5400.0,3,738,0.3209,0
59854.19,6,29500.0,2,649,0.5225,1
60559.57,9,27000.0,2,643,0.1266,0
24802.62,7,9200.0,0,686,0.1378,0
211383.21,10,73400.0,0,591,0.4746,0
51909.95,11,24300.0,1,602,0.2215,0
62074.26,3,13700.0,0,640,0.4914,0
42428.24,2,9500.0,2,496,0.2916,1
51696.47,0,25300.0,4,601,0.3212,1
49176.3,1,29100.0,0,650,0.4673,0
59777.72,6,28200.0,1,850,0.2004,0
59395.61,1,31500.0,1,627,0.6318,1
93216.17,5,37000.0,1,725,0.3451,0
67844.32,6,5600.0,1,660,0.3121,0
88199.42,4,12900.0,1,708,0.429,0
59551.93,3,31300.0,1,594,0.1931,0
67994.96,2,23200.0,0,559,0.0917,0
52432.5,10,21300.0,4,778,0.2044,0
103954.8,0,15700.0,4,575,0.3149,1
71499.26,2,26600.0,2,786,0.3804,0
54888.48,3,9300.0,2,647,0.1663,1
53995.15,3,7600.0,2,613,0.3603,0
56382.74,6,10900.0,2,636,0.4456,0
60885.12,4,23200.0,2,795,0.4725,0
58046.6,1,29500.0,1,623,0.3274,1
44030.47,7,25100.0,0,646,0.2442,0
91189.52,2,49700.0,2,748,0.5174,0
94413.73,5,39900.0,1,711,0.2696,0
159711.01,9,13300.0,2,831,0.2975,0
42959.09,2,24900.0,2,762,0.2699,0
86382.58,2,48500.0,1,623,0.1236,0
20951.69,3,2000.0,3,773,0.478,0
94463.96,4,40000.0,2,531,0.5305,1
26873.07,5,5900.0,6,733,0.4346,0
34843.36,6,13500.0,3,626,0.4669,0
71877.89,2,35500.0,1,720,0.3576,0
42538.96,4,19200.0,3,822,0.4466,0
39454.59,1,18100.0,0,550,0.374,1
45860.12,6,22700.0,2,744,0.2694,0
89437.41,8,43900.0,2,738,0.37,0
35843.24,3,11900.0,2,725,0.4286,0
58117.08,4,23400.0,1,601,0.2391,1
48617.51,9,15100.0,2,668,0.3917,0
93989.65,5,18600.0,4,603,0.3764,0
95449.92,2,59200.0,2,707,0.3858,1
21820.28,1,9100.0,0,577,0.5824,1
106383.97,2,41200.0,1,642,0.1552,0
42791.05,3,18300.0,1,722,0.3205,0
68183.69,7,8400.0,1,620,0.3433,0
35724.79,3,1000.0,3,645,0.4214,1
73432.66,1,33800.0,1,607,0.3059,1
243590.04,3,118500.0,1,694,0.4136,0
64211.72,3,31200.0,3,665,0.12,0
46494.24,2,7300.0,3,620,0.2683,0
52696.87,3,20000.0,2,628,0.3327,0
26689.71,4,16200.0,2,687,0.4774,1
132843.87,1,30300.0,3,596,0.593,1
71117.29,3,22800.0,1,672,0.2261,0
33627.72,15,22600.0,1,677,0.4124,0
34235.72,5,8900.0,2,687,0.3414,0
60379.52,7,36800.0,3,635,0.4156,1
99967.21,9,21100.0,1,720,0.4854,0
31791.54,10,13500.0,3,747,0.5597,0
110456.29,2,15800.0,7,724,0.5661,0
56931.36,1,25800.0,1,691,0.5488,1
35895.46,7,15900.0,2,568,0.2229,0
46294.12,3,4800.0,4,801,0.4211,0
156639.87,3,39500.0,3,679,0.598,0
27902.81,6,7300.0,2,698,0.3753,0
40032.98,4,12000.0,1,622,0.3942,0
101105.62,5,26600.0,2,659,0.1492,0
67443.9,5,27500.0,2,763,0.4588,0
38747.35,7,24900.0,2,734,0.3874,0
101786.86,5,48000.0,3,652,0.3666,0
104481.22,1,53300.0,2,790,0.2719,0
71844.9,1,12500.0,1,599,0.3146,0
42752.45,2,23400.0,2,549,0.3004,1
46533.72,5,34500.0,0,530,0.3461,1
70022.5,2,9300.0,3,735,0.3025,0
29098.42,2,3400.0,2,623,0.1361,0
124278.67,5,73000.0,1,664,0.3126,0
152529.76,2,26400.0,2,757,0.2413,0
52587.03,10,8500.0,8,700,0.1056,0
72828.12,3,38100.0,1,586,0.1972,0
114942.94,6,39600.0,3,797,0.4951,0
175528.81,3,68700.0,4,653,0.087,0
140975.27,1,77500.0,1,670,0.5132,1
23050.77,2,13200.0,1,622,0.2605,0
50334.47,4,12700.0,2,591,0.2063,0
78855.99,3,32200.0,2,692,0.4467,0
45623.6,9,25500.0,1,567,0.5829,1
159615.28,2,32800.0,0,669,0.1359,0
146701.67,3,47800.0,0,794,0.4554,0
38224.75,5,6800.0,0,731,0.4239,0
54758.07,11,5600.0,1,690,0.2038,0
39646.0,6,2200.0,2,593,0.0773,0
53781.21,5,30600.0,5,670,0.5677,1
52892.26,7,10700.0,3,615,0.3704,0
101198.77,8,29700.0,3,783,0.5075,0
36729.83,9,17200.0,1,639,0.2767,0
18000.0,6,9600.0,2,616,0.4237,0
24772.79,4,5900.0,1,659,0.5154,0
34010.82,2,13600.0,1,616,0.3134,0
41746.45,5,24100.0,1,693,0.3661,1
66366.38,10,14800.0,0,812,0.3243,0
33061.12,0,17000.0,1,676,0.2956,1
30757.67,8,14700.0,2,606,0.2149,0
35911.18,4,13100.0,0,663,0.5882,1
32415.45,7,8200.0,1,580,0.1753,0
44135.88,6,15500.0,1,850,0.4044,0
43109.21,4,16700.0,1,810,0.1871,0
87463.89,4,19700.0,3,769,0.4045,0
34743.88,6,15400.0,4,731,0.2065,0
49183.91,2,25800.0,3,663,0.3005,1
44366.39,4,9600.0,1,664,0.1819,0
93422.43,6,13700.0,2,658,0.5128,0
55003.19,7,19400.0,2,850,0.4674,0
106711.39,6,34700.0,6,661,0.3074,1
31767.42,3,13500.0,2,633,0.2729,1
58270.33,4,10100.0,1,667,0.1998,0
43619.52,1,18900.0,4,714,0.5791,0
30505.88,8,13700.0,0,414,0.4199,1
57691.72,5,10800.0,2,704,0.3163,0
155299.42,4,24900.0,5,484,0.6469,1
37455.17,4,6000.0,3,785,0.1495,0
55820.68,4,5200.0,3,546,0.3969,1
29093.57,7,8000.0,2,615,0.2727,0
26833.99,4,5600.0,1,531,0.2483,1
38832.44,2,9100.0,2,810,0.3433,0
46747.19,2,17500.0,3,674,0.5382,1
47902.8,1,6700.0,4,842,0.2665,0
52875.02,10,4800.0,3,824,0.3587,0
24183.29,4,9400.0,4,769,0.3862,0
42435.03,11,8900.0,3,570,0.199,0
78902.42,5,38300.0,1,687,0.3847,1
28366.53,3,10300.0,2,777,0.4373,0
49250.26,4,26500.0,2,704,0.1992,0
70337.76,5,32500.0,0,647,0.2613,0
38939.06,2,19500.0,4,701,0.3334,0
72246.45,1,32300.0,3,709,0.1497,0
25935.83,8,1600.0,1,564,0.2785,0
97601.41,3,46400.0,2,632,0.2709,0
73217.55,11,31700.0,1,724,0.3364,0
61735.6,6,8700.0,2,741,0.4882,0
111151.56,3,12200.0,2,693,0.2385,0
49954.01,13,25400.0,2,644,0.2004,0
42624.27,8,18100.0,6,661,0.3737,0
127376.09,1,73400.0,2,618,0.4793,1
164789.01,2,24900.0,1,667,0.247,0
40888.71,0,8100.0,0,739,0.1221,0
56243.24,3,19700.0,4,850,0.268,0
106380.06,12,28700.0,3,585,0.4309,0
57355.28,1,6700.0,1,770,0.1757,0
83035.51,5,33400.0,0,704,0.4107,0
91970.39,15,19000.0,2,555,0.3259,0
43946.69,4,8900.0,3,668,0.477,0
75402.9,5,39100.0,1,661,0.5553,1
59670.56,3,40400.0,1,675,0.3722,0
30660.25,2,13000.0,0,754,0.5051,0
34741.53,7,16400.0,1,823,0.3612,0
41821.7,7,11700.0,4,772,0.1512,0
